<?xml version='1.0' encoding='utf-8' standalone='yes'?>
<Gesture Name ='10_1_2' Subject = 'test'  Speed = 'MEDIUM' NumPts = '65' InputType='finger' >

<Stroke index = '4' >
<Point X='481' Y='12' T='0' />
<Point X='479' Y='12' T='35' />
<Point X='479' Y='12' T='48' />
<Point X='478' Y='12' T='56' />
<Point X='477' Y='13' T='75' />
<Point X='476' Y='17' T='82' />
<Point X='475' Y='23' T='90' />
<Point X='474' Y='31' T='103' />
<Point X='472' Y='41' T='118' />
<Point X='468' Y='63' T='143' />
<Point X='457' Y='107' T='170' />
<Point X='452' Y='124' T='179' />
<Point X='447' Y='141' T='196' />
<Point X='442' Y='161' T='211' />
<Point X='419' Y='234' T='236' />
</Stroke>
<Stroke index = '1' >
<Point X='1' Y='565' T='30' />
<Point X='1' Y='565' T='37' />
<Point X='0' Y='565' T='50' />
<Point X='0' Y='565' T='58' />
<Point X='0' Y='565' T='77' />
<Point X='0' Y='565' T='92' />
<Point X='3' Y='565' T='105' />
<Point X='7' Y='564' T='120' />
<Point X='16' Y='560' T='146' />
<Point X='37' Y='554' T='173' />
<Point X='47' Y='552' T='181' />
<Point X='55' Y='550' T='198' />
<Point X='68' Y='548' T='213' />
<Point X='112' Y='539' T='239' />
</Stroke>
<Stroke index = '5' >
<Point X='562' Y='111' T='25' />
<Point X='561' Y='111' T='49' />
<Point X='560' Y='112' T='57' />
<Point X='558' Y='117' T='76' />
<Point X='555' Y='124' T='83' />
<Point X='552' Y='133' T='91' />
<Point X='549' Y='144' T='103' />
<Point X='546' Y='152' T='119' />
<Point X='535' Y='180' T='144' />
<Point X='517' Y='232' T='172' />
<Point X='511' Y='253' T='180' />
<Point X='503' Y='275' T='197' />
<Point X='493' Y='297' T='212' />
<Point X='470' Y='348' T='238' />
</Stroke>
<Stroke index = '2' >
<Point X='115' Y='88' T='42' />
<Point X='115' Y='88' T='58' />
<Point X='114' Y='89' T='78' />
<Point X='114' Y='94' T='84' />
<Point X='115' Y='102' T='92' />
<Point X='115' Y='110' T='108' />
<Point X='117' Y='120' T='121' />
<Point X='123' Y='141' T='146' />
<Point X='135' Y='182' T='175' />
<Point X='138' Y='198' T='181' />
<Point X='142' Y='215' T='199' />
<Point X='145' Y='234' T='214' />
<Point X='156' Y='295' T='241' />
<Point X='159' Y='317' T='261' />
</Stroke>
<Stroke index = '3' >
<Point X='291' Y='0' T='110' />
<Point X='291' Y='1' T='122' />
<Point X='291' Y='22' T='147' />
<Point X='293' Y='72' T='176' />
<Point X='293' Y='90' T='181' />
<Point X='293' Y='109' T='200' />
<Point X='292' Y='131' T='215' />
<Point X='288' Y='209' T='243' />
</Stroke>

</Gesture>
