<?xml version='1.0' encoding='utf-8' standalone='yes'?>
<Gesture Name ='10_1_1' Subject = 'test'  Speed = 'MEDIUM' NumPts = '57' InputType='finger' >

<Stroke index = '5' >
<Point X='563' Y='110' T='0' />
<Point X='563' Y='110' T='16' />
<Point X='562' Y='110' T='27' />
<Point X='562' Y='112' T='37' />
<Point X='561' Y='117' T='46' />
<Point X='560' Y='125' T='60' />
<Point X='559' Y='134' T='72' />
<Point X='557' Y='146' T='81' />
<Point X='555' Y='156' T='94' />
<Point X='551' Y='170' T='104' />
<Point X='547' Y='181' T='114' />
<Point X='542' Y='196' T='137' />
<Point X='525' Y='243' T='164' />
</Stroke>
<Stroke index = '4' >
<Point X='459' Y='11' T='-7' />
<Point X='459' Y='11' T='24' />
<Point X='459' Y='11' T='36' />
<Point X='459' Y='14' T='45' />
<Point X='459' Y='20' T='58' />
<Point X='460' Y='28' T='69' />
<Point X='460' Y='39' T='79' />
<Point X='460' Y='48' T='93' />
<Point X='460' Y='62' T='103' />
<Point X='459' Y='73' T='112' />
<Point X='457' Y='87' T='135' />
<Point X='449' Y='135' T='163' />
<Point X='435' Y='199' T='203' />
</Stroke>
<Stroke index = '2' >
<Point X='106' Y='99' T='30' />
<Point X='106' Y='99' T='39' />
<Point X='106' Y='100' T='47' />
<Point X='108' Y='105' T='61' />
<Point X='112' Y='113' T='73' />
<Point X='116' Y='122' T='83' />
<Point X='120' Y='132' T='96' />
<Point X='125' Y='144' T='105' />
<Point X='129' Y='156' T='115' />
<Point X='134' Y='170' T='137' />
<Point X='147' Y='214' T='165' />
<Point X='164' Y='272' T='207' />
</Stroke>
<Stroke index = '1' >
<Point X='0' Y='589' T='33' />
<Point X='0' Y='588' T='48' />
<Point X='0' Y='588' T='63' />
<Point X='1' Y='587' T='74' />
<Point X='4' Y='585' T='85' />
<Point X='9' Y='583' T='97' />
<Point X='14' Y='581' T='106' />
<Point X='19' Y='578' T='117' />
<Point X='26' Y='576' T='138' />
<Point X='51' Y='568' T='167' />
<Point X='94' Y='558' T='207' />
</Stroke>
<Stroke index = '3' >
<Point X='286' Y='0' T='76' />
<Point X='286' Y='1' T='86' />
<Point X='286' Y='9' T='98' />
<Point X='286' Y='23' T='106' />
<Point X='287' Y='40' T='118' />
<Point X='288' Y='56' T='140' />
<Point X='291' Y='108' T='167' />
<Point X='294' Y='173' T='209' />
</Stroke>

</Gesture>
