<?xml version='1.0' encoding='utf-8' standalone='yes'?>
<Gesture Name ='10_1_15' Subject = 'test'  Speed = 'MEDIUM' NumPts = '71' InputType='finger' >

<Stroke index = '3' >
<Point X='283' Y='0' T='223' />
<Point X='282' Y='0' T='231' />
<Point X='282' Y='4' T='246' />
<Point X='280' Y='12' T='257' />
<Point X='279' Y='22' T='271' />
<Point X='275' Y='42' T='293' />
<Point X='273' Y='54' T='301' />
<Point X='272' Y='65' T='317' />
<Point X='271' Y='83' T='326' />
<Point X='269' Y='122' T='343' />
</Stroke>
<Stroke index = '2' >
<Point X='104' Y='107' T='173' />
<Point X='104' Y='108' T='212' />
<Point X='106' Y='112' T='221' />
<Point X='109' Y='118' T='230' />
<Point X='112' Y='124' T='245' />
<Point X='116' Y='131' T='256' />
<Point X='120' Y='139' T='270' />
<Point X='126' Y='156' T='293' />
<Point X='130' Y='166' T='300' />
<Point X='134' Y='178' T='316' />
<Point X='138' Y='191' T='326' />
<Point X='146' Y='227' T='342' />
<Point X='150' Y='247' T='361' />
</Stroke>
<Stroke index = '1' >
<Point X='0' Y='557' T='162' />
<Point X='0' Y='556' T='184' />
<Point X='0' Y='556' T='192' />
<Point X='2' Y='554' T='211' />
<Point X='7' Y='550' T='219' />
<Point X='12' Y='545' T='229' />
<Point X='17' Y='540' T='244' />
<Point X='23' Y='532' T='255' />
<Point X='30' Y='525' T='269' />
<Point X='44' Y='509' T='292' />
<Point X='54' Y='499' T='299' />
<Point X='62' Y='491' T='315' />
<Point X='75' Y='481' T='324' />
<Point X='105' Y='459' T='341' />
</Stroke>
<Stroke index = '5' >
<Point X='552' Y='140' T='152' />
<Point X='552' Y='141' T='171' />
<Point X='552' Y='142' T='183' />
<Point X='553' Y='144' T='192' />
<Point X='553' Y='148' T='210' />
<Point X='553' Y='156' T='219' />
<Point X='551' Y='162' T='227' />
<Point X='549' Y='168' T='243' />
<Point X='545' Y='178' T='254' />
<Point X='542' Y='186' T='268' />
<Point X='534' Y='203' T='291' />
<Point X='530' Y='209' T='298' />
<Point X='522' Y='220' T='314' />
<Point X='516' Y='228' T='324' />
</Stroke>
<Stroke index = '4' >
<Point X='475' Y='18' T='0' />
<Point X='468' Y='24' T='122' />
<Point X='468' Y='25' T='132' />
<Point X='467' Y='26' T='148' />
<Point X='467' Y='27' T='159' />
<Point X='467' Y='28' T='169' />
<Point X='467' Y='29' T='181' />
<Point X='467' Y='30' T='190' />
<Point X='466' Y='32' T='208' />
<Point X='465' Y='34' T='217' />
<Point X='464' Y='38' T='226' />
<Point X='462' Y='43' T='241' />
<Point X='459' Y='51' T='252' />
<Point X='456' Y='57' T='267' />
<Point X='449' Y='74' T='290' />
<Point X='444' Y='82' T='297' />
<Point X='437' Y='96' T='313' />
<Point X='432' Y='108' T='322' />
<Point X='415' Y='144' T='339' />
<Point X='407' Y='166' T='357' />
</Stroke>

</Gesture>
