<?xml version='1.0' encoding='utf-8' standalone='yes'?>
<Gesture Name ='10_1_12' Subject = 'test'  Speed = 'MEDIUM' NumPts = '60' InputType='finger' >

<Stroke index = '4' >
<Point X='468' Y='9' T='0' />
<Point X='468' Y='9' T='14' />
<Point X='468' Y='9' T='20' />
<Point X='468' Y='9' T='29' />
<Point X='468' Y='10' T='54' />
<Point X='468' Y='11' T='63' />
<Point X='468' Y='11' T='75' />
<Point X='468' Y='13' T='95' />
<Point X='467' Y='17' T='101' />
<Point X='465' Y='22' T='113' />
<Point X='463' Y='28' T='125' />
<Point X='457' Y='43' T='144' />
<Point X='452' Y='53' T='160' />
<Point X='447' Y='63' T='175' />
<Point X='440' Y='79' T='182' />
</Stroke>
<Stroke index = '5' >
<Point X='620' Y='120' T='5' />
<Point X='620' Y='120' T='15' />
<Point X='620' Y='120' T='22' />
<Point X='619' Y='121' T='31' />
<Point X='618' Y='122' T='55' />
<Point X='615' Y='124' T='63' />
<Point X='607' Y='127' T='76' />
<Point X='600' Y='131' T='96' />
<Point X='594' Y='137' T='103' />
<Point X='584' Y='144' T='114' />
<Point X='577' Y='148' T='126' />
<Point X='559' Y='164' T='145' />
<Point X='552' Y='171' T='160' />
<Point X='539' Y='184' T='176' />
<Point X='525' Y='198' T='183' />
</Stroke>
<Stroke index = '1' >
<Point X='0' Y='540' T='34' />
<Point X='1' Y='538' T='57' />
<Point X='5' Y='532' T='64' />
<Point X='9' Y='523' T='76' />
<Point X='13' Y='515' T='97' />
<Point X='18' Y='506' T='104' />
<Point X='25' Y='497' T='114' />
<Point X='32' Y='488' T='126' />
<Point X='48' Y='470' T='146' />
<Point X='56' Y='462' T='162' />
<Point X='67' Y='453' T='176' />
<Point X='77' Y='445' T='184' />
</Stroke>
<Stroke index = '2' >
<Point X='95' Y='107' T='35' />
<Point X='95' Y='107' T='65' />
<Point X='95' Y='107' T='76' />
<Point X='97' Y='110' T='98' />
<Point X='100' Y='115' T='104' />
<Point X='104' Y='120' T='116' />
<Point X='109' Y='127' T='128' />
<Point X='117' Y='142' T='148' />
<Point X='123' Y='153' T='162' />
<Point X='127' Y='165' T='177' />
<Point X='133' Y='181' T='185' />
</Stroke>
<Stroke index = '3' >
<Point X='268' Y='0' T='110' />
<Point X='268' Y='1' T='117' />
<Point X='267' Y='5' T='128' />
<Point X='265' Y='26' T='149' />
<Point X='263' Y='38' T='163' />
<Point X='262' Y='53' T='178' />
<Point X='260' Y='70' T='185' />
</Stroke>

</Gesture>
