<?xml version='1.0' encoding='utf-8' standalone='yes'?>
<Gesture Name ='10_1_9' Subject = 'test'  Speed = 'MEDIUM' NumPts = '34' InputType='finger' >

<Stroke index = '4' >
<Point X='499' Y='51' T='0' />
<Point X='499' Y='50' T='41' />
<Point X='499' Y='51' T='65' />
<Point X='499' Y='53' T='78' />
<Point X='500' Y='58' T='89' />
<Point X='501' Y='73' T='110' />
<Point X='499' Y='105' T='143' />
<Point X='484' Y='155' T='177' />
</Stroke>
<Stroke index = '2' >
<Point X='187' Y='78' T='30' />
<Point X='187' Y='78' T='60' />
<Point X='187' Y='78' T='68' />
<Point X='187' Y='82' T='79' />
<Point X='187' Y='88' T='90' />
<Point X='189' Y='103' T='111' />
<Point X='193' Y='137' T='143' />
<Point X='195' Y='184' T='179' />
</Stroke>
<Stroke index = '1' >
<Point X='0' Y='514' T='32' />
<Point X='0' Y='514' T='72' />
<Point X='0' Y='515' T='80' />
<Point X='2' Y='517' T='90' />
<Point X='8' Y='521' T='111' />
<Point X='25' Y='526' T='145' />
<Point X='52' Y='520' T='180' />
</Stroke>
<Stroke index = '5' >
<Point X='590' Y='162' T='75' />
<Point X='590' Y='162' T='82' />
<Point X='588' Y='164' T='91' />
<Point X='578' Y='182' T='112' />
<Point X='560' Y='220' T='146' />
<Point X='534' Y='269' T='181' />
</Stroke>
<Stroke index = '3' >
<Point X='352' Y='0' T='84' />
<Point X='351' Y='0' T='95' />
<Point X='349' Y='12' T='112' />
<Point X='346' Y='52' T='146' />
<Point X='343' Y='104' T='181' />
</Stroke>

</Gesture>
