<?xml version='1.0' encoding='utf-8' standalone='yes'?>
<Gesture Name ='10_1_10' Subject = 'test'  Speed = 'MEDIUM' NumPts = '51' InputType='finger' >

<Stroke index = '3' >
<Point X='338' Y='0' T='80' />
<Point X='338' Y='1' T='93' />
<Point X='332' Y='32' T='124' />
<Point X='330' Y='48' T='144' />
<Point X='327' Y='79' T='160' />
<Point X='326' Y='95' T='176' />
<Point X='323' Y='134' T='192' />
</Stroke>
<Stroke index = '5' >
<Point X='621' Y='139' T='20' />
<Point X='621' Y='140' T='40' />
<Point X='621' Y='143' T='54' />
<Point X='620' Y='150' T='63' />
<Point X='617' Y='156' T='77' />
<Point X='610' Y='166' T='91' />
<Point X='592' Y='195' T='123' />
<Point X='583' Y='209' T='141' />
<Point X='565' Y='236' T='158' />
<Point X='558' Y='250' T='174' />
<Point X='538' Y='288' T='191' />
</Stroke>
<Stroke index = '1' >
<Point X='0' Y='512' T='16' />
<Point X='0' Y='512' T='39' />
<Point X='0' Y='511' T='54' />
<Point X='0' Y='511' T='63' />
<Point X='3' Y='509' T='76' />
<Point X='9' Y='506' T='91' />
<Point X='32' Y='494' T='122' />
<Point X='40' Y='489' T='140' />
<Point X='65' Y='479' T='158' />
<Point X='79' Y='473' T='173' />
<Point X='114' Y='461' T='190' />
</Stroke>
<Stroke index = '2' >
<Point X='148' Y='86' T='24' />
<Point X='148' Y='86' T='31' />
<Point X='148' Y='86' T='56' />
<Point X='148' Y='88' T='64' />
<Point X='150' Y='94' T='78' />
<Point X='153' Y='102' T='92' />
<Point X='162' Y='133' T='124' />
<Point X='166' Y='151' T='143' />
<Point X='174' Y='179' T='160' />
<Point X='178' Y='194' T='175' />
<Point X='187' Y='234' T='191' />
</Stroke>
<Stroke index = '4' >
<Point X='501' Y='41' T='0' />
<Point X='501' Y='39' T='29' />
<Point X='500' Y='40' T='52' />
<Point X='500' Y='42' T='61' />
<Point X='499' Y='47' T='75' />
<Point X='498' Y='53' T='90' />
<Point X='493' Y='85' T='122' />
<Point X='491' Y='95' T='136' />
<Point X='480' Y='125' T='156' />
<Point X='474' Y='144' T='172' />
<Point X='460' Y='184' T='189' />
</Stroke>

</Gesture>
