<?xml version='1.0' encoding='utf-8' standalone='yes'?>
<Gesture Name ='10_1_8' Subject = 'test'  Speed = 'MEDIUM' NumPts = '63' InputType='finger' >

<Stroke index = '4' >
<Point X='496' Y='58' T='0' />
<Point X='496' Y='57' T='22' />
<Point X='496' Y='57' T='34' />
<Point X='495' Y='58' T='42' />
<Point X='495' Y='59' T='58' />
<Point X='494' Y='71' T='78' />
<Point X='493' Y='79' T='88' />
<Point X='492' Y='88' T='101' />
<Point X='490' Y='98' T='113' />
<Point X='489' Y='106' T='128' />
<Point X='485' Y='119' T='139' />
<Point X='481' Y='129' T='148' />
<Point X='476' Y='144' T='163' />
<Point X='463' Y='179' T='179' />
</Stroke>
<Stroke index = '1' >
<Point X='0' Y='530' T='16' />
<Point X='0' Y='530' T='24' />
<Point X='0' Y='530' T='46' />
<Point X='2' Y='530' T='80' />
<Point X='6' Y='531' T='90' />
<Point X='12' Y='530' T='103' />
<Point X='17' Y='528' T='114' />
<Point X='25' Y='526' T='130' />
<Point X='33' Y='524' T='142' />
<Point X='42' Y='521' T='151' />
<Point X='54' Y='517' T='164' />
<Point X='81' Y='507' T='181' />
</Stroke>
<Stroke index = '5' >
<Point X='578' Y='156' T='12' />
<Point X='577' Y='157' T='35' />
<Point X='576' Y='162' T='45' />
<Point X='573' Y='167' T='59' />
<Point X='566' Y='184' T='80' />
<Point X='562' Y='194' T='89' />
<Point X='559' Y='203' T='102' />
<Point X='556' Y='211' T='114' />
<Point X='550' Y='225' T='129' />
<Point X='545' Y='234' T='141' />
<Point X='539' Y='249' T='150' />
<Point X='533' Y='265' T='163' />
<Point X='518' Y='300' T='180' />
</Stroke>
<Stroke index = '2' >
<Point X='158' Y='93' T='28' />
<Point X='158' Y='93' T='36' />
<Point X='158' Y='93' T='46' />
<Point X='158' Y='96' T='60' />
<Point X='159' Y='112' T='81' />
<Point X='160' Y='120' T='93' />
<Point X='161' Y='130' T='104' />
<Point X='162' Y='140' T='116' />
<Point X='164' Y='150' T='131' />
<Point X='166' Y='162' T='143' />
<Point X='168' Y='173' T='152' />
<Point X='171' Y='185' T='164' />
<Point X='177' Y='219' T='182' />
</Stroke>
<Stroke index = '3' >
<Point X='334' Y='0' T='53' />
<Point X='334' Y='1' T='61' />
<Point X='331' Y='14' T='81' />
<Point X='329' Y='25' T='93' />
<Point X='328' Y='34' T='106' />
<Point X='327' Y='45' T='117' />
<Point X='326' Y='56' T='131' />
<Point X='325' Y='68' T='144' />
<Point X='323' Y='80' T='153' />
<Point X='322' Y='96' T='165' />
<Point X='319' Y='129' T='183' />
</Stroke>

</Gesture>
