<?xml version='1.0' encoding='utf-8' standalone='yes'?>
<Gesture Name ='10_1_7' Subject = 'test'  Speed = 'MEDIUM' NumPts = '58' InputType='finger' >

<Stroke index = '4' >
<Point X='503' Y='53' T='0' />
<Point X='503' Y='53' T='22' />
<Point X='502' Y='53' T='32' />
<Point X='502' Y='53' T='42' />
<Point X='501' Y='55' T='53' />
<Point X='499' Y='59' T='62' />
<Point X='498' Y='64' T='76' />
<Point X='496' Y='73' T='87' />
<Point X='493' Y='81' T='100' />
<Point X='490' Y='92' T='118' />
<Point X='483' Y='116' T='133' />
<Point X='478' Y='129' T='150' />
<Point X='451' Y='192' T='178' />
</Stroke>
<Stroke index = '5' >
<Point X='581' Y='151' T='6' />
<Point X='581' Y='151' T='25' />
<Point X='580' Y='152' T='34' />
<Point X='578' Y='155' T='42' />
<Point X='576' Y='161' T='54' />
<Point X='574' Y='167' T='64' />
<Point X='571' Y='175' T='77' />
<Point X='566' Y='185' T='88' />
<Point X='562' Y='192' T='101' />
<Point X='555' Y='206' T='119' />
<Point X='545' Y='232' T='133' />
<Point X='537' Y='250' T='151' />
</Stroke>
<Stroke index = '2' >
<Point X='176' Y='90' T='10' />
<Point X='175' Y='90' T='26' />
<Point X='175' Y='90' T='34' />
<Point X='174' Y='91' T='43' />
<Point X='174' Y='94' T='55' />
<Point X='173' Y='101' T='65' />
<Point X='173' Y='110' T='78' />
<Point X='172' Y='120' T='89' />
<Point X='171' Y='131' T='102' />
<Point X='171' Y='144' T='120' />
<Point X='174' Y='167' T='134' />
<Point X='176' Y='183' T='152' />
<Point X='180' Y='238' T='181' />
</Stroke>
<Stroke index = '1' >
<Point X='0' Y='530' T='29' />
<Point X='0' Y='530' T='46' />
<Point X='2' Y='531' T='66' />
<Point X='7' Y='532' T='79' />
<Point X='12' Y='532' T='90' />
<Point X='19' Y='531' T='102' />
<Point X='27' Y='529' T='121' />
<Point X='48' Y='522' T='135' />
<Point X='58' Y='518' T='153' />
<Point X='100' Y='500' T='182' />
</Stroke>
<Stroke index = '3' >
<Point X='339' Y='0' T='49' />
<Point X='338' Y='0' T='56' />
<Point X='337' Y='3' T='66' />
<Point X='333' Y='13' T='82' />
<Point X='329' Y='22' T='90' />
<Point X='326' Y='34' T='102' />
<Point X='323' Y='45' T='121' />
<Point X='320' Y='72' T='135' />
<Point X='319' Y='86' T='154' />
<Point X='313' Y='148' T='183' />
</Stroke>

</Gesture>
