<?xml version='1.0' encoding='utf-8' standalone='yes'?>
<Gesture Name ='10_1_20' Subject = 'test'  Speed = 'MEDIUM' NumPts = '48' InputType='finger' >

<Stroke index = '3' >
<Point X='269' Y='0' T='108' />
<Point X='268' Y='0' T='120' />
<Point X='267' Y='3' T='127' />
<Point X='265' Y='9' T='145' />
<Point X='259' Y='31' T='158' />
<Point X='253' Y='59' T='190' />
<Point X='249' Y='78' T='206' />
</Stroke>
<Stroke index = '5' >
<Point X='586' Y='146' T='88' />
<Point X='586' Y='146' T='97' />
<Point X='585' Y='148' T='106' />
<Point X='582' Y='154' T='118' />
<Point X='579' Y='160' T='126' />
<Point X='576' Y='169' T='144' />
<Point X='564' Y='186' T='158' />
<Point X='543' Y='210' T='190' />
<Point X='528' Y='224' T='204' />
</Stroke>
<Stroke index = '2' >
<Point X='72' Y='138' T='86' />
<Point X='72' Y='138' T='96' />
<Point X='72' Y='138' T='104' />
<Point X='72' Y='139' T='117' />
<Point X='73' Y='143' T='126' />
<Point X='75' Y='151' T='142' />
<Point X='81' Y='171' T='158' />
<Point X='92' Y='199' T='189' />
<Point X='97' Y='216' T='203' />
</Stroke>
<Stroke index = '4' >
<Point X='484' Y='39' T='37' />
<Point X='483' Y='39' T='74' />
<Point X='483' Y='39' T='84' />
<Point X='482' Y='39' T='95' />
<Point X='481' Y='39' T='104' />
<Point X='480' Y='40' T='116' />
<Point X='478' Y='43' T='125' />
<Point X='473' Y='49' T='142' />
<Point X='461' Y='68' T='157' />
<Point X='440' Y='94' T='188' />
<Point X='430' Y='109' T='202' />
</Stroke>
<Stroke index = '1' >
<Point X='1' Y='599' T='0' />
<Point X='0' Y='597' T='44' />
<Point X='0' Y='596' T='72' />
<Point X='1' Y='595' T='82' />
<Point X='2' Y='594' T='93' />
<Point X='3' Y='592' T='102' />
<Point X='5' Y='591' T='113' />
<Point X='7' Y='588' T='124' />
<Point X='10' Y='586' T='140' />
<Point X='16' Y='578' T='156' />
<Point X='29' Y='565' T='187' />
<Point X='37' Y='557' T='201' />
</Stroke>

</Gesture>
