<?xml version='1.0' encoding='utf-8' standalone='yes'?>
<Gesture Name ='10_1_3' Subject = 'test'  Speed = 'MEDIUM' NumPts = '66' InputType='finger' >

<Stroke index = '3' >
<Point X='330' Y='0' T='137' />
<Point X='330' Y='0' T='142' />
<Point X='329' Y='24' T='171' />
<Point X='329' Y='39' T='183' />
<Point X='328' Y='57' T='194' />
<Point X='327' Y='75' T='206' />
<Point X='326' Y='94' T='220' />
<Point X='323' Y='134' T='239' />
</Stroke>
<Stroke index = '2' >
<Point X='145' Y='78' T='52' />
<Point X='145' Y='78' T='67' />
<Point X='145' Y='82' T='96' />
<Point X='148' Y='95' T='123' />
<Point X='150' Y='103' T='134' />
<Point X='152' Y='112' T='142' />
<Point X='159' Y='136' T='170' />
<Point X='161' Y='148' T='182' />
<Point X='164' Y='164' T='192' />
<Point X='166' Y='178' T='205' />
<Point X='169' Y='196' T='220' />
<Point X='175' Y='228' T='239' />
<Point X='178' Y='247' T='254' />
<Point X='180' Y='269' T='264' />
</Stroke>
<Stroke index = '5' >
<Point X='597' Y='111' T='27' />
<Point X='597' Y='112' T='65' />
<Point X='597' Y='115' T='82' />
<Point X='595' Y='122' T='95' />
<Point X='592' Y='136' T='120' />
<Point X='590' Y='142' T='131' />
<Point X='586' Y='153' T='140' />
<Point X='575' Y='178' T='168' />
<Point X='569' Y='188' T='180' />
<Point X='559' Y='206' T='191' />
<Point X='549' Y='224' T='203' />
<Point X='538' Y='244' T='219' />
<Point X='517' Y='286' T='236' />
</Stroke>
<Stroke index = '1' >
<Point X='2' Y='560' T='39' />
<Point X='1' Y='560' T='50' />
<Point X='1' Y='560' T='66' />
<Point X='0' Y='560' T='83' />
<Point X='0' Y='560' T='95' />
<Point X='1' Y='560' T='122' />
<Point X='5' Y='560' T='132' />
<Point X='9' Y='560' T='141' />
<Point X='20' Y='556' T='169' />
<Point X='29' Y='552' T='181' />
<Point X='37' Y='547' T='192' />
<Point X='47' Y='542' T='204' />
<Point X='57' Y='538' T='219' />
<Point X='80' Y='529' T='237' />
<Point X='93' Y='526' T='254' />
</Stroke>
<Stroke index = '4' >
<Point X='506' Y='25' T='0' />
<Point X='505' Y='22' T='37' />
<Point X='504' Y='21' T='49' />
<Point X='504' Y='20' T='63' />
<Point X='504' Y='20' T='80' />
<Point X='503' Y='21' T='93' />
<Point X='503' Y='31' T='119' />
<Point X='503' Y='37' T='130' />
<Point X='503' Y='47' T='140' />
<Point X='499' Y='67' T='166' />
<Point X='496' Y='79' T='179' />
<Point X='491' Y='95' T='190' />
<Point X='487' Y='109' T='201' />
<Point X='480' Y='127' T='218' />
<Point X='467' Y='162' T='234' />
<Point X='457' Y='183' T='251' />
</Stroke>

</Gesture>
