<?xml version='1.0' encoding='utf-8' standalone='yes'?>
<Gesture Name ='11_1_17' Subject = 'test'  Speed = 'MEDIUM' NumPts = '392' InputType='finger' >

<Stroke index = '2' >
<Point X='175' Y='61' T='186' />
<Point X='175' Y='62' T='217' />
<Point X='175' Y='63' T='229' />
<Point X='176' Y='66' T='239' />
<Point X='176' Y='69' T='252' />
<Point X='177' Y='71' T='268' />
<Point X='177' Y='74' T='281' />
<Point X='177' Y='78' T='289' />
<Point X='178' Y='87' T='317' />
<Point X='178' Y='91' T='326' />
<Point X='178' Y='95' T='336' />
<Point X='179' Y='105' T='368' />
<Point X='180' Y='115' T='379' />
<Point X='181' Y='125' T='406' />
<Point X='182' Y='131' T='419' />
<Point X='183' Y='136' T='432' />
<Point X='183' Y='141' T='444' />
<Point X='184' Y='147' T='451' />
<Point X='185' Y='152' T='467' />
<Point X='187' Y='162' T='485' />
<Point X='188' Y='167' T='505' />
<Point X='189' Y='177' T='516' />
<Point X='190' Y='182' T='538' />
<Point X='191' Y='186' T='547' />
<Point X='192' Y='191' T='556' />
<Point X='193' Y='196' T='571' />
<Point X='194' Y='210' T='603' />
<Point X='195' Y='214' T='617' />
<Point X='195' Y='219' T='631' />
<Point X='196' Y='224' T='642' />
<Point X='197' Y='234' T='656' />
<Point X='198' Y='239' T='674' />
<Point X='199' Y='244' T='686' />
<Point X='200' Y='249' T='698' />
<Point X='201' Y='254' T='707' />
<Point X='202' Y='259' T='719' />
<Point X='203' Y='264' T='731' />
<Point X='204' Y='269' T='741' />
<Point X='204' Y='274' T='753' />
<Point X='205' Y='279' T='762' />
<Point X='206' Y='283' T='773' />
<Point X='207' Y='287' T='780' />
<Point X='208' Y='295' T='804' />
<Point X='209' Y='298' T='814' />
<Point X='212' Y='306' T='856' />
<Point X='213' Y='309' T='866' />
<Point X='214' Y='311' T='870' />
<Point X='215' Y='314' T='888' />
<Point X='216' Y='317' T='899' />
<Point X='217' Y='319' T='906' />
<Point X='217' Y='321' T='921' />
<Point X='218' Y='323' T='933' />
<Point X='218' Y='325' T='941' />
<Point X='219' Y='327' T='953' />
<Point X='219' Y='329' T='963' />
<Point X='219' Y='331' T='972' />
<Point X='220' Y='334' T='989' />
<Point X='220' Y='337' T='996' />
<Point X='221' Y='339' T='1008' />
<Point X='221' Y='341' T='1022' />
<Point X='222' Y='343' T='1039' />
<Point X='223' Y='346' T='1056' />
<Point X='223' Y='348' T='1068' />
<Point X='224' Y='349' T='1079' />
<Point X='224' Y='351' T='1089' />
<Point X='225' Y='353' T='1104' />
<Point X='225' Y='355' T='1115' />
<Point X='225' Y='357' T='1124' />
<Point X='225' Y='358' T='1136' />
<Point X='225' Y='360' T='1147' />
<Point X='225' Y='361' T='1155' />
<Point X='225' Y='361' T='1168' />
<Point X='225' Y='362' T='1179' />
<Point X='225' Y='362' T='1189' />
<Point X='225' Y='363' T='1196' />
</Stroke>
<Stroke index = '4' >
<Point X='485' Y='67' T='157' />
<Point X='484' Y='67' T='184' />
<Point X='484' Y='68' T='206' />
<Point X='484' Y='71' T='215' />
<Point X='484' Y='73' T='227' />
<Point X='484' Y='75' T='239' />
<Point X='483' Y='77' T='251' />
<Point X='483' Y='79' T='267' />
<Point X='482' Y='83' T='280' />
<Point X='481' Y='87' T='289' />
<Point X='479' Y='94' T='317' />
<Point X='478' Y='98' T='325' />
<Point X='476' Y='102' T='334' />
<Point X='473' Y='111' T='368' />
<Point X='471' Y='119' T='378' />
<Point X='468' Y='129' T='404' />
<Point X='467' Y='133' T='418' />
<Point X='466' Y='138' T='430' />
<Point X='465' Y='142' T='443' />
<Point X='464' Y='147' T='450' />
<Point X='462' Y='152' T='467' />
<Point X='460' Y='160' T='484' />
<Point X='458' Y='164' T='504' />
<Point X='454' Y='173' T='516' />
<Point X='453' Y='177' T='537' />
<Point X='451' Y='180' T='546' />
<Point X='450' Y='184' T='554' />
<Point X='448' Y='188' T='570' />
<Point X='445' Y='200' T='603' />
<Point X='444' Y='203' T='616' />
<Point X='442' Y='207' T='629' />
<Point X='440' Y='211' T='641' />
<Point X='436' Y='220' T='656' />
<Point X='434' Y='224' T='673' />
<Point X='431' Y='228' T='685' />
<Point X='429' Y='232' T='696' />
<Point X='427' Y='237' T='706' />
<Point X='426' Y='241' T='718' />
<Point X='424' Y='245' T='729' />
<Point X='423' Y='248' T='739' />
<Point X='421' Y='252' T='751' />
<Point X='420' Y='256' T='760' />
<Point X='418' Y='259' T='772' />
<Point X='417' Y='262' T='779' />
<Point X='414' Y='266' T='803' />
<Point X='412' Y='269' T='814' />
<Point X='408' Y='277' T='855' />
<Point X='407' Y='280' T='866' />
<Point X='406' Y='282' T='869' />
<Point X='405' Y='284' T='887' />
<Point X='405' Y='286' T='897' />
<Point X='404' Y='288' T='904' />
<Point X='403' Y='290' T='919' />
<Point X='402' Y='292' T='931' />
<Point X='400' Y='295' T='940' />
<Point X='399' Y='298' T='952' />
<Point X='397' Y='301' T='962' />
<Point X='396' Y='303' T='972' />
<Point X='394' Y='305' T='987' />
<Point X='393' Y='307' T='996' />
<Point X='391' Y='309' T='1007' />
<Point X='390' Y='311' T='1021' />
<Point X='388' Y='313' T='1038' />
<Point X='386' Y='319' T='1054' />
<Point X='385' Y='321' T='1067' />
<Point X='384' Y='323' T='1079' />
<Point X='383' Y='325' T='1088' />
<Point X='382' Y='327' T='1103' />
<Point X='381' Y='329' T='1114' />
<Point X='380' Y='330' T='1122' />
<Point X='379' Y='331' T='1134' />
<Point X='378' Y='332' T='1146' />
<Point X='377' Y='333' T='1154' />
<Point X='376' Y='334' T='1167' />
<Point X='375' Y='335' T='1178' />
<Point X='374' Y='336' T='1188' />
<Point X='373' Y='337' T='1195' />
<Point X='373' Y='337' T='1208' />
</Stroke>
<Stroke index = '3' >
<Point X='343' Y='0' T='155' />
<Point X='342' Y='0' T='183' />
<Point X='342' Y='0' T='205' />
<Point X='341' Y='0' T='215' />
<Point X='341' Y='2' T='226' />
<Point X='341' Y='4' T='238' />
<Point X='340' Y='7' T='251' />
<Point X='340' Y='9' T='266' />
<Point X='340' Y='11' T='279' />
<Point X='340' Y='14' T='288' />
<Point X='339' Y='23' T='316' />
<Point X='339' Y='27' T='324' />
<Point X='338' Y='31' T='333' />
<Point X='338' Y='40' T='366' />
<Point X='338' Y='50' T='377' />
<Point X='337' Y='59' T='403' />
<Point X='337' Y='64' T='417' />
<Point X='337' Y='69' T='429' />
<Point X='337' Y='74' T='443' />
<Point X='337' Y='79' T='449' />
<Point X='337' Y='84' T='466' />
<Point X='336' Y='93' T='483' />
<Point X='336' Y='98' T='504' />
<Point X='336' Y='107' T='514' />
<Point X='335' Y='112' T='536' />
<Point X='335' Y='115' T='544' />
<Point X='334' Y='120' T='554' />
<Point X='334' Y='124' T='569' />
<Point X='332' Y='136' T='601' />
<Point X='332' Y='140' T='615' />
<Point X='331' Y='145' T='627' />
<Point X='330' Y='149' T='639' />
<Point X='329' Y='158' T='655' />
<Point X='328' Y='162' T='671' />
<Point X='328' Y='167' T='684' />
<Point X='327' Y='172' T='695' />
<Point X='327' Y='176' T='705' />
<Point X='326' Y='180' T='718' />
<Point X='325' Y='185' T='728' />
<Point X='324' Y='190' T='738' />
<Point X='324' Y='194' T='751' />
<Point X='323' Y='198' T='759' />
<Point X='322' Y='202' T='771' />
<Point X='321' Y='205' T='778' />
<Point X='319' Y='213' T='802' />
<Point X='318' Y='216' T='812' />
<Point X='316' Y='224' T='854' />
<Point X='315' Y='227' T='866' />
<Point X='314' Y='230' T='869' />
<Point X='313' Y='232' T='886' />
<Point X='312' Y='235' T='897' />
<Point X='311' Y='238' T='903' />
<Point X='311' Y='240' T='918' />
<Point X='310' Y='243' T='930' />
<Point X='309' Y='245' T='938' />
<Point X='308' Y='248' T='951' />
<Point X='308' Y='251' T='961' />
<Point X='307' Y='254' T='971' />
<Point X='306' Y='256' T='987' />
<Point X='306' Y='259' T='995' />
<Point X='305' Y='261' T='1005' />
<Point X='305' Y='264' T='1020' />
<Point X='304' Y='267' T='1037' />
<Point X='303' Y='272' T='1053' />
<Point X='302' Y='274' T='1066' />
<Point X='302' Y='277' T='1077' />
<Point X='301' Y='279' T='1087' />
<Point X='300' Y='281' T='1100' />
<Point X='300' Y='282' T='1113' />
<Point X='299' Y='284' T='1122' />
<Point X='299' Y='285' T='1133' />
<Point X='298' Y='286' T='1145' />
<Point X='298' Y='287' T='1153' />
<Point X='297' Y='288' T='1165' />
<Point X='297' Y='289' T='1177' />
<Point X='296' Y='289' T='1187' />
</Stroke>
<Stroke index = '1' >
<Point X='8' Y='459' T='96' />
<Point X='7' Y='459' T='105' />
<Point X='6' Y='459' T='115' />
<Point X='5' Y='459' T='126' />
<Point X='2' Y='459' T='153' />
<Point X='0' Y='459' T='182' />
<Point X='1' Y='459' T='225' />
<Point X='1' Y='459' T='237' />
<Point X='2' Y='459' T='250' />
<Point X='3' Y='459' T='265' />
<Point X='4' Y='459' T='278' />
<Point X='5' Y='459' T='287' />
<Point X='8' Y='460' T='316' />
<Point X='10' Y='460' T='324' />
<Point X='12' Y='460' T='333' />
<Point X='17' Y='461' T='365' />
<Point X='22' Y='461' T='376' />
<Point X='27' Y='461' T='402' />
<Point X='29' Y='461' T='416' />
<Point X='32' Y='462' T='427' />
<Point X='34' Y='462' T='442' />
<Point X='36' Y='462' T='449' />
<Point X='39' Y='462' T='466' />
<Point X='45' Y='463' T='482' />
<Point X='47' Y='464' T='502' />
<Point X='52' Y='464' T='514' />
<Point X='54' Y='465' T='535' />
<Point X='56' Y='465' T='543' />
<Point X='58' Y='466' T='553' />
<Point X='60' Y='466' T='567' />
<Point X='69' Y='467' T='600' />
<Point X='71' Y='468' T='613' />
<Point X='74' Y='468' T='626' />
<Point X='76' Y='468' T='638' />
<Point X='81' Y='469' T='654' />
<Point X='85' Y='469' T='669' />
<Point X='88' Y='469' T='682' />
<Point X='90' Y='469' T='694' />
<Point X='93' Y='469' T='703' />
<Point X='96' Y='469' T='718' />
<Point X='99' Y='470' T='727' />
<Point X='103' Y='470' T='736' />
<Point X='106' Y='470' T='750' />
<Point X='109' Y='471' T='758' />
<Point X='111' Y='471' T='769' />
<Point X='113' Y='471' T='777' />
<Point X='118' Y='472' T='801' />
<Point X='120' Y='473' T='811' />
<Point X='127' Y='474' T='853' />
<Point X='129' Y='474' T='865' />
<Point X='131' Y='474' T='868' />
<Point X='132' Y='474' T='885' />
<Point X='133' Y='474' T='896' />
<Point X='133' Y='474' T='903' />
<Point X='134' Y='475' T='918' />
<Point X='135' Y='475' T='929' />
<Point X='136' Y='476' T='937' />
<Point X='138' Y='476' T='949' />
<Point X='140' Y='477' T='960' />
<Point X='142' Y='477' T='969' />
<Point X='144' Y='477' T='986' />
<Point X='147' Y='477' T='994' />
<Point X='149' Y='477' T='1004' />
<Point X='150' Y='477' T='1018' />
<Point X='151' Y='477' T='1037' />
<Point X='153' Y='477' T='1052' />
<Point X='154' Y='478' T='1065' />
<Point X='155' Y='478' T='1077' />
<Point X='156' Y='478' T='1086' />
<Point X='158' Y='479' T='1099' />
<Point X='160' Y='479' T='1112' />
<Point X='162' Y='480' T='1120' />
<Point X='164' Y='480' T='1132' />
<Point X='165' Y='480' T='1144' />
<Point X='166' Y='480' T='1152' />
<Point X='167' Y='480' T='1164' />
<Point X='168' Y='480' T='1176' />
<Point X='169' Y='480' T='1186' />
</Stroke>
<Stroke index = '5' >
<Point X='562' Y='235' T='0' />
<Point X='565' Y='227' T='79' />
<Point X='565' Y='226' T='91' />
<Point X='565' Y='226' T='103' />
<Point X='565' Y='225' T='112' />
<Point X='565' Y='225' T='124' />
<Point X='565' Y='225' T='152' />
<Point X='564' Y='225' T='203' />
<Point X='564' Y='225' T='214' />
<Point X='564' Y='225' T='224' />
<Point X='563' Y='225' T='236' />
<Point X='563' Y='225' T='249' />
<Point X='562' Y='226' T='264' />
<Point X='560' Y='229' T='277' />
<Point X='558' Y='232' T='286' />
<Point X='554' Y='238' T='314' />
<Point X='552' Y='241' T='322' />
<Point X='550' Y='244' T='331' />
<Point X='545' Y='251' T='363' />
<Point X='539' Y='260' T='375' />
<Point X='533' Y='266' T='400' />
<Point X='530' Y='271' T='415' />
<Point X='528' Y='275' T='426' />
<Point X='525' Y='279' T='440' />
<Point X='522' Y='282' T='448' />
<Point X='519' Y='286' T='465' />
<Point X='513' Y='294' T='482' />
<Point X='510' Y='298' T='500' />
<Point X='505' Y='304' T='512' />
<Point X='502' Y='307' T='533' />
<Point X='499' Y='310' T='542' />
<Point X='496' Y='314' T='553' />
<Point X='493' Y='317' T='565' />
<Point X='486' Y='325' T='598' />
<Point X='483' Y='328' T='612' />
<Point X='480' Y='331' T='624' />
<Point X='477' Y='334' T='636' />
<Point X='472' Y='341' T='653' />
<Point X='469' Y='344' T='666' />
<Point X='466' Y='347' T='680' />
<Point X='463' Y='350' T='692' />
<Point X='459' Y='353' T='702' />
<Point X='456' Y='356' T='716' />
<Point X='453' Y='359' T='725' />
<Point X='450' Y='362' T='735' />
<Point X='448' Y='365' T='749' />
<Point X='446' Y='367' T='757' />
<Point X='443' Y='370' T='769' />
<Point X='441' Y='373' T='776' />
<Point X='437' Y='377' T='800' />
<Point X='434' Y='379' T='810' />
<Point X='430' Y='385' T='851' />
<Point X='428' Y='386' T='864' />
<Point X='427' Y='388' T='868' />
<Point X='426' Y='389' T='883' />
<Point X='425' Y='391' T='894' />
<Point X='423' Y='393' T='902' />
<Point X='422' Y='394' T='916' />
<Point X='421' Y='396' T='928' />
<Point X='419' Y='397' T='936' />
<Point X='418' Y='399' T='948' />
<Point X='416' Y='401' T='959' />
<Point X='415' Y='402' T='968' />
<Point X='413' Y='404' T='984' />
<Point X='412' Y='406' T='992' />
<Point X='411' Y='407' T='1003' />
<Point X='409' Y='408' T='1018' />
<Point X='408' Y='410' T='1036' />
<Point X='406' Y='413' T='1050' />
<Point X='405' Y='414' T='1063' />
<Point X='404' Y='416' T='1075' />
<Point X='403' Y='417' T='1085' />
<Point X='402' Y='419' T='1098' />
<Point X='401' Y='420' T='1110' />
<Point X='400' Y='421' T='1119' />
<Point X='399' Y='422' T='1131' />
<Point X='398' Y='423' T='1142' />
<Point X='397' Y='424' T='1151' />
<Point X='397' Y='424' T='1163' />
<Point X='396' Y='425' T='1173' />
<Point X='396' Y='425' T='1185' />
<Point X='395' Y='426' T='1193' />
<Point X='395' Y='426' T='1206' />
<Point X='394' Y='427' T='1219' />
<Point X='394' Y='428' T='1257' />
</Stroke>

</Gesture>
