<?xml version='1.0' encoding='utf-8' standalone='yes'?>
<Gesture Name ='11_1_6' Subject = 'test'  Speed = 'MEDIUM' NumPts = '413' InputType='finger' >

<Stroke index = '2' >
<Point X='149' Y='75' T='169' />
<Point X='149' Y='75' T='187' />
<Point X='149' Y='75' T='202' />
<Point X='149' Y='75' T='211' />
<Point X='149' Y='77' T='226' />
<Point X='149' Y='79' T='235' />
<Point X='149' Y='83' T='263' />
<Point X='149' Y='85' T='272' />
<Point X='149' Y='87' T='286' />
<Point X='149' Y='89' T='300' />
<Point X='149' Y='91' T='309' />
<Point X='150' Y='94' T='318' />
<Point X='150' Y='100' T='348' />
<Point X='150' Y='104' T='358' />
<Point X='151' Y='107' T='367' />
<Point X='151' Y='109' T='383' />
<Point X='151' Y='113' T='395' />
<Point X='151' Y='116' T='405' />
<Point X='152' Y='120' T='417' />
<Point X='152' Y='123' T='429' />
<Point X='152' Y='127' T='438' />
<Point X='153' Y='129' T='450' />
<Point X='153' Y='133' T='462' />
<Point X='153' Y='136' T='473' />
<Point X='153' Y='140' T='482' />
<Point X='154' Y='144' T='494' />
<Point X='154' Y='150' T='515' />
<Point X='155' Y='154' T='530' />
<Point X='155' Y='157' T='538' />
<Point X='157' Y='165' T='564' />
<Point X='157' Y='169' T='584' />
<Point X='158' Y='172' T='595' />
<Point X='158' Y='176' T='603' />
<Point X='159' Y='180' T='617' />
<Point X='160' Y='184' T='629' />
<Point X='160' Y='187' T='638' />
<Point X='161' Y='190' T='652' />
<Point X='163' Y='197' T='665' />
<Point X='164' Y='201' T='682' />
<Point X='165' Y='204' T='691' />
<Point X='165' Y='207' T='698' />
<Point X='166' Y='211' T='714' />
<Point X='167' Y='214' T='734' />
<Point X='167' Y='217' T='743' />
<Point X='168' Y='220' T='758' />
<Point X='169' Y='223' T='769' />
<Point X='170' Y='229' T='787' />
<Point X='170' Y='232' T='801' />
<Point X='171' Y='237' T='817' />
<Point X='172' Y='240' T='832' />
<Point X='172' Y='242' T='844' />
<Point X='172' Y='245' T='854' />
<Point X='172' Y='247' T='866' />
<Point X='172' Y='249' T='878' />
<Point X='172' Y='251' T='886' />
<Point X='172' Y='253' T='898' />
<Point X='172' Y='255' T='909' />
<Point X='172' Y='257' T='916' />
<Point X='172' Y='259' T='933' />
<Point X='172' Y='261' T='939' />
<Point X='172' Y='263' T='949' />
<Point X='172' Y='265' T='966' />
<Point X='172' Y='267' T='976' />
<Point X='172' Y='269' T='983' />
<Point X='171' Y='271' T='999' />
<Point X='171' Y='272' T='1009' />
<Point X='171' Y='274' T='1017' />
<Point X='170' Y='276' T='1033' />
<Point X='170' Y='277' T='1042' />
<Point X='169' Y='279' T='1053' />
<Point X='169' Y='281' T='1066' />
<Point X='168' Y='282' T='1076' />
<Point X='168' Y='284' T='1084' />
<Point X='168' Y='285' T='1100' />
<Point X='167' Y='286' T='1110' />
<Point X='167' Y='287' T='1122' />
<Point X='167' Y='288' T='1134' />
<Point X='167' Y='289' T='1141' />
<Point X='167' Y='290' T='1168' />
</Stroke>
<Stroke index = '5' >
<Point X='613' Y='221' T='0' />
<Point X='612' Y='219' T='91' />
<Point X='612' Y='218' T='152' />
<Point X='612' Y='218' T='163' />
<Point X='612' Y='217' T='176' />
<Point X='612' Y='217' T='198' />
<Point X='612' Y='216' T='220' />
<Point X='612' Y='216' T='259' />
<Point X='611' Y='216' T='268' />
<Point X='611' Y='216' T='281' />
<Point X='610' Y='217' T='297' />
<Point X='609' Y='218' T='304' />
<Point X='608' Y='219' T='315' />
<Point X='605' Y='223' T='343' />
<Point X='603' Y='224' T='354' />
<Point X='602' Y='226' T='364' />
<Point X='600' Y='228' T='375' />
<Point X='599' Y='230' T='389' />
<Point X='597' Y='232' T='400' />
<Point X='596' Y='233' T='411' />
<Point X='594' Y='235' T='424' />
<Point X='592' Y='236' T='434' />
<Point X='589' Y='238' T='444' />
<Point X='587' Y='240' T='457' />
<Point X='584' Y='241' T='467' />
<Point X='582' Y='243' T='477' />
<Point X='579' Y='245' T='489' />
<Point X='574' Y='249' T='512' />
<Point X='570' Y='252' T='527' />
<Point X='566' Y='254' T='535' />
<Point X='558' Y='257' T='560' />
<Point X='554' Y='259' T='578' />
<Point X='549' Y='261' T='590' />
<Point X='545' Y='263' T='598' />
<Point X='540' Y='265' T='612' />
<Point X='536' Y='267' T='625' />
<Point X='531' Y='269' T='633' />
<Point X='527' Y='271' T='647' />
<Point X='519' Y='275' T='662' />
<Point X='514' Y='277' T='678' />
<Point X='509' Y='279' T='688' />
<Point X='505' Y='281' T='696' />
<Point X='501' Y='283' T='712' />
<Point X='496' Y='285' T='730' />
<Point X='492' Y='287' T='738' />
<Point X='488' Y='289' T='753' />
<Point X='484' Y='291' T='765' />
<Point X='477' Y='295' T='781' />
<Point X='473' Y='297' T='797' />
<Point X='466' Y='301' T='811' />
<Point X='463' Y='303' T='825' />
<Point X='460' Y='305' T='838' />
<Point X='458' Y='307' T='849' />
<Point X='455' Y='309' T='861' />
<Point X='452' Y='311' T='873' />
<Point X='449' Y='312' T='882' />
<Point X='446' Y='314' T='893' />
<Point X='444' Y='315' T='904' />
<Point X='442' Y='316' T='912' />
<Point X='440' Y='317' T='929' />
<Point X='438' Y='318' T='936' />
<Point X='437' Y='320' T='946' />
<Point X='435' Y='322' T='962' />
<Point X='433' Y='323' T='972' />
<Point X='431' Y='325' T='980' />
<Point X='429' Y='326' T='995' />
<Point X='427' Y='328' T='1006' />
<Point X='425' Y='329' T='1013' />
<Point X='423' Y='331' T='1028' />
<Point X='421' Y='332' T='1039' />
<Point X='420' Y='333' T='1049' />
<Point X='418' Y='334' T='1062' />
<Point X='417' Y='335' T='1072' />
<Point X='416' Y='336' T='1081' />
<Point X='415' Y='337' T='1096' />
<Point X='415' Y='337' T='1106' />
<Point X='414' Y='338' T='1118' />
<Point X='413' Y='338' T='1130' />
<Point X='412' Y='339' T='1139' />
<Point X='411' Y='340' T='1164' />
<Point X='411' Y='340' T='1175' />
<Point X='410' Y='340' T='1185' />
</Stroke>
<Stroke index = '1' >
<Point X='0' Y='448' T='67' />
<Point X='0' Y='448' T='93' />
<Point X='0' Y='448' T='108' />
<Point X='1' Y='448' T='119' />
<Point X='2' Y='448' T='132' />
<Point X='3' Y='447' T='139' />
<Point X='4' Y='447' T='153' />
<Point X='4' Y='447' T='164' />
<Point X='5' Y='447' T='176' />
<Point X='6' Y='447' T='185' />
<Point X='7' Y='447' T='200' />
<Point X='8' Y='446' T='209' />
<Point X='9' Y='446' T='222' />
<Point X='10' Y='446' T='232' />
<Point X='13' Y='445' T='260' />
<Point X='14' Y='445' T='269' />
<Point X='15' Y='445' T='282' />
<Point X='16' Y='444' T='297' />
<Point X='17' Y='444' T='306' />
<Point X='18' Y='443' T='316' />
<Point X='21' Y='443' T='344' />
<Point X='22' Y='442' T='355' />
<Point X='23' Y='442' T='365' />
<Point X='25' Y='442' T='378' />
<Point X='27' Y='441' T='391' />
<Point X='29' Y='441' T='401' />
<Point X='31' Y='440' T='413' />
<Point X='33' Y='439' T='425' />
<Point X='35' Y='439' T='434' />
<Point X='36' Y='438' T='446' />
<Point X='38' Y='438' T='458' />
<Point X='39' Y='437' T='468' />
<Point X='42' Y='436' T='479' />
<Point X='45' Y='435' T='490' />
<Point X='51' Y='433' T='513' />
<Point X='54' Y='433' T='528' />
<Point X='56' Y='432' T='535' />
<Point X='60' Y='431' T='561' />
<Point X='63' Y='431' T='580' />
<Point X='65' Y='431' T='592' />
<Point X='67' Y='431' T='600' />
<Point X='70' Y='431' T='613' />
<Point X='72' Y='431' T='627' />
<Point X='74' Y='431' T='635' />
<Point X='76' Y='431' T='649' />
<Point X='80' Y='431' T='663' />
<Point X='82' Y='431' T='680' />
<Point X='83' Y='431' T='689' />
<Point X='85' Y='431' T='696' />
<Point X='86' Y='431' T='713' />
<Point X='88' Y='431' T='732' />
<Point X='89' Y='431' T='739' />
<Point X='91' Y='431' T='754' />
<Point X='93' Y='432' T='767' />
<Point X='96' Y='432' T='783' />
<Point X='98' Y='433' T='797' />
<Point X='101' Y='433' T='813' />
<Point X='102' Y='433' T='828' />
<Point X='103' Y='433' T='840' />
<Point X='103' Y='433' T='850' />
<Point X='104' Y='433' T='862' />
<Point X='104' Y='433' T='875' />
<Point X='105' Y='433' T='883' />
<Point X='105' Y='433' T='895' />
<Point X='106' Y='434' T='906' />
<Point X='107' Y='434' T='914' />
<Point X='107' Y='435' T='930' />
<Point X='108' Y='435' T='938' />
<Point X='109' Y='435' T='947' />
<Point X='110' Y='436' T='963' />
<Point X='110' Y='436' T='973' />
<Point X='111' Y='436' T='981' />
<Point X='111' Y='437' T='997' />
<Point X='112' Y='437' T='1007' />
<Point X='113' Y='437' T='1014' />
<Point X='113' Y='438' T='1029' />
<Point X='114' Y='438' T='1040' />
<Point X='115' Y='439' T='1050' />
<Point X='115' Y='439' T='1063' />
<Point X='116' Y='439' T='1074' />
<Point X='116' Y='439' T='1082' />
<Point X='117' Y='439' T='1097' />
<Point X='117' Y='439' T='1107' />
<Point X='118' Y='439' T='1119' />
<Point X='118' Y='439' T='1130' />
<Point X='119' Y='439' T='1139' />
<Point X='120' Y='439' T='1165' />
</Stroke>
<Stroke index = '3' >
<Point X='335' Y='0' T='122' />
<Point X='334' Y='0' T='133' />
<Point X='334' Y='0' T='141' />
<Point X='333' Y='0' T='154' />
<Point X='333' Y='0' T='164' />
<Point X='332' Y='1' T='177' />
<Point X='332' Y='1' T='186' />
<Point X='332' Y='2' T='201' />
<Point X='331' Y='2' T='210' />
<Point X='331' Y='3' T='224' />
<Point X='331' Y='3' T='234' />
<Point X='330' Y='5' T='261' />
<Point X='330' Y='6' T='270' />
<Point X='329' Y='8' T='283' />
<Point X='329' Y='10' T='299' />
<Point X='329' Y='13' T='307' />
<Point X='329' Y='16' T='317' />
<Point X='328' Y='22' T='345' />
<Point X='328' Y='24' T='356' />
<Point X='327' Y='26' T='366' />
<Point X='327' Y='28' T='379' />
<Point X='326' Y='32' T='392' />
<Point X='326' Y='35' T='403' />
<Point X='325' Y='39' T='414' />
<Point X='325' Y='42' T='427' />
<Point X='324' Y='44' T='436' />
<Point X='324' Y='47' T='447' />
<Point X='323' Y='50' T='459' />
<Point X='322' Y='53' T='469' />
<Point X='322' Y='56' T='480' />
<Point X='321' Y='60' T='492' />
<Point X='319' Y='66' T='514' />
<Point X='318' Y='69' T='529' />
<Point X='317' Y='73' T='536' />
<Point X='315' Y='80' T='562' />
<Point X='314' Y='84' T='581' />
<Point X='314' Y='87' T='593' />
<Point X='313' Y='90' T='601' />
<Point X='312' Y='94' T='615' />
<Point X='311' Y='98' T='629' />
<Point X='310' Y='101' T='635' />
<Point X='309' Y='105' T='650' />
<Point X='306' Y='112' T='664' />
<Point X='305' Y='115' T='680' />
<Point X='303' Y='119' T='690' />
<Point X='302' Y='122' T='697' />
<Point X='301' Y='125' T='713' />
<Point X='300' Y='129' T='733' />
<Point X='299' Y='131' T='740' />
<Point X='297' Y='134' T='755' />
<Point X='296' Y='137' T='767' />
<Point X='294' Y='143' T='784' />
<Point X='293' Y='146' T='799' />
<Point X='291' Y='151' T='814' />
<Point X='290' Y='153' T='829' />
<Point X='288' Y='156' T='841' />
<Point X='287' Y='158' T='852' />
<Point X='286' Y='160' T='865' />
<Point X='285' Y='162' T='876' />
<Point X='284' Y='165' T='884' />
<Point X='283' Y='167' T='896' />
<Point X='282' Y='169' T='907' />
<Point X='281' Y='170' T='915' />
<Point X='280' Y='172' T='931' />
<Point X='279' Y='174' T='938' />
<Point X='278' Y='176' T='948' />
<Point X='277' Y='177' T='964' />
<Point X='276' Y='179' T='975' />
<Point X='275' Y='181' T='981' />
<Point X='274' Y='183' T='997' />
<Point X='273' Y='185' T='1007' />
<Point X='272' Y='187' T='1015' />
<Point X='271' Y='188' T='1030' />
<Point X='270' Y='190' T='1041' />
<Point X='269' Y='191' T='1050' />
<Point X='268' Y='193' T='1064' />
<Point X='267' Y='194' T='1074' />
<Point X='266' Y='195' T='1083' />
<Point X='264' Y='196' T='1098' />
<Point X='263' Y='197' T='1109' />
<Point X='262' Y='198' T='1120' />
<Point X='261' Y='199' T='1132' />
<Point X='260' Y='200' T='1140' />
<Point X='259' Y='201' T='1166' />
<Point X='259' Y='202' T='1177' />
</Stroke>
<Stroke index = '4' >
<Point X='490' Y='52' T='125' />
<Point X='489' Y='52' T='142' />
<Point X='489' Y='52' T='155' />
<Point X='488' Y='52' T='166' />
<Point X='488' Y='53' T='226' />
<Point X='488' Y='54' T='234' />
<Point X='487' Y='57' T='261' />
<Point X='487' Y='59' T='270' />
<Point X='486' Y='61' T='284' />
<Point X='486' Y='63' T='299' />
<Point X='485' Y='65' T='308' />
<Point X='485' Y='67' T='317' />
<Point X='484' Y='71' T='346' />
<Point X='483' Y='73' T='357' />
<Point X='483' Y='75' T='366' />
<Point X='482' Y='78' T='381' />
<Point X='481' Y='81' T='393' />
<Point X='480' Y='84' T='404' />
<Point X='479' Y='86' T='416' />
<Point X='478' Y='89' T='427' />
<Point X='477' Y='91' T='437' />
<Point X='476' Y='94' T='448' />
<Point X='475' Y='97' T='460' />
<Point X='474' Y='100' T='471' />
<Point X='473' Y='103' T='481' />
<Point X='472' Y='106' T='493' />
<Point X='470' Y='111' T='515' />
<Point X='469' Y='114' T='529' />
<Point X='467' Y='117' T='538' />
<Point X='464' Y='124' T='563' />
<Point X='462' Y='127' T='583' />
<Point X='461' Y='130' T='594' />
<Point X='459' Y='133' T='602' />
<Point X='457' Y='136' T='616' />
<Point X='455' Y='139' T='629' />
<Point X='453' Y='142' T='638' />
<Point X='450' Y='146' T='651' />
<Point X='446' Y='151' T='664' />
<Point X='444' Y='154' T='681' />
<Point X='442' Y='157' T='691' />
<Point X='440' Y='160' T='697' />
<Point X='438' Y='163' T='714' />
<Point X='435' Y='166' T='733' />
<Point X='433' Y='169' T='742' />
<Point X='431' Y='171' T='756' />
<Point X='429' Y='174' T='768' />
<Point X='425' Y='179' T='786' />
<Point X='423' Y='182' T='800' />
<Point X='419' Y='187' T='817' />
<Point X='417' Y='189' T='830' />
<Point X='416' Y='191' T='843' />
<Point X='414' Y='193' T='853' />
<Point X='412' Y='195' T='865' />
<Point X='411' Y='197' T='877' />
<Point X='409' Y='199' T='884' />
<Point X='408' Y='200' T='897' />
<Point X='406' Y='202' T='908' />
<Point X='405' Y='204' T='916' />
<Point X='404' Y='206' T='932' />
<Point X='402' Y='208' T='939' />
<Point X='401' Y='209' T='948' />
<Point X='400' Y='211' T='965' />
<Point X='399' Y='212' T='976' />
<Point X='398' Y='213' T='982' />
<Point X='396' Y='215' T='998' />
<Point X='395' Y='217' T='1008' />
<Point X='393' Y='219' T='1016' />
<Point X='392' Y='220' T='1031' />
<Point X='391' Y='222' T='1042' />
<Point X='390' Y='223' T='1052' />
<Point X='389' Y='225' T='1065' />
<Point X='388' Y='226' T='1076' />
<Point X='387' Y='227' T='1084' />
<Point X='386' Y='229' T='1099' />
<Point X='385' Y='230' T='1110' />
<Point X='384' Y='231' T='1122' />
<Point X='383' Y='232' T='1134' />
<Point X='382' Y='233' T='1141' />
<Point X='381' Y='234' T='1167' />
<Point X='381' Y='234' T='1178' />
</Stroke>

</Gesture>
