<?xml version='1.0' encoding='utf-8' standalone='yes'?>
<Gesture Name ='11_1_15' Subject = 'test'  Speed = 'MEDIUM' NumPts = '292' InputType='finger' >

<Stroke index = '2' >
<Point X='180' Y='59' T='186' />
<Point X='180' Y='59' T='217' />
<Point X='181' Y='63' T='244' />
<Point X='182' Y='65' T='256' />
<Point X='183' Y='68' T='267' />
<Point X='184' Y='70' T='282' />
<Point X='185' Y='73' T='291' />
<Point X='186' Y='75' T='303' />
<Point X='188' Y='82' T='327' />
<Point X='189' Y='86' T='339' />
<Point X='190' Y='90' T='348' />
<Point X='199' Y='168' T='553' />
<Point X='199' Y='184' T='588' />
<Point X='199' Y='194' T='604' />
<Point X='199' Y='199' T='617' />
<Point X='199' Y='204' T='633' />
<Point X='200' Y='220' T='661' />
<Point X='201' Y='225' T='675' />
<Point X='202' Y='229' T='683' />
<Point X='203' Y='239' T='708' />
<Point X='204' Y='243' T='718' />
<Point X='204' Y='247' T='731' />
<Point X='206' Y='257' T='761' />
<Point X='208' Y='265' T='772' />
<Point X='209' Y='270' T='783' />
<Point X='210' Y='274' T='799' />
<Point X='211' Y='278' T='811' />
<Point X='212' Y='282' T='822' />
<Point X='213' Y='286' T='832' />
<Point X='214' Y='289' T='843' />
<Point X='215' Y='293' T='854' />
<Point X='216' Y='296' T='865' />
<Point X='216' Y='299' T='877' />
<Point X='217' Y='301' T='886' />
<Point X='217' Y='304' T='895' />
<Point X='218' Y='306' T='909' />
<Point X='218' Y='311' T='927' />
<Point X='218' Y='313' T='944' />
<Point X='218' Y='315' T='963' />
<Point X='218' Y='317' T='973' />
<Point X='219' Y='319' T='984' />
<Point X='219' Y='321' T='1000' />
<Point X='219' Y='324' T='1030' />
<Point X='219' Y='324' T='1043' />
<Point X='219' Y='325' T='1050' />
<Point X='219' Y='326' T='1068' />
<Point X='219' Y='327' T='1079' />
<Point X='219' Y='328' T='1100' />
<Point X='219' Y='329' T='1111' />
<Point X='219' Y='330' T='1133' />
<Point X='219' Y='330' T='1146' />
<Point X='219' Y='331' T='1151' />
<Point X='219' Y='331' T='1161' />
<Point X='219' Y='331' T='1171' />
</Stroke>
<Stroke index = '4' >
<Point X='497' Y='69' T='167' />
<Point X='497' Y='69' T='174' />
<Point X='496' Y='69' T='184' />
<Point X='495' Y='70' T='206' />
<Point X='495' Y='71' T='217' />
<Point X='494' Y='73' T='243' />
<Point X='494' Y='75' T='255' />
<Point X='493' Y='76' T='266' />
<Point X='493' Y='78' T='281' />
<Point X='493' Y='80' T='290' />
<Point X='492' Y='84' T='301' />
<Point X='491' Y='90' T='326' />
<Point X='491' Y='93' T='338' />
<Point X='490' Y='96' T='347' />
<Point X='472' Y='163' T='552' />
<Point X='468' Y='176' T='587' />
<Point X='465' Y='183' T='602' />
<Point X='464' Y='187' T='616' />
<Point X='462' Y='192' T='631' />
<Point X='457' Y='203' T='661' />
<Point X='455' Y='208' T='674' />
<Point X='453' Y='212' T='682' />
<Point X='449' Y='220' T='707' />
<Point X='447' Y='223' T='717' />
<Point X='446' Y='226' T='731' />
<Point X='443' Y='234' T='759' />
<Point X='440' Y='241' T='770' />
<Point X='438' Y='245' T='782' />
<Point X='436' Y='248' T='797' />
<Point X='434' Y='252' T='810' />
<Point X='432' Y='256' T='820' />
<Point X='430' Y='259' T='832' />
<Point X='428' Y='262' T='842' />
<Point X='426' Y='265' T='853' />
<Point X='425' Y='267' T='864' />
<Point X='424' Y='270' T='875' />
<Point X='422' Y='273' T='884' />
<Point X='421' Y='275' T='894' />
<Point X='419' Y='278' T='909' />
<Point X='417' Y='283' T='927' />
<Point X='415' Y='285' T='944' />
<Point X='414' Y='286' T='963' />
<Point X='413' Y='287' T='972' />
<Point X='411' Y='288' T='983' />
<Point X='410' Y='290' T='999' />
<Point X='406' Y='294' T='1030' />
<Point X='406' Y='295' T='1042' />
<Point X='405' Y='296' T='1050' />
<Point X='405' Y='297' T='1067' />
<Point X='404' Y='298' T='1078' />
<Point X='403' Y='299' T='1099' />
<Point X='402' Y='300' T='1110' />
<Point X='402' Y='301' T='1132' />
<Point X='401' Y='301' T='1144' />
<Point X='401' Y='302' T='1151' />
<Point X='401' Y='302' T='1160' />
<Point X='400' Y='302' T='1171' />
<Point X='400' Y='303' T='1178' />
<Point X='400' Y='303' T='1197' />
</Stroke>
<Stroke index = '3' >
<Point X='352' Y='0' T='165' />
<Point X='352' Y='0' T='172' />
<Point X='351' Y='0' T='205' />
<Point X='351' Y='1' T='216' />
<Point X='350' Y='4' T='241' />
<Point X='350' Y='6' T='253' />
<Point X='350' Y='8' T='265' />
<Point X='350' Y='10' T='279' />
<Point X='350' Y='12' T='290' />
<Point X='350' Y='14' T='300' />
<Point X='350' Y='20' T='324' />
<Point X='351' Y='24' T='337' />
<Point X='351' Y='28' T='347' />
<Point X='351' Y='101' T='552' />
<Point X='349' Y='115' T='585' />
<Point X='348' Y='123' T='600' />
<Point X='347' Y='128' T='614' />
<Point X='347' Y='132' T='629' />
<Point X='344' Y='145' T='659' />
<Point X='344' Y='149' T='673' />
<Point X='343' Y='153' T='681' />
<Point X='341' Y='161' T='703' />
<Point X='340' Y='165' T='716' />
<Point X='339' Y='169' T='729' />
<Point X='337' Y='177' T='759' />
<Point X='335' Y='185' T='769' />
<Point X='334' Y='189' T='782' />
<Point X='333' Y='193' T='797' />
<Point X='332' Y='196' T='808' />
<Point X='330' Y='200' T='819' />
<Point X='329' Y='203' T='829' />
<Point X='328' Y='207' T='841' />
<Point X='327' Y='210' T='852' />
<Point X='326' Y='213' T='861' />
<Point X='325' Y='216' T='875' />
<Point X='324' Y='218' T='883' />
<Point X='323' Y='221' T='893' />
<Point X='322' Y='223' T='909' />
<Point X='320' Y='228' T='927' />
<Point X='319' Y='230' T='943' />
<Point X='318' Y='232' T='962' />
<Point X='318' Y='234' T='970' />
<Point X='317' Y='236' T='983' />
<Point X='317' Y='237' T='997' />
<Point X='315' Y='240' T='1028' />
<Point X='315' Y='241' T='1041' />
<Point X='314' Y='242' T='1049' />
<Point X='314' Y='243' T='1066' />
<Point X='313' Y='245' T='1078' />
<Point X='312' Y='246' T='1098' />
<Point X='311' Y='247' T='1109' />
<Point X='311' Y='247' T='1131' />
<Point X='310' Y='248' T='1143' />
<Point X='310' Y='248' T='1151' />
<Point X='309' Y='249' T='1158' />
<Point X='309' Y='249' T='1170' />
<Point X='308' Y='250' T='1176' />
</Stroke>
<Stroke index = '1' >
<Point X='4' Y='446' T='47' />
<Point X='3' Y='446' T='57' />
<Point X='3' Y='446' T='77' />
<Point X='1' Y='445' T='92' />
<Point X='1' Y='444' T='110' />
<Point X='0' Y='443' T='128' />
<Point X='0' Y='443' T='142' />
<Point X='0' Y='442' T='154' />
<Point X='0' Y='442' T='163' />
<Point X='0' Y='442' T='171' />
<Point X='1' Y='442' T='183' />
<Point X='2' Y='442' T='204' />
<Point X='3' Y='442' T='216' />
<Point X='4' Y='442' T='241' />
<Point X='5' Y='443' T='251' />
<Point X='6' Y='443' T='265' />
<Point X='7' Y='443' T='278' />
<Point X='8' Y='443' T='288' />
<Point X='10' Y='444' T='299' />
<Point X='14' Y='444' T='324' />
<Point X='16' Y='445' T='336' />
<Point X='19' Y='445' T='345' />
<Point X='58' Y='453' T='549' />
<Point X='66' Y='455' T='584' />
<Point X='71' Y='456' T='599' />
<Point X='73' Y='456' T='613' />
<Point X='76' Y='457' T='629' />
<Point X='84' Y='458' T='657' />
<Point X='88' Y='459' T='671' />
<Point X='90' Y='459' T='681' />
<Point X='95' Y='460' T='702' />
<Point X='98' Y='460' T='715' />
<Point X='101' Y='461' T='728' />
<Point X='108' Y='461' T='757' />
<Point X='113' Y='461' T='769' />
<Point X='116' Y='461' T='781' />
<Point X='119' Y='461' T='796' />
<Point X='122' Y='461' T='808' />
<Point X='125' Y='461' T='817' />
<Point X='128' Y='461' T='828' />
<Point X='131' Y='461' T='841' />
<Point X='133' Y='461' T='851' />
<Point X='135' Y='461' T='860' />
<Point X='138' Y='461' T='872' />
<Point X='140' Y='461' T='883' />
<Point X='142' Y='461' T='893' />
<Point X='144' Y='461' T='908' />
<Point X='147' Y='461' T='927' />
<Point X='148' Y='461' T='943' />
<Point X='149' Y='461' T='960' />
<Point X='150' Y='461' T='969' />
<Point X='151' Y='461' T='982' />
<Point X='152' Y='461' T='997' />
<Point X='156' Y='461' T='1026' />
<Point X='157' Y='461' T='1040' />
<Point X='158' Y='461' T='1048' />
<Point X='159' Y='461' T='1065' />
<Point X='161' Y='461' T='1077' />
<Point X='161' Y='461' T='1097' />
<Point X='162' Y='461' T='1108' />
<Point X='163' Y='461' T='1130' />
</Stroke>
<Stroke index = '5' >
<Point X='563' Y='227' T='0' />
<Point X='563' Y='224' T='56' />
<Point X='563' Y='224' T='75' />
<Point X='563' Y='223' T='90' />
<Point X='563' Y='222' T='109' />
<Point X='563' Y='222' T='126' />
<Point X='563' Y='222' T='214' />
<Point X='563' Y='222' T='239' />
<Point X='563' Y='222' T='250' />
<Point X='564' Y='223' T='263' />
<Point X='564' Y='224' T='277' />
<Point X='564' Y='226' T='287' />
<Point X='564' Y='228' T='298' />
<Point X='563' Y='234' T='322' />
<Point X='563' Y='237' T='334' />
<Point X='562' Y='240' T='343' />
<Point X='531' Y='298' T='544' />
<Point X='524' Y='307' T='583' />
<Point X='519' Y='313' T='598' />
<Point X='516' Y='316' T='612' />
<Point X='514' Y='319' T='627' />
<Point X='505' Y='327' T='656' />
<Point X='502' Y='330' T='670' />
<Point X='499' Y='333' T='679' />
<Point X='494' Y='338' T='700' />
<Point X='491' Y='341' T='714' />
<Point X='489' Y='343' T='726' />
<Point X='483' Y='348' T='755' />
<Point X='477' Y='353' T='768' />
<Point X='474' Y='355' T='780' />
<Point X='471' Y='358' T='794' />
<Point X='469' Y='360' T='806' />
<Point X='467' Y='362' T='816' />
<Point X='464' Y='364' T='827' />
<Point X='461' Y='367' T='839' />
<Point X='458' Y='369' T='849' />
<Point X='456' Y='371' T='859' />
<Point X='454' Y='373' T='870' />
<Point X='452' Y='375' T='882' />
<Point X='450' Y='377' T='893' />
<Point X='449' Y='378' T='908' />
<Point X='446' Y='381' T='925' />
<Point X='444' Y='383' T='942' />
<Point X='443' Y='384' T='959' />
<Point X='441' Y='385' T='968' />
<Point X='440' Y='386' T='981' />
<Point X='438' Y='387' T='995' />
<Point X='434' Y='389' T='1024' />
<Point X='433' Y='390' T='1037' />
<Point X='432' Y='391' T='1047' />
<Point X='431' Y='391' T='1063' />
<Point X='430' Y='392' T='1076' />
<Point X='430' Y='393' T='1096' />
<Point X='429' Y='394' T='1107' />
<Point X='428' Y='394' T='1129' />
<Point X='428' Y='395' T='1140' />
<Point X='427' Y='395' T='1148' />
<Point X='427' Y='396' T='1158' />
<Point X='426' Y='396' T='1168' />
<Point X='426' Y='396' T='1175' />
<Point X='426' Y='396' T='1195' />
</Stroke>

</Gesture>
