<?xml version='1.0' encoding='utf-8' standalone='yes'?>
<Gesture Name ='11_1_1' Subject = 'test'  Speed = 'MEDIUM' NumPts = '354' InputType='finger' >

<Stroke index = '5' >
<Point X='627' Y='219' T='0' />
<Point X='625' Y='220' T='124' />
<Point X='624' Y='221' T='143' />
<Point X='624' Y='221' T='156' />
<Point X='623' Y='223' T='171' />
<Point X='623' Y='223' T='187' />
<Point X='623' Y='224' T='197' />
<Point X='623' Y='225' T='209' />
<Point X='623' Y='226' T='218' />
<Point X='623' Y='226' T='232' />
<Point X='623' Y='227' T='242' />
<Point X='623' Y='227' T='255' />
<Point X='623' Y='227' T='265' />
<Point X='624' Y='228' T='289' />
<Point X='625' Y='229' T='301' />
<Point X='625' Y='229' T='322' />
<Point X='626' Y='230' T='332' />
<Point X='627' Y='232' T='340' />
<Point X='627' Y='233' T='356' />
<Point X='628' Y='235' T='366' />
<Point X='628' Y='237' T='377' />
<Point X='629' Y='239' T='390' />
<Point X='629' Y='242' T='400' />
<Point X='629' Y='244' T='411' />
<Point X='629' Y='246' T='424' />
<Point X='629' Y='248' T='440' />
<Point X='629' Y='250' T='449' />
<Point X='628' Y='253' T='458' />
<Point X='628' Y='256' T='470' />
<Point X='627' Y='259' T='481' />
<Point X='626' Y='263' T='490' />
<Point X='625' Y='266' T='508' />
<Point X='623' Y='268' T='515' />
<Point X='622' Y='271' T='524' />
<Point X='620' Y='273' T='542' />
<Point X='619' Y='275' T='559' />
<Point X='617' Y='277' T='568' />
<Point X='616' Y='280' T='581' />
<Point X='614' Y='282' T='592' />
<Point X='610' Y='286' T='615' />
<Point X='608' Y='288' T='627' />
<Point X='603' Y='291' T='641' />
<Point X='600' Y='292' T='658' />
<Point X='597' Y='293' T='668' />
<Point X='593' Y='295' T='677' />
<Point X='588' Y='297' T='689' />
<Point X='582' Y='299' T='701' />
<Point X='577' Y='301' T='710' />
<Point X='571' Y='303' T='725' />
<Point X='565' Y='306' T='737' />
<Point X='560' Y='308' T='744' />
<Point X='555' Y='310' T='756' />
<Point X='550' Y='312' T='768' />
<Point X='546' Y='313' T='779' />
<Point X='541' Y='315' T='791' />
<Point X='536' Y='317' T='801' />
<Point X='524' Y='322' T='825' />
<Point X='519' Y='324' T='836' />
<Point X='515' Y='327' T='847' />
<Point X='510' Y='330' T='859' />
<Point X='506' Y='332' T='871' />
<Point X='503' Y='334' T='885' />
<Point X='500' Y='336' T='893' />
<Point X='498' Y='338' T='907' />
<Point X='495' Y='340' T='921' />
<Point X='493' Y='342' T='931' />
<Point X='489' Y='347' T='946' />
<Point X='487' Y='349' T='958' />
<Point X='486' Y='351' T='977' />
<Point X='484' Y='352' T='986' />
<Point X='483' Y='353' T='995' />
<Point X='482' Y='354' T='1005' />
<Point X='481' Y='355' T='1020' />
<Point X='480' Y='355' T='1033' />
<Point X='479' Y='356' T='1044' />
<Point X='479' Y='356' T='1059' />
</Stroke>
<Stroke index = '1' >
<Point X='0' Y='423' T='105' />
<Point X='0' Y='423' T='148' />
<Point X='0' Y='424' T='156' />
<Point X='2' Y='425' T='173' />
<Point X='3' Y='426' T='189' />
<Point X='3' Y='427' T='199' />
<Point X='4' Y='427' T='211' />
<Point X='5' Y='428' T='219' />
<Point X='5' Y='428' T='233' />
<Point X='6' Y='429' T='243' />
<Point X='6' Y='429' T='255' />
<Point X='7' Y='430' T='266' />
<Point X='7' Y='431' T='290' />
<Point X='8' Y='431' T='302' />
<Point X='9' Y='432' T='323' />
<Point X='10' Y='433' T='332' />
<Point X='11' Y='434' T='341' />
<Point X='12' Y='434' T='358' />
<Point X='14' Y='435' T='367' />
<Point X='16' Y='436' T='378' />
<Point X='18' Y='438' T='391' />
<Point X='21' Y='439' T='401' />
<Point X='24' Y='440' T='413' />
<Point X='28' Y='440' T='424' />
<Point X='32' Y='441' T='441' />
<Point X='35' Y='442' T='451' />
<Point X='38' Y='443' T='459' />
<Point X='42' Y='444' T='472' />
<Point X='46' Y='445' T='482' />
<Point X='51' Y='446' T='490' />
<Point X='55' Y='447' T='509' />
<Point X='58' Y='448' T='515' />
<Point X='62' Y='449' T='525' />
<Point X='66' Y='449' T='542' />
<Point X='71' Y='450' T='559' />
<Point X='75' Y='450' T='569' />
<Point X='78' Y='450' T='583' />
<Point X='83' Y='451' T='593' />
<Point X='92' Y='451' T='616' />
<Point X='96' Y='450' T='628' />
<Point X='104' Y='449' T='642' />
<Point X='108' Y='449' T='658' />
<Point X='112' Y='448' T='670' />
<Point X='117' Y='447' T='678' />
<Point X='121' Y='446' T='692' />
<Point X='126' Y='445' T='703' />
<Point X='131' Y='444' T='711' />
<Point X='135' Y='443' T='727' />
<Point X='139' Y='443' T='737' />
<Point X='143' Y='442' T='746' />
<Point X='147' Y='442' T='758' />
<Point X='150' Y='441' T='769' />
<Point X='154' Y='441' T='780' />
<Point X='159' Y='440' T='793' />
<Point X='164' Y='439' T='801' />
<Point X='174' Y='436' T='826' />
<Point X='180' Y='435' T='838' />
<Point X='185' Y='434' T='849' />
<Point X='189' Y='433' T='860' />
<Point X='191' Y='433' T='873' />
<Point X='193' Y='433' T='887' />
<Point X='195' Y='433' T='895' />
<Point X='197' Y='434' T='909' />
<Point X='200' Y='435' T='923' />
<Point X='202' Y='435' T='932' />
<Point X='206' Y='436' T='949' />
<Point X='208' Y='437' T='960' />
<Point X='210' Y='437' T='977' />
<Point X='211' Y='438' T='987' />
<Point X='212' Y='438' T='996' />
<Point X='213' Y='439' T='1007' />
<Point X='214' Y='439' T='1022' />
<Point X='215' Y='439' T='1035' />
<Point X='216' Y='439' T='1046' />
<Point X='216' Y='439' T='1061' />
<Point X='217' Y='439' T='1068' />
</Stroke>
<Stroke index = '4' >
<Point X='515' Y='63' T='201' />
<Point X='515' Y='63' T='212' />
<Point X='515' Y='63' T='220' />
<Point X='515' Y='63' T='235' />
<Point X='514' Y='63' T='257' />
<Point X='514' Y='64' T='267' />
<Point X='513' Y='65' T='291' />
<Point X='513' Y='67' T='303' />
<Point X='513' Y='69' T='324' />
<Point X='513' Y='71' T='333' />
<Point X='513' Y='73' T='342' />
<Point X='513' Y='75' T='358' />
<Point X='513' Y='78' T='368' />
<Point X='513' Y='80' T='380' />
<Point X='513' Y='82' T='391' />
<Point X='512' Y='84' T='402' />
<Point X='512' Y='88' T='414' />
<Point X='512' Y='92' T='425' />
<Point X='512' Y='96' T='441' />
<Point X='511' Y='99' T='452' />
<Point X='511' Y='103' T='459' />
<Point X='510' Y='107' T='472' />
<Point X='510' Y='111' T='483' />
<Point X='509' Y='116' T='492' />
<Point X='508' Y='120' T='509' />
<Point X='508' Y='124' T='516' />
<Point X='507' Y='129' T='525' />
<Point X='506' Y='134' T='542' />
<Point X='505' Y='138' T='561' />
<Point X='505' Y='142' T='571' />
<Point X='504' Y='146' T='585' />
<Point X='503' Y='150' T='594' />
<Point X='501' Y='158' T='617' />
<Point X='500' Y='162' T='629' />
<Point X='497' Y='169' T='642' />
<Point X='495' Y='173' T='659' />
<Point X='494' Y='178' T='670' />
<Point X='493' Y='182' T='678' />
<Point X='491' Y='186' T='692' />
<Point X='490' Y='190' T='703' />
<Point X='488' Y='194' T='713' />
<Point X='485' Y='199' T='727' />
<Point X='483' Y='204' T='739' />
<Point X='480' Y='207' T='747' />
<Point X='478' Y='210' T='759' />
<Point X='476' Y='213' T='770' />
<Point X='474' Y='216' T='781' />
<Point X='472' Y='220' T='794' />
<Point X='470' Y='223' T='802' />
<Point X='466' Y='230' T='827' />
<Point X='464' Y='233' T='839' />
<Point X='461' Y='238' T='851' />
<Point X='458' Y='242' T='862' />
<Point X='455' Y='246' T='875' />
<Point X='453' Y='249' T='888' />
<Point X='452' Y='251' T='896' />
<Point X='450' Y='253' T='910' />
<Point X='449' Y='256' T='925' />
<Point X='447' Y='259' T='934' />
<Point X='444' Y='265' T='949' />
<Point X='442' Y='267' T='961' />
<Point X='441' Y='269' T='978' />
<Point X='439' Y='271' T='989' />
<Point X='438' Y='273' T='998' />
<Point X='437' Y='274' T='1009' />
<Point X='436' Y='276' T='1023' />
<Point X='435' Y='277' T='1037' />
<Point X='434' Y='278' T='1048' />
<Point X='433' Y='279' T='1061' />
<Point X='433' Y='280' T='1068' />
</Stroke>
<Stroke index = '2' >
<Point X='171' Y='65' T='215' />
<Point X='171' Y='65' T='222' />
<Point X='171' Y='66' T='257' />
<Point X='171' Y='66' T='267' />
<Point X='171' Y='70' T='292' />
<Point X='171' Y='72' T='303' />
<Point X='171' Y='75' T='325' />
<Point X='171' Y='77' T='335' />
<Point X='172' Y='79' T='342' />
<Point X='172' Y='81' T='360' />
<Point X='173' Y='83' T='369' />
<Point X='173' Y='86' T='381' />
<Point X='174' Y='90' T='393' />
<Point X='175' Y='94' T='403' />
<Point X='176' Y='98' T='416' />
<Point X='177' Y='102' T='426' />
<Point X='178' Y='106' T='442' />
<Point X='179' Y='111' T='452' />
<Point X='180' Y='116' T='460' />
<Point X='181' Y='120' T='473' />
<Point X='182' Y='125' T='485' />
<Point X='183' Y='130' T='493' />
<Point X='183' Y='136' T='510' />
<Point X='184' Y='141' T='517' />
<Point X='185' Y='147' T='525' />
<Point X='185' Y='152' T='543' />
<Point X='186' Y='158' T='562' />
<Point X='187' Y='163' T='572' />
<Point X='187' Y='168' T='585' />
<Point X='188' Y='173' T='595' />
<Point X='189' Y='183' T='618' />
<Point X='190' Y='187' T='629' />
<Point X='191' Y='196' T='644' />
<Point X='192' Y='201' T='661' />
<Point X='193' Y='205' T='671' />
<Point X='194' Y='210' T='679' />
<Point X='195' Y='215' T='694' />
<Point X='196' Y='220' T='705' />
<Point X='198' Y='224' T='714' />
<Point X='199' Y='228' T='729' />
<Point X='201' Y='233' T='741' />
<Point X='203' Y='237' T='748' />
<Point X='205' Y='242' T='760' />
<Point X='207' Y='245' T='770' />
<Point X='209' Y='248' T='783' />
<Point X='212' Y='251' T='795' />
<Point X='214' Y='255' T='803' />
<Point X='220' Y='263' T='829' />
<Point X='223' Y='266' T='840' />
<Point X='226' Y='270' T='852' />
<Point X='228' Y='273' T='863' />
<Point X='231' Y='277' T='877' />
<Point X='233' Y='281' T='889' />
<Point X='234' Y='284' T='897' />
<Point X='236' Y='287' T='911' />
<Point X='237' Y='290' T='926' />
<Point X='237' Y='293' T='935' />
<Point X='238' Y='299' T='951' />
<Point X='239' Y='302' T='963' />
<Point X='239' Y='305' T='980' />
<Point X='240' Y='307' T='990' />
<Point X='240' Y='309' T='999' />
<Point X='240' Y='310' T='1011' />
<Point X='240' Y='311' T='1024' />
<Point X='240' Y='312' T='1038' />
<Point X='240' Y='312' T='1049' />
</Stroke>
<Stroke index = '3' >
<Point X='382' Y='0' T='238' />
<Point X='382' Y='0' T='244' />
<Point X='381' Y='0' T='259' />
<Point X='381' Y='1' T='268' />
<Point X='379' Y='3' T='293' />
<Point X='378' Y='5' T='305' />
<Point X='378' Y='7' T='325' />
<Point X='377' Y='9' T='336' />
<Point X='377' Y='11' T='344' />
<Point X='377' Y='14' T='361' />
<Point X='376' Y='16' T='370' />
<Point X='376' Y='19' T='382' />
<Point X='375' Y='22' T='394' />
<Point X='375' Y='26' T='405' />
<Point X='374' Y='30' T='417' />
<Point X='374' Y='34' T='428' />
<Point X='373' Y='38' T='443' />
<Point X='373' Y='41' T='454' />
<Point X='372' Y='46' T='461' />
<Point X='371' Y='51' T='475' />
<Point X='371' Y='56' T='486' />
<Point X='371' Y='60' T='493' />
<Point X='370' Y='65' T='510' />
<Point X='370' Y='70' T='517' />
<Point X='370' Y='76' T='526' />
<Point X='369' Y='80' T='543' />
<Point X='369' Y='85' T='563' />
<Point X='369' Y='90' T='574' />
<Point X='369' Y='95' T='586' />
<Point X='369' Y='99' T='597' />
<Point X='368' Y='108' T='619' />
<Point X='368' Y='113' T='630' />
<Point X='367' Y='122' T='645' />
<Point X='367' Y='126' T='662' />
<Point X='366' Y='131' T='673' />
<Point X='366' Y='136' T='680' />
<Point X='366' Y='141' T='694' />
<Point X='365' Y='145' T='706' />
<Point X='365' Y='150' T='715' />
<Point X='364' Y='156' T='730' />
<Point X='364' Y='161' T='741' />
<Point X='363' Y='166' T='749' />
<Point X='363' Y='170' T='760' />
<Point X='362' Y='175' T='771' />
<Point X='362' Y='179' T='783' />
<Point X='362' Y='183' T='796' />
<Point X='361' Y='187' T='803' />
<Point X='361' Y='196' T='829' />
<Point X='361' Y='201' T='841' />
<Point X='360' Y='205' T='855' />
<Point X='360' Y='208' T='863' />
<Point X='359' Y='212' T='878' />
<Point X='359' Y='215' T='890' />
<Point X='358' Y='219' T='898' />
<Point X='357' Y='222' T='913' />
<Point X='356' Y='225' T='927' />
<Point X='355' Y='228' T='936' />
<Point X='353' Y='234' T='953' />
<Point X='352' Y='237' T='964' />
<Point X='351' Y='239' T='980' />
<Point X='351' Y='241' T='991' />
<Point X='350' Y='243' T='999' />
<Point X='350' Y='245' T='1012' />
<Point X='349' Y='246' T='1026' />
<Point X='349' Y='247' T='1040' />
<Point X='348' Y='247' T='1050' />
</Stroke>

</Gesture>
