<?xml version='1.0' encoding='utf-8' standalone='yes'?>
<Gesture Name ='11_1_5' Subject = 'test'  Speed = 'MEDIUM' NumPts = '421' InputType='finger' >

<Stroke index = '3' >
<Point X='379' Y='0' T='160' />
<Point X='379' Y='0' T='185' />
<Point X='378' Y='0' T='195' />
<Point X='377' Y='0' T='214' />
<Point X='377' Y='0' T='223' />
<Point X='376' Y='1' T='235' />
<Point X='376' Y='1' T='248' />
<Point X='375' Y='2' T='257' />
<Point X='374' Y='5' T='284' />
<Point X='374' Y='6' T='293' />
<Point X='373' Y='8' T='304' />
<Point X='373' Y='10' T='319' />
<Point X='372' Y='12' T='330' />
<Point X='372' Y='15' T='341' />
<Point X='372' Y='20' T='367' />
<Point X='372' Y='23' T='381' />
<Point X='372' Y='25' T='396' />
<Point X='372' Y='27' T='405' />
<Point X='372' Y='30' T='417' />
<Point X='372' Y='33' T='430' />
<Point X='372' Y='35' T='437' />
<Point X='372' Y='38' T='449' />
<Point X='371' Y='42' T='460' />
<Point X='371' Y='44' T='471' />
<Point X='371' Y='47' T='483' />
<Point X='371' Y='49' T='494' />
<Point X='371' Y='52' T='502' />
<Point X='371' Y='54' T='517' />
<Point X='371' Y='57' T='525' />
<Point X='370' Y='64' T='551' />
<Point X='370' Y='67' T='569' />
<Point X='369' Y='69' T='585' />
<Point X='369' Y='72' T='593' />
<Point X='369' Y='76' T='603' />
<Point X='369' Y='79' T='615' />
<Point X='369' Y='83' T='625' />
<Point X='369' Y='86' T='638' />
<Point X='369' Y='90' T='648' />
<Point X='369' Y='93' T='662' />
<Point X='369' Y='97' T='673' />
<Point X='369' Y='101' T='687' />
<Point X='368' Y='109' T='702' />
<Point X='368' Y='114' T='715' />
<Point X='368' Y='118' T='727' />
<Point X='367' Y='123' T='735' />
<Point X='367' Y='127' T='749' />
<Point X='366' Y='132' T='759' />
<Point X='366' Y='136' T='768' />
<Point X='366' Y='142' T='781' />
<Point X='365' Y='147' T='793' />
<Point X='365' Y='151' T='801' />
<Point X='364' Y='156' T='819' />
<Point X='363' Y='162' T='828' />
<Point X='363' Y='167' T='836' />
<Point X='362' Y='173' T='853' />
<Point X='360' Y='185' T='871' />
<Point X='359' Y='190' T='885' />
<Point X='357' Y='195' T='900' />
<Point X='356' Y='201' T='908' />
<Point X='355' Y='206' T='922' />
<Point X='352' Y='216' T='939' />
<Point X='350' Y='220' T='953' />
<Point X='348' Y='225' T='965' />
<Point X='346' Y='230' T='972' />
<Point X='345' Y='234' T='988' />
<Point X='344' Y='237' T='1001' />
<Point X='343' Y='240' T='1008' />
<Point X='342' Y='243' T='1020' />
<Point X='341' Y='246' T='1029' />
<Point X='340' Y='249' T='1041' />
<Point X='339' Y='252' T='1053' />
<Point X='339' Y='255' T='1062' />
<Point X='338' Y='257' T='1075' />
<Point X='338' Y='259' T='1086' />
<Point X='337' Y='261' T='1104' />
<Point X='336' Y='263' T='1113' />
<Point X='336' Y='264' T='1121' />
<Point X='335' Y='266' T='1133' />
<Point X='335' Y='267' T='1144' />
<Point X='334' Y='268' T='1153' />
<Point X='334' Y='269' T='1168' />
<Point X='333' Y='269' T='1179' />
<Point X='333' Y='270' T='1188' />
</Stroke>
<Stroke index = '4' >
<Point X='502' Y='67' T='141' />
<Point X='501' Y='67' T='157' />
<Point X='501' Y='67' T='194' />
<Point X='501' Y='68' T='213' />
<Point X='501' Y='68' T='223' />
<Point X='501' Y='69' T='234' />
<Point X='501' Y='70' T='247' />
<Point X='501' Y='71' T='257' />
<Point X='500' Y='73' T='283' />
<Point X='500' Y='75' T='292' />
<Point X='500' Y='77' T='304' />
<Point X='500' Y='79' T='318' />
<Point X='500' Y='81' T='328' />
<Point X='500' Y='83' T='340' />
<Point X='499' Y='88' T='366' />
<Point X='499' Y='90' T='380' />
<Point X='499' Y='92' T='393' />
<Point X='499' Y='94' T='404' />
<Point X='499' Y='96' T='417' />
<Point X='499' Y='98' T='428' />
<Point X='499' Y='101' T='436' />
<Point X='498' Y='104' T='448' />
<Point X='498' Y='107' T='459' />
<Point X='498' Y='109' T='469' />
<Point X='497' Y='111' T='482' />
<Point X='497' Y='114' T='493' />
<Point X='496' Y='116' T='501' />
<Point X='496' Y='118' T='516' />
<Point X='495' Y='121' T='525' />
<Point X='493' Y='126' T='550' />
<Point X='493' Y='129' T='568' />
<Point X='492' Y='131' T='582' />
<Point X='491' Y='133' T='592' />
<Point X='490' Y='136' T='603' />
<Point X='489' Y='139' T='614' />
<Point X='488' Y='142' T='625' />
<Point X='487' Y='145' T='637' />
<Point X='486' Y='149' T='647' />
<Point X='485' Y='152' T='661' />
<Point X='484' Y='155' T='672' />
<Point X='483' Y='158' T='686' />
<Point X='480' Y='165' T='701' />
<Point X='479' Y='169' T='715' />
<Point X='478' Y='172' T='727' />
<Point X='477' Y='176' T='735' />
<Point X='476' Y='179' T='748' />
<Point X='474' Y='184' T='759' />
<Point X='473' Y='188' T='768' />
<Point X='471' Y='192' T='780' />
<Point X='470' Y='196' T='792' />
<Point X='469' Y='201' T='800' />
<Point X='467' Y='205' T='817' />
<Point X='466' Y='210' T='826' />
<Point X='465' Y='214' T='836' />
<Point X='464' Y='219' T='852' />
<Point X='461' Y='227' T='870' />
<Point X='460' Y='232' T='885' />
<Point X='458' Y='236' T='899' />
<Point X='457' Y='240' T='907' />
<Point X='456' Y='244' T='921' />
<Point X='453' Y='253' T='937' />
<Point X='451' Y='256' T='952' />
<Point X='450' Y='260' T='963' />
<Point X='448' Y='263' T='971' />
<Point X='446' Y='266' T='987' />
<Point X='444' Y='269' T='999' />
<Point X='443' Y='273' T='1007' />
<Point X='441' Y='276' T='1019' />
<Point X='440' Y='278' T='1029' />
<Point X='439' Y='280' T='1040' />
<Point X='438' Y='282' T='1052' />
<Point X='437' Y='285' T='1061' />
<Point X='436' Y='287' T='1074' />
<Point X='434' Y='290' T='1085' />
<Point X='433' Y='292' T='1103' />
<Point X='432' Y='294' T='1113' />
<Point X='430' Y='296' T='1120' />
<Point X='429' Y='298' T='1131' />
<Point X='428' Y='299' T='1143' />
<Point X='427' Y='300' T='1153' />
<Point X='426' Y='300' T='1166' />
<Point X='425' Y='301' T='1178' />
<Point X='424' Y='301' T='1186' />
<Point X='424' Y='301' T='1198' />
</Stroke>
<Stroke index = '1' >
<Point X='0' Y='394' T='94' />
<Point X='0' Y='394' T='137' />
<Point X='1' Y='394' T='156' />
<Point X='1' Y='395' T='167' />
<Point X='2' Y='396' T='184' />
<Point X='2' Y='396' T='194' />
<Point X='4' Y='398' T='211' />
<Point X='5' Y='399' T='221' />
<Point X='6' Y='400' T='233' />
<Point X='8' Y='400' T='246' />
<Point X='10' Y='401' T='256' />
<Point X='15' Y='401' T='282' />
<Point X='18' Y='401' T='292' />
<Point X='20' Y='401' T='304' />
<Point X='22' Y='402' T='317' />
<Point X='25' Y='403' T='327' />
<Point X='27' Y='403' T='339' />
<Point X='32' Y='405' T='366' />
<Point X='36' Y='406' T='379' />
<Point X='39' Y='406' T='393' />
<Point X='41' Y='407' T='403' />
<Point X='43' Y='407' T='416' />
<Point X='45' Y='408' T='427' />
<Point X='47' Y='408' T='435' />
<Point X='49' Y='409' T='447' />
<Point X='51' Y='409' T='458' />
<Point X='54' Y='410' T='469' />
<Point X='56' Y='411' T='481' />
<Point X='59' Y='412' T='493' />
<Point X='61' Y='412' T='500' />
<Point X='63' Y='413' T='515' />
<Point X='65' Y='413' T='523' />
<Point X='70' Y='415' T='549' />
<Point X='73' Y='415' T='566' />
<Point X='76' Y='416' T='581' />
<Point X='79' Y='417' T='592' />
<Point X='82' Y='418' T='601' />
<Point X='84' Y='419' T='613' />
<Point X='87' Y='419' T='623' />
<Point X='89' Y='420' T='636' />
<Point X='91' Y='421' T='646' />
<Point X='93' Y='422' T='660' />
<Point X='96' Y='423' T='670' />
<Point X='98' Y='424' T='685' />
<Point X='104' Y='426' T='699' />
<Point X='106' Y='427' T='713' />
<Point X='109' Y='428' T='725' />
<Point X='111' Y='429' T='733' />
<Point X='114' Y='430' T='746' />
<Point X='116' Y='431' T='758' />
<Point X='119' Y='433' T='767' />
<Point X='123' Y='435' T='779' />
<Point X='126' Y='436' T='792' />
<Point X='128' Y='438' T='799' />
<Point X='131' Y='439' T='816' />
<Point X='134' Y='441' T='825' />
<Point X='137' Y='442' T='835' />
<Point X='140' Y='444' T='852' />
<Point X='147' Y='447' T='870' />
<Point X='150' Y='448' T='884' />
<Point X='153' Y='449' T='898' />
<Point X='155' Y='450' T='906' />
<Point X='157' Y='451' T='920' />
<Point X='162' Y='454' T='936' />
<Point X='164' Y='455' T='950' />
<Point X='166' Y='456' T='962' />
<Point X='168' Y='457' T='970' />
<Point X='170' Y='458' T='985' />
<Point X='172' Y='459' T='999' />
<Point X='174' Y='460' T='1005' />
<Point X='175' Y='461' T='1017' />
<Point X='177' Y='461' T='1028' />
<Point X='179' Y='462' T='1039' />
<Point X='180' Y='463' T='1051' />
<Point X='182' Y='463' T='1060' />
<Point X='183' Y='463' T='1073' />
<Point X='184' Y='463' T='1084' />
<Point X='185' Y='463' T='1102' />
<Point X='187' Y='463' T='1112' />
<Point X='188' Y='463' T='1119' />
<Point X='189' Y='463' T='1130' />
<Point X='190' Y='463' T='1141' />
<Point X='191' Y='463' T='1152' />
<Point X='192' Y='463' T='1164' />
<Point X='193' Y='463' T='1177' />
<Point X='193' Y='463' T='1186' />
<Point X='194' Y='463' T='1197' />
</Stroke>
<Stroke index = '5' >
<Point X='595' Y='220' T='0' />
<Point X='590' Y='222' T='113' />
<Point X='589' Y='223' T='134' />
<Point X='588' Y='224' T='146' />
<Point X='588' Y='225' T='154' />
<Point X='588' Y='225' T='165' />
<Point X='588' Y='226' T='184' />
<Point X='588' Y='226' T='192' />
<Point X='588' Y='227' T='209' />
<Point X='588' Y='227' T='233' />
<Point X='588' Y='228' T='255' />
<Point X='588' Y='229' T='281' />
<Point X='588' Y='230' T='291' />
<Point X='588' Y='231' T='302' />
<Point X='588' Y='232' T='315' />
<Point X='588' Y='233' T='326' />
<Point X='588' Y='234' T='338' />
<Point X='587' Y='236' T='364' />
<Point X='587' Y='237' T='376' />
<Point X='587' Y='238' T='391' />
<Point X='586' Y='239' T='401' />
<Point X='586' Y='240' T='415' />
<Point X='585' Y='241' T='426' />
<Point X='585' Y='242' T='433' />
<Point X='584' Y='244' T='446' />
<Point X='583' Y='246' T='457' />
<Point X='582' Y='248' T='468' />
<Point X='581' Y='250' T='480' />
<Point X='580' Y='252' T='491' />
<Point X='579' Y='254' T='499' />
<Point X='578' Y='255' T='514' />
<Point X='576' Y='256' T='522' />
<Point X='573' Y='258' T='547' />
<Point X='572' Y='260' T='565' />
<Point X='570' Y='261' T='580' />
<Point X='569' Y='262' T='589' />
<Point X='567' Y='264' T='601' />
<Point X='566' Y='266' T='611' />
<Point X='564' Y='268' T='622' />
<Point X='563' Y='270' T='635' />
<Point X='561' Y='273' T='644' />
<Point X='559' Y='275' T='658' />
<Point X='557' Y='277' T='669' />
<Point X='555' Y='279' T='684' />
<Point X='551' Y='283' T='698' />
<Point X='549' Y='285' T='711' />
<Point X='547' Y='288' T='724' />
<Point X='544' Y='290' T='732' />
<Point X='541' Y='293' T='745' />
<Point X='539' Y='296' T='755' />
<Point X='536' Y='298' T='765' />
<Point X='533' Y='301' T='778' />
<Point X='529' Y='304' T='790' />
<Point X='526' Y='307' T='799' />
<Point X='522' Y='310' T='816' />
<Point X='519' Y='314' T='824' />
<Point X='515' Y='317' T='834' />
<Point X='512' Y='320' T='850' />
<Point X='505' Y='328' T='869' />
<Point X='501' Y='331' T='883' />
<Point X='497' Y='335' T='896' />
<Point X='493' Y='338' T='905' />
<Point X='490' Y='341' T='919' />
<Point X='485' Y='348' T='935' />
<Point X='482' Y='351' T='949' />
<Point X='480' Y='354' T='960' />
<Point X='478' Y='356' T='969' />
<Point X='476' Y='359' T='983' />
<Point X='474' Y='361' T='997' />
<Point X='472' Y='363' T='1005' />
<Point X='470' Y='365' T='1015' />
<Point X='469' Y='367' T='1027' />
<Point X='468' Y='370' T='1037' />
<Point X='467' Y='372' T='1050' />
<Point X='466' Y='374' T='1058' />
<Point X='465' Y='376' T='1071' />
<Point X='464' Y='377' T='1084' />
<Point X='463' Y='379' T='1101' />
<Point X='462' Y='380' T='1111' />
<Point X='461' Y='381' T='1117' />
<Point X='460' Y='382' T='1128' />
<Point X='459' Y='382' T='1140' />
<Point X='459' Y='383' T='1150' />
<Point X='458' Y='383' T='1163' />
<Point X='458' Y='384' T='1176' />
<Point X='457' Y='384' T='1184' />
<Point X='457' Y='385' T='1196' />
</Stroke>
<Stroke index = '2' >
<Point X='188' Y='50' T='198' />
<Point X='188' Y='50' T='215' />
<Point X='188' Y='50' T='224' />
<Point X='188' Y='51' T='235' />
<Point X='188' Y='52' T='249' />
<Point X='188' Y='54' T='259' />
<Point X='188' Y='58' T='285' />
<Point X='188' Y='60' T='297' />
<Point X='188' Y='63' T='306' />
<Point X='189' Y='65' T='321' />
<Point X='189' Y='68' T='331' />
<Point X='190' Y='70' T='343' />
<Point X='192' Y='75' T='370' />
<Point X='193' Y='78' T='382' />
<Point X='193' Y='82' T='397' />
<Point X='194' Y='85' T='406' />
<Point X='195' Y='88' T='418' />
<Point X='195' Y='90' T='430' />
<Point X='196' Y='93' T='439' />
<Point X='197' Y='96' T='450' />
<Point X='198' Y='99' T='460' />
<Point X='199' Y='102' T='471' />
<Point X='200' Y='106' T='484' />
<Point X='200' Y='108' T='496' />
<Point X='201' Y='111' T='502' />
<Point X='202' Y='114' T='518' />
<Point X='203' Y='117' T='525' />
<Point X='205' Y='124' T='551' />
<Point X='205' Y='127' T='570' />
<Point X='206' Y='131' T='585' />
<Point X='207' Y='134' T='594' />
<Point X='208' Y='137' T='603' />
<Point X='209' Y='141' T='616' />
<Point X='210' Y='145' T='626' />
<Point X='211' Y='149' T='638' />
<Point X='212' Y='152' T='649' />
<Point X='213' Y='156' T='664' />
<Point X='214' Y='161' T='674' />
<Point X='215' Y='165' T='690' />
<Point X='216' Y='174' T='704' />
<Point X='217' Y='178' T='716' />
<Point X='218' Y='183' T='729' />
<Point X='220' Y='189' T='737' />
<Point X='221' Y='193' T='750' />
<Point X='223' Y='199' T='761' />
<Point X='224' Y='205' T='769' />
<Point X='226' Y='210' T='783' />
<Point X='227' Y='215' T='794' />
<Point X='229' Y='221' T='803' />
<Point X='230' Y='226' T='819' />
<Point X='232' Y='232' T='829' />
<Point X='233' Y='237' T='837' />
<Point X='235' Y='243' T='854' />
<Point X='238' Y='254' T='872' />
<Point X='239' Y='260' T='887' />
<Point X='241' Y='266' T='901' />
<Point X='243' Y='271' T='910' />
<Point X='244' Y='276' T='923' />
<Point X='247' Y='285' T='941' />
<Point X='248' Y='289' T='954' />
<Point X='249' Y='294' T='965' />
<Point X='250' Y='297' T='973' />
<Point X='251' Y='301' T='990' />
<Point X='252' Y='304' T='1001' />
<Point X='253' Y='307' T='1009' />
<Point X='254' Y='310' T='1020' />
<Point X='255' Y='313' T='1030' />
<Point X='255' Y='316' T='1041' />
<Point X='256' Y='318' T='1054' />
<Point X='256' Y='320' T='1062' />
<Point X='257' Y='321' T='1076' />
<Point X='257' Y='323' T='1086' />
<Point X='257' Y='325' T='1104' />
<Point X='258' Y='326' T='1115' />
<Point X='258' Y='328' T='1122' />
<Point X='258' Y='329' T='1134' />
<Point X='258' Y='330' T='1145' />
<Point X='259' Y='331' T='1154' />
<Point X='259' Y='332' T='1169' />
<Point X='259' Y='332' T='1180' />
</Stroke>

</Gesture>
