<?xml version='1.0' encoding='utf-8' standalone='yes'?>
<Gesture Name ='11_1_19' Subject = 'test'  Speed = 'MEDIUM' NumPts = '377' InputType='finger' >

<Stroke index = '5' >
<Point X='604' Y='239' T='0' />
<Point X='597' Y='234' T='134' />
<Point X='597' Y='234' T='147' />
<Point X='596' Y='234' T='170' />
<Point X='596' Y='234' T='185' />
<Point X='595' Y='234' T='252' />
<Point X='595' Y='235' T='264' />
<Point X='594' Y='237' T='284' />
<Point X='593' Y='239' T='292' />
<Point X='591' Y='243' T='302' />
<Point X='590' Y='246' T='318' />
<Point X='589' Y='249' T='329' />
<Point X='586' Y='253' T='352' />
<Point X='585' Y='255' T='365' />
<Point X='583' Y='258' T='379' />
<Point X='581' Y='261' T='388' />
<Point X='579' Y='264' T='402' />
<Point X='577' Y='267' T='414' />
<Point X='575' Y='270' T='423' />
<Point X='573' Y='272' T='436' />
<Point X='570' Y='276' T='452' />
<Point X='568' Y='278' T='468' />
<Point X='566' Y='281' T='479' />
<Point X='564' Y='283' T='488' />
<Point X='562' Y='286' T='501' />
<Point X='560' Y='288' T='510' />
<Point X='556' Y='293' T='534' />
<Point X='554' Y='295' T='547' />
<Point X='552' Y='297' T='557' />
<Point X='550' Y='300' T='568' />
<Point X='548' Y='302' T='583' />
<Point X='546' Y='305' T='597' />
<Point X='544' Y='307' T='607' />
<Point X='541' Y='310' T='622' />
<Point X='537' Y='314' T='636' />
<Point X='535' Y='316' T='650' />
<Point X='533' Y='318' T='661' />
<Point X='531' Y='320' T='671' />
<Point X='528' Y='322' T='684' />
<Point X='526' Y='325' T='698' />
<Point X='523' Y='327' T='705' />
<Point X='521' Y='329' T='716' />
<Point X='518' Y='331' T='736' />
<Point X='516' Y='333' T='745' />
<Point X='513' Y='335' T='756' />
<Point X='510' Y='338' T='765' />
<Point X='507' Y='340' T='773' />
<Point X='503' Y='343' T='790' />
<Point X='499' Y='345' T='799' />
<Point X='495' Y='348' T='806' />
<Point X='492' Y='350' T='819' />
<Point X='488' Y='353' T='836' />
<Point X='484' Y='355' T='849' />
<Point X='480' Y='358' T='858' />
<Point X='476' Y='360' T='870' />
<Point X='471' Y='363' T='882' />
<Point X='469' Y='365' T='897' />
<Point X='467' Y='367' T='909' />
<Point X='465' Y='369' T='920' />
<Point X='463' Y='370' T='931' />
<Point X='462' Y='371' T='943' />
<Point X='460' Y='372' T='954' />
<Point X='458' Y='374' T='965' />
<Point X='456' Y='375' T='978' />
<Point X='455' Y='376' T='990' />
<Point X='453' Y='377' T='1004' />
<Point X='451' Y='378' T='1020' />
<Point X='450' Y='378' T='1037' />
<Point X='449' Y='379' T='1047' />
<Point X='448' Y='379' T='1055' />
<Point X='447' Y='380' T='1072' />
<Point X='446' Y='380' T='1082' />
<Point X='445' Y='381' T='1090' />
<Point X='445' Y='381' T='1105' />
<Point X='444' Y='382' T='1116' />
<Point X='444' Y='382' T='1123' />
<Point X='443' Y='383' T='1139' />
<Point X='443' Y='383' T='1173' />
</Stroke>
<Stroke index = '1' >
<Point X='0' Y='406' T='125' />
<Point X='0' Y='406' T='135' />
<Point X='0' Y='406' T='172' />
<Point X='2' Y='406' T='186' />
<Point X='3' Y='406' T='193' />
<Point X='5' Y='406' T='216' />
<Point X='6' Y='406' T='227' />
<Point X='8' Y='406' T='253' />
<Point X='9' Y='406' T='265' />
<Point X='10' Y='406' T='285' />
<Point X='11' Y='407' T='294' />
<Point X='12' Y='407' T='304' />
<Point X='14' Y='408' T='319' />
<Point X='16' Y='409' T='330' />
<Point X='22' Y='411' T='353' />
<Point X='25' Y='412' T='367' />
<Point X='27' Y='412' T='380' />
<Point X='29' Y='413' T='390' />
<Point X='31' Y='414' T='403' />
<Point X='33' Y='415' T='416' />
<Point X='35' Y='416' T='424' />
<Point X='37' Y='417' T='437' />
<Point X='43' Y='420' T='453' />
<Point X='46' Y='421' T='470' />
<Point X='48' Y='421' T='481' />
<Point X='50' Y='422' T='489' />
<Point X='52' Y='422' T='503' />
<Point X='54' Y='423' T='512' />
<Point X='58' Y='424' T='535' />
<Point X='61' Y='425' T='548' />
<Point X='63' Y='425' T='560' />
<Point X='66' Y='426' T='569' />
<Point X='68' Y='426' T='584' />
<Point X='70' Y='427' T='599' />
<Point X='72' Y='427' T='610' />
<Point X='74' Y='428' T='623' />
<Point X='79' Y='429' T='637' />
<Point X='82' Y='430' T='651' />
<Point X='85' Y='431' T='663' />
<Point X='87' Y='432' T='673' />
<Point X='90' Y='432' T='687' />
<Point X='92' Y='433' T='699' />
<Point X='95' Y='433' T='707' />
<Point X='97' Y='434' T='717' />
<Point X='100' Y='434' T='737' />
<Point X='103' Y='435' T='747' />
<Point X='106' Y='435' T='758' />
<Point X='110' Y='436' T='766' />
<Point X='113' Y='436' T='774' />
<Point X='116' Y='436' T='791' />
<Point X='119' Y='437' T='799' />
<Point X='122' Y='437' T='807' />
<Point X='125' Y='437' T='820' />
<Point X='128' Y='438' T='837' />
<Point X='131' Y='438' T='850' />
<Point X='133' Y='439' T='859' />
<Point X='135' Y='439' T='872' />
<Point X='139' Y='440' T='884' />
<Point X='141' Y='441' T='898' />
<Point X='142' Y='441' T='911' />
<Point X='144' Y='442' T='921' />
<Point X='146' Y='442' T='933' />
<Point X='147' Y='443' T='944' />
<Point X='149' Y='443' T='955' />
<Point X='150' Y='444' T='967' />
<Point X='151' Y='444' T='980' />
<Point X='152' Y='444' T='992' />
<Point X='153' Y='444' T='1005' />
<Point X='155' Y='444' T='1021' />
<Point X='156' Y='444' T='1038' />
<Point X='158' Y='444' T='1049' />
<Point X='159' Y='444' T='1055' />
<Point X='160' Y='444' T='1074' />
<Point X='160' Y='444' T='1084' />
<Point X='161' Y='444' T='1092' />
<Point X='161' Y='444' T='1107' />
</Stroke>
<Stroke index = '4' >
<Point X='531' Y='70' T='156' />
<Point X='531' Y='70' T='174' />
<Point X='530' Y='71' T='194' />
<Point X='530' Y='74' T='218' />
<Point X='529' Y='76' T='229' />
<Point X='528' Y='82' T='254' />
<Point X='527' Y='85' T='268' />
<Point X='526' Y='87' T='286' />
<Point X='525' Y='90' T='296' />
<Point X='524' Y='93' T='306' />
<Point X='523' Y='96' T='321' />
<Point X='522' Y='100' T='332' />
<Point X='520' Y='107' T='356' />
<Point X='519' Y='110' T='369' />
<Point X='518' Y='114' T='383' />
<Point X='516' Y='118' T='394' />
<Point X='515' Y='122' T='407' />
<Point X='514' Y='125' T='418' />
<Point X='512' Y='129' T='428' />
<Point X='511' Y='132' T='438' />
<Point X='509' Y='139' T='455' />
<Point X='508' Y='142' T='472' />
<Point X='507' Y='146' T='483' />
<Point X='506' Y='149' T='492' />
<Point X='505' Y='151' T='506' />
<Point X='504' Y='154' T='514' />
<Point X='501' Y='161' T='538' />
<Point X='499' Y='165' T='551' />
<Point X='498' Y='168' T='563' />
<Point X='496' Y='171' T='571' />
<Point X='494' Y='174' T='588' />
<Point X='492' Y='177' T='602' />
<Point X='491' Y='181' T='612' />
<Point X='489' Y='185' T='625' />
<Point X='486' Y='191' T='639' />
<Point X='485' Y='194' T='654' />
<Point X='483' Y='197' T='666' />
<Point X='481' Y='200' T='676' />
<Point X='479' Y='204' T='689' />
<Point X='477' Y='207' T='701' />
<Point X='476' Y='210' T='709' />
<Point X='474' Y='213' T='719' />
<Point X='472' Y='216' T='739' />
<Point X='469' Y='219' T='748' />
<Point X='467' Y='222' T='759' />
<Point X='465' Y='226' T='768' />
<Point X='463' Y='229' T='778' />
<Point X='461' Y='232' T='792' />
<Point X='459' Y='235' T='801' />
<Point X='457' Y='238' T='809' />
<Point X='455' Y='241' T='821' />
<Point X='453' Y='244' T='840' />
<Point X='451' Y='247' T='853' />
<Point X='449' Y='250' T='861' />
<Point X='447' Y='253' T='875' />
<Point X='444' Y='257' T='889' />
<Point X='443' Y='259' T='901' />
<Point X='442' Y='261' T='914' />
<Point X='441' Y='263' T='924' />
<Point X='439' Y='265' T='935' />
<Point X='438' Y='267' T='947' />
<Point X='436' Y='269' T='957' />
<Point X='435' Y='271' T='971' />
<Point X='433' Y='272' T='983' />
<Point X='432' Y='273' T='994' />
<Point X='431' Y='274' T='1007' />
<Point X='429' Y='276' T='1021' />
<Point X='428' Y='277' T='1040' />
<Point X='428' Y='277' T='1050' />
<Point X='427' Y='278' T='1056' />
<Point X='427' Y='278' T='1075' />
<Point X='426' Y='279' T='1086' />
<Point X='426' Y='279' T='1094' />
<Point X='425' Y='280' T='1109' />
<Point X='425' Y='280' T='1119' />
</Stroke>
<Stroke index = '2' >
<Point X='218' Y='41' T='176' />
<Point X='218' Y='41' T='188' />
<Point X='218' Y='42' T='195' />
<Point X='218' Y='44' T='219' />
<Point X='218' Y='46' T='231' />
<Point X='218' Y='52' T='256' />
<Point X='218' Y='55' T='269' />
<Point X='218' Y='59' T='287' />
<Point X='218' Y='62' T='297' />
<Point X='218' Y='65' T='307' />
<Point X='218' Y='69' T='322' />
<Point X='218' Y='73' T='334' />
<Point X='218' Y='81' T='356' />
<Point X='218' Y='85' T='370' />
<Point X='218' Y='88' T='385' />
<Point X='219' Y='93' T='394' />
<Point X='219' Y='98' T='408' />
<Point X='219' Y='102' T='419' />
<Point X='219' Y='106' T='428' />
<Point X='219' Y='110' T='439' />
<Point X='219' Y='119' T='456' />
<Point X='219' Y='124' T='472' />
<Point X='219' Y='128' T='484' />
<Point X='219' Y='132' T='494' />
<Point X='219' Y='136' T='506' />
<Point X='219' Y='141' T='515' />
<Point X='219' Y='149' T='539' />
<Point X='219' Y='153' T='552' />
<Point X='219' Y='158' T='563' />
<Point X='219' Y='163' T='573' />
<Point X='219' Y='167' T='588' />
<Point X='220' Y='171' T='603' />
<Point X='220' Y='176' T='613' />
<Point X='221' Y='180' T='626' />
<Point X='221' Y='189' T='641' />
<Point X='222' Y='193' T='655' />
<Point X='222' Y='197' T='668' />
<Point X='223' Y='202' T='677' />
<Point X='223' Y='206' T='690' />
<Point X='223' Y='210' T='702' />
<Point X='223' Y='214' T='711' />
<Point X='223' Y='218' T='720' />
<Point X='224' Y='223' T='741' />
<Point X='224' Y='227' T='748' />
<Point X='224' Y='231' T='759' />
<Point X='225' Y='236' T='768' />
<Point X='225' Y='241' T='779' />
<Point X='226' Y='245' T='793' />
<Point X='227' Y='250' T='801' />
<Point X='228' Y='255' T='809' />
<Point X='228' Y='259' T='821' />
<Point X='229' Y='263' T='841' />
<Point X='229' Y='268' T='854' />
<Point X='230' Y='271' T='862' />
<Point X='230' Y='275' T='875' />
<Point X='230' Y='282' T='889' />
<Point X='230' Y='285' T='903' />
<Point X='230' Y='288' T='916' />
<Point X='230' Y='291' T='925' />
<Point X='230' Y='293' T='937' />
<Point X='230' Y='295' T='947' />
<Point X='230' Y='296' T='959' />
<Point X='230' Y='298' T='973' />
<Point X='230' Y='299' T='984' />
<Point X='230' Y='301' T='995' />
<Point X='230' Y='302' T='1009' />
<Point X='230' Y='306' T='1022' />
<Point X='230' Y='307' T='1041' />
<Point X='230' Y='309' T='1051' />
<Point X='230' Y='310' T='1057' />
<Point X='230' Y='311' T='1076' />
<Point X='230' Y='312' T='1087' />
<Point X='230' Y='312' T='1094' />
<Point X='230' Y='313' T='1110' />
<Point X='230' Y='313' T='1120' />
</Stroke>
<Stroke index = '3' >
<Point X='391' Y='0' T='153' />
<Point X='391' Y='1' T='217' />
<Point X='390' Y='2' T='229' />
<Point X='389' Y='6' T='254' />
<Point X='389' Y='9' T='267' />
<Point X='388' Y='13' T='286' />
<Point X='388' Y='17' T='295' />
<Point X='387' Y='20' T='304' />
<Point X='387' Y='23' T='321' />
<Point X='386' Y='25' T='330' />
<Point X='385' Y='33' T='355' />
<Point X='385' Y='37' T='368' />
<Point X='385' Y='41' T='381' />
<Point X='384' Y='44' T='392' />
<Point X='384' Y='47' T='405' />
<Point X='384' Y='52' T='417' />
<Point X='383' Y='56' T='426' />
<Point X='383' Y='61' T='438' />
<Point X='382' Y='67' T='454' />
<Point X='382' Y='71' T='471' />
<Point X='381' Y='75' T='482' />
<Point X='381' Y='79' T='489' />
<Point X='380' Y='83' T='504' />
<Point X='380' Y='86' T='513' />
<Point X='378' Y='93' T='537' />
<Point X='377' Y='97' T='550' />
<Point X='376' Y='101' T='560' />
<Point X='375' Y='105' T='570' />
<Point X='374' Y='108' T='586' />
<Point X='373' Y='112' T='600' />
<Point X='372' Y='116' T='612' />
<Point X='371' Y='120' T='625' />
<Point X='369' Y='127' T='638' />
<Point X='368' Y='130' T='652' />
<Point X='367' Y='134' T='665' />
<Point X='366' Y='137' T='674' />
<Point X='365' Y='141' T='688' />
<Point X='364' Y='145' T='700' />
<Point X='363' Y='148' T='708' />
<Point X='362' Y='151' T='718' />
<Point X='361' Y='155' T='738' />
<Point X='360' Y='159' T='747' />
<Point X='359' Y='162' T='759' />
<Point X='358' Y='166' T='767' />
<Point X='357' Y='170' T='776' />
<Point X='356' Y='173' T='791' />
<Point X='354' Y='178' T='800' />
<Point X='353' Y='182' T='808' />
<Point X='351' Y='186' T='820' />
<Point X='350' Y='189' T='838' />
<Point X='348' Y='192' T='851' />
<Point X='347' Y='196' T='860' />
<Point X='345' Y='200' T='874' />
<Point X='343' Y='206' T='886' />
<Point X='341' Y='208' T='899' />
<Point X='340' Y='210' T='913' />
<Point X='339' Y='212' T='922' />
<Point X='338' Y='214' T='934' />
<Point X='337' Y='216' T='945' />
<Point X='336' Y='218' T='956' />
<Point X='335' Y='220' T='968' />
<Point X='334' Y='222' T='981' />
<Point X='334' Y='223' T='993' />
<Point X='333' Y='225' T='1007' />
<Point X='331' Y='227' T='1021' />
<Point X='330' Y='228' T='1040' />
<Point X='329' Y='229' T='1049' />
<Point X='329' Y='230' T='1056' />
<Point X='328' Y='231' T='1074' />
<Point X='328' Y='231' T='1086' />
<Point X='327' Y='232' T='1093' />
<Point X='327' Y='232' T='1108' />
<Point X='326' Y='233' T='1118' />
</Stroke>

</Gesture>
