<?xml version='1.0' encoding='utf-8' standalone='yes'?>
<Gesture Name ='11_1_7' Subject = 'test'  Speed = 'MEDIUM' NumPts = '441' InputType='finger' >

<Stroke index = '1' >
<Point X='2' Y='447' T='0' />
<Point X='1' Y='446' T='9' />
<Point X='0' Y='446' T='22' />
<Point X='0' Y='445' T='39' />
<Point X='0' Y='444' T='57' />
<Point X='0' Y='444' T='74' />
<Point X='0' Y='443' T='83' />
<Point X='1' Y='443' T='109' />
<Point X='1' Y='443' T='114' />
<Point X='2' Y='443' T='138' />
<Point X='3' Y='443' T='156' />
<Point X='3' Y='443' T='166' />
<Point X='4' Y='443' T='178' />
<Point X='4' Y='443' T='188' />
<Point X='5' Y='443' T='201' />
<Point X='5' Y='443' T='210' />
<Point X='6' Y='443' T='224' />
<Point X='6' Y='443' T='234' />
<Point X='7' Y='443' T='244' />
<Point X='8' Y='443' T='257' />
<Point X='10' Y='443' T='269' />
<Point X='13' Y='443' T='290' />
<Point X='16' Y='443' T='301' />
<Point X='18' Y='442' T='309' />
<Point X='20' Y='442' T='326' />
<Point X='22' Y='441' T='337' />
<Point X='24' Y='441' T='348' />
<Point X='27' Y='440' T='359' />
<Point X='30' Y='440' T='370' />
<Point X='33' Y='439' T='378' />
<Point X='37' Y='439' T='387' />
<Point X='40' Y='438' T='405' />
<Point X='43' Y='438' T='415' />
<Point X='46' Y='437' T='425' />
<Point X='48' Y='436' T='438' />
<Point X='50' Y='435' T='447' />
<Point X='52' Y='434' T='457' />
<Point X='54' Y='433' T='469' />
<Point X='56' Y='432' T='479' />
<Point X='59' Y='431' T='491' />
<Point X='62' Y='429' T='506' />
<Point X='65' Y='428' T='524' />
<Point X='67' Y='426' T='529' />
<Point X='70' Y='425' T='540' />
<Point X='74' Y='424' T='549' />
<Point X='82' Y='422' T='574' />
<Point X='86' Y='421' T='591' />
<Point X='89' Y='421' T='599' />
<Point X='92' Y='420' T='607' />
<Point X='95' Y='420' T='626' />
<Point X='97' Y='420' T='633' />
<Point X='100' Y='420' T='643' />
<Point X='104' Y='420' T='654' />
<Point X='110' Y='419' T='676' />
<Point X='114' Y='418' T='692' />
<Point X='117' Y='418' T='704' />
<Point X='120' Y='418' T='711' />
<Point X='124' Y='418' T='725' />
<Point X='127' Y='418' T='734' />
<Point X='133' Y='417' T='760' />
<Point X='136' Y='417' T='772' />
<Point X='139' Y='417' T='783' />
<Point X='142' Y='417' T='793' />
<Point X='144' Y='417' T='806' />
<Point X='147' Y='417' T='817' />
<Point X='150' Y='417' T='825' />
<Point X='152' Y='417' T='837' />
<Point X='154' Y='418' T='848' />
<Point X='156' Y='418' T='858' />
<Point X='158' Y='418' T='875' />
<Point X='160' Y='418' T='883' />
<Point X='162' Y='418' T='894' />
<Point X='163' Y='418' T='903' />
<Point X='166' Y='418' T='927' />
<Point X='168' Y='419' T='935' />
<Point X='170' Y='419' T='958' />
<Point X='171' Y='419' T='976' />
<Point X='172' Y='419' T='989' />
<Point X='174' Y='419' T='998' />
<Point X='176' Y='419' T='1013' />
<Point X='180' Y='419' T='1026' />
<Point X='182' Y='419' T='1043' />
<Point X='184' Y='419' T='1055' />
<Point X='185' Y='418' T='1063' />
<Point X='186' Y='418' T='1078' />
<Point X='188' Y='417' T='1093' />
<Point X='189' Y='417' T='1110' />
<Point X='190' Y='417' T='1121' />
<Point X='191' Y='416' T='1129' />
<Point X='191' Y='416' T='1139' />
<Point X='192' Y='416' T='1160' />
<Point X='192' Y='416' T='1172' />
</Stroke>
<Stroke index = '5' >
<Point X='574' Y='224' T='4' />
<Point X='574' Y='224' T='10' />
<Point X='574' Y='225' T='23' />
<Point X='574' Y='225' T='41' />
<Point X='574' Y='226' T='59' />
<Point X='574' Y='226' T='75' />
<Point X='574' Y='227' T='84' />
<Point X='574' Y='227' T='139' />
<Point X='575' Y='227' T='158' />
<Point X='575' Y='227' T='179' />
<Point X='575' Y='227' T='190' />
<Point X='576' Y='228' T='201' />
<Point X='576' Y='228' T='225' />
<Point X='576' Y='229' T='235' />
<Point X='576' Y='229' T='245' />
<Point X='576' Y='230' T='258' />
<Point X='576' Y='232' T='270' />
<Point X='576' Y='234' T='292' />
<Point X='575' Y='236' T='302' />
<Point X='575' Y='239' T='311' />
<Point X='574' Y='241' T='327' />
<Point X='573' Y='244' T='339' />
<Point X='572' Y='246' T='349' />
<Point X='571' Y='248' T='361' />
<Point X='570' Y='249' T='373' />
<Point X='569' Y='250' T='379' />
<Point X='568' Y='252' T='389' />
<Point X='567' Y='254' T='407' />
<Point X='566' Y='256' T='416' />
<Point X='565' Y='258' T='427' />
<Point X='563' Y='261' T='440' />
<Point X='562' Y='263' T='449' />
<Point X='560' Y='265' T='458' />
<Point X='559' Y='267' T='470' />
<Point X='557' Y='268' T='480' />
<Point X='555' Y='270' T='491' />
<Point X='554' Y='271' T='507' />
<Point X='552' Y='273' T='525' />
<Point X='550' Y='275' T='529' />
<Point X='548' Y='277' T='541' />
<Point X='546' Y='279' T='549' />
<Point X='542' Y='282' T='574' />
<Point X='540' Y='284' T='592' />
<Point X='538' Y='286' T='600' />
<Point X='536' Y='288' T='608' />
<Point X='534' Y='289' T='627' />
<Point X='532' Y='291' T='635' />
<Point X='530' Y='293' T='644' />
<Point X='528' Y='295' T='654' />
<Point X='523' Y='299' T='677' />
<Point X='520' Y='301' T='694' />
<Point X='517' Y='303' T='705' />
<Point X='515' Y='305' T='712' />
<Point X='512' Y='308' T='727' />
<Point X='510' Y='310' T='735' />
<Point X='504' Y='314' T='761' />
<Point X='502' Y='316' T='774' />
<Point X='499' Y='319' T='784' />
<Point X='496' Y='321' T='795' />
<Point X='493' Y='323' T='807' />
<Point X='491' Y='325' T='818' />
<Point X='489' Y='327' T='827' />
<Point X='488' Y='328' T='839' />
<Point X='486' Y='330' T='848' />
<Point X='484' Y='331' T='859' />
<Point X='482' Y='333' T='876' />
<Point X='480' Y='335' T='885' />
<Point X='478' Y='336' T='894' />
<Point X='476' Y='338' T='904' />
<Point X='472' Y='341' T='928' />
<Point X='471' Y='343' T='935' />
<Point X='468' Y='345' T='959' />
<Point X='467' Y='346' T='977' />
<Point X='466' Y='347' T='990' />
<Point X='465' Y='348' T='1001' />
<Point X='464' Y='349' T='1013' />
<Point X='462' Y='350' T='1027' />
<Point X='461' Y='351' T='1044' />
<Point X='460' Y='351' T='1056' />
<Point X='459' Y='352' T='1066' />
<Point X='458' Y='353' T='1080' />
<Point X='457' Y='354' T='1095' />
<Point X='456' Y='354' T='1112' />
<Point X='456' Y='355' T='1123' />
<Point X='455' Y='355' T='1130' />
<Point X='455' Y='355' T='1140' />
<Point X='454' Y='355' T='1161' />
<Point X='454' Y='355' T='1173' />
<Point X='453' Y='355' T='1181' />
<Point X='453' Y='355' T='1194' />
<Point X='452' Y='355' T='1203' />
<Point X='452' Y='356' T='1258' />
</Stroke>
<Stroke index = '3' >
<Point X='363' Y='0' T='91' />
<Point X='362' Y='0' T='140' />
<Point X='362' Y='0' T='160' />
<Point X='362' Y='0' T='181' />
<Point X='361' Y='1' T='194' />
<Point X='361' Y='2' T='204' />
<Point X='361' Y='3' T='212' />
<Point X='361' Y='5' T='228' />
<Point X='361' Y='7' T='238' />
<Point X='361' Y='10' T='246' />
<Point X='361' Y='12' T='261' />
<Point X='361' Y='14' T='272' />
<Point X='361' Y='16' T='293' />
<Point X='360' Y='18' T='305' />
<Point X='360' Y='20' T='312' />
<Point X='360' Y='22' T='329' />
<Point X='360' Y='26' T='341' />
<Point X='360' Y='30' T='352' />
<Point X='360' Y='33' T='363' />
<Point X='360' Y='36' T='374' />
<Point X='360' Y='38' T='380' />
<Point X='360' Y='41' T='392' />
<Point X='360' Y='45' T='409' />
<Point X='360' Y='48' T='419' />
<Point X='360' Y='52' T='429' />
<Point X='361' Y='55' T='442' />
<Point X='361' Y='58' T='451' />
<Point X='361' Y='61' T='461' />
<Point X='362' Y='65' T='472' />
<Point X='362' Y='68' T='481' />
<Point X='362' Y='72' T='493' />
<Point X='362' Y='76' T='507' />
<Point X='362' Y='79' T='525' />
<Point X='362' Y='81' T='530' />
<Point X='362' Y='85' T='543' />
<Point X='362' Y='88' T='552' />
<Point X='362' Y='95' T='575' />
<Point X='362' Y='99' T='593' />
<Point X='362' Y='101' T='602' />
<Point X='362' Y='105' T='610' />
<Point X='362' Y='108' T='627' />
<Point X='362' Y='112' T='637' />
<Point X='362' Y='115' T='646' />
<Point X='362' Y='118' T='655' />
<Point X='361' Y='126' T='678' />
<Point X='361' Y='130' T='695' />
<Point X='360' Y='133' T='707' />
<Point X='360' Y='137' T='714' />
<Point X='359' Y='140' T='730' />
<Point X='359' Y='144' T='736' />
<Point X='358' Y='151' T='763' />
<Point X='357' Y='154' T='776' />
<Point X='357' Y='157' T='787' />
<Point X='356' Y='160' T='798' />
<Point X='356' Y='163' T='810' />
<Point X='355' Y='166' T='820' />
<Point X='354' Y='169' T='829' />
<Point X='354' Y='172' T='841' />
<Point X='353' Y='175' T='851' />
<Point X='352' Y='177' T='861' />
<Point X='351' Y='180' T='878' />
<Point X='350' Y='182' T='887' />
<Point X='349' Y='184' T='896' />
<Point X='348' Y='186' T='906' />
<Point X='346' Y='190' T='931' />
<Point X='345' Y='192' T='937' />
<Point X='343' Y='196' T='961' />
<Point X='342' Y='198' T='979' />
<Point X='341' Y='200' T='993' />
<Point X='341' Y='202' T='1003' />
<Point X='340' Y='203' T='1015' />
<Point X='338' Y='205' T='1029' />
<Point X='337' Y='206' T='1047' />
<Point X='336' Y='207' T='1059' />
<Point X='336' Y='208' T='1068' />
<Point X='335' Y='209' T='1082' />
<Point X='334' Y='211' T='1097' />
<Point X='333' Y='211' T='1114' />
<Point X='332' Y='212' T='1125' />
<Point X='332' Y='213' T='1133' />
<Point X='331' Y='213' T='1143' />
<Point X='331' Y='214' T='1163' />
<Point X='330' Y='215' T='1174' />
<Point X='329' Y='215' T='1183' />
<Point X='328' Y='216' T='1195' />
</Stroke>
<Stroke index = '2' >
<Point X='176' Y='57' T='112' />
<Point X='176' Y='57' T='115' />
<Point X='176' Y='57' T='141' />
<Point X='176' Y='58' T='169' />
<Point X='176' Y='58' T='183' />
<Point X='176' Y='59' T='195' />
<Point X='176' Y='60' T='205' />
<Point X='176' Y='61' T='213' />
<Point X='176' Y='63' T='229' />
<Point X='176' Y='65' T='238' />
<Point X='176' Y='67' T='247' />
<Point X='176' Y='70' T='262' />
<Point X='177' Y='74' T='273' />
<Point X='177' Y='76' T='294' />
<Point X='178' Y='79' T='306' />
<Point X='178' Y='81' T='313' />
<Point X='179' Y='84' T='330' />
<Point X='180' Y='87' T='342' />
<Point X='181' Y='91' T='352' />
<Point X='182' Y='95' T='364' />
<Point X='183' Y='98' T='374' />
<Point X='185' Y='101' T='381' />
<Point X='186' Y='104' T='393' />
<Point X='188' Y='108' T='410' />
<Point X='189' Y='112' T='419' />
<Point X='190' Y='116' T='430' />
<Point X='191' Y='119' T='443' />
<Point X='193' Y='122' T='452' />
<Point X='194' Y='126' T='463' />
<Point X='195' Y='130' T='473' />
<Point X='196' Y='134' T='482' />
<Point X='197' Y='138' T='493' />
<Point X='198' Y='141' T='508' />
<Point X='199' Y='144' T='526' />
<Point X='200' Y='148' T='531' />
<Point X='201' Y='152' T='543' />
<Point X='203' Y='156' T='553' />
<Point X='206' Y='164' T='576' />
<Point X='207' Y='168' T='593' />
<Point X='209' Y='172' T='603' />
<Point X='210' Y='176' T='610' />
<Point X='212' Y='179' T='627' />
<Point X='213' Y='183' T='638' />
<Point X='214' Y='186' T='647' />
<Point X='215' Y='190' T='656' />
<Point X='218' Y='199' T='679' />
<Point X='219' Y='203' T='696' />
<Point X='221' Y='207' T='708' />
<Point X='222' Y='211' T='715' />
<Point X='223' Y='215' T='730' />
<Point X='225' Y='219' T='738' />
<Point X='227' Y='225' T='764' />
<Point X='228' Y='229' T='776' />
<Point X='229' Y='233' T='787' />
<Point X='230' Y='237' T='799' />
<Point X='231' Y='240' T='811' />
<Point X='232' Y='243' T='821' />
<Point X='233' Y='246' T='831' />
<Point X='234' Y='249' T='842' />
<Point X='234' Y='252' T='852' />
<Point X='235' Y='255' T='862' />
<Point X='235' Y='258' T='878' />
<Point X='236' Y='261' T='888' />
<Point X='237' Y='263' T='898' />
<Point X='237' Y='265' T='907' />
<Point X='238' Y='269' T='931' />
<Point X='238' Y='271' T='937' />
<Point X='238' Y='275' T='962' />
<Point X='238' Y='277' T='981' />
<Point X='238' Y='279' T='994' />
<Point X='238' Y='282' T='1004' />
<Point X='238' Y='284' T='1016' />
<Point X='238' Y='286' T='1030' />
<Point X='238' Y='287' T='1048' />
<Point X='238' Y='288' T='1059' />
<Point X='238' Y='289' T='1070' />
<Point X='238' Y='290' T='1083' />
<Point X='238' Y='291' T='1098' />
<Point X='238' Y='291' T='1114' />
<Point X='239' Y='292' T='1126' />
<Point X='239' Y='293' T='1134' />
<Point X='239' Y='293' T='1144' />
<Point X='239' Y='294' T='1164' />
<Point X='239' Y='294' T='1176' />
<Point X='239' Y='295' T='1184' />
<Point X='239' Y='295' T='1196' />
</Stroke>
<Stroke index = '4' >
<Point X='513' Y='69' T='87' />
<Point X='513' Y='69' T='140' />
<Point X='513' Y='70' T='159' />
<Point X='513' Y='71' T='168' />
<Point X='513' Y='72' T='180' />
<Point X='513' Y='73' T='193' />
<Point X='513' Y='74' T='203' />
<Point X='513' Y='76' T='211' />
<Point X='513' Y='77' T='227' />
<Point X='513' Y='79' T='237' />
<Point X='513' Y='80' T='245' />
<Point X='513' Y='81' T='260' />
<Point X='512' Y='83' T='271' />
<Point X='511' Y='85' T='292' />
<Point X='511' Y='87' T='303' />
<Point X='510' Y='90' T='312' />
<Point X='509' Y='94' T='328' />
<Point X='509' Y='97' T='340' />
<Point X='508' Y='99' T='350' />
<Point X='507' Y='101' T='362' />
<Point X='507' Y='104' T='373' />
<Point X='506' Y='106' T='380' />
<Point X='505' Y='109' T='390' />
<Point X='504' Y='112' T='408' />
<Point X='504' Y='115' T='417' />
<Point X='503' Y='118' T='428' />
<Point X='502' Y='121' T='440' />
<Point X='501' Y='124' T='450' />
<Point X='500' Y='126' T='459' />
<Point X='498' Y='129' T='471' />
<Point X='497' Y='132' T='480' />
<Point X='496' Y='135' T='492' />
<Point X='494' Y='138' T='507' />
<Point X='493' Y='140' T='525' />
<Point X='492' Y='142' T='530' />
<Point X='491' Y='145' T='542' />
<Point X='490' Y='148' T='550' />
<Point X='487' Y='153' T='575' />
<Point X='486' Y='156' T='592' />
<Point X='485' Y='159' T='601' />
<Point X='484' Y='161' T='608' />
<Point X='483' Y='164' T='627' />
<Point X='482' Y='167' T='636' />
<Point X='481' Y='169' T='645' />
<Point X='480' Y='172' T='655' />
<Point X='477' Y='179' T='678' />
<Point X='476' Y='182' T='694' />
<Point X='474' Y='185' T='706' />
<Point X='473' Y='189' T='714' />
<Point X='471' Y='192' T='728' />
<Point X='470' Y='195' T='736' />
<Point X='467' Y='201' T='763' />
<Point X='466' Y='204' T='774' />
<Point X='464' Y='207' T='785' />
<Point X='463' Y='210' T='796' />
<Point X='462' Y='213' T='809' />
<Point X='460' Y='216' T='819' />
<Point X='459' Y='219' T='828' />
<Point X='458' Y='222' T='840' />
<Point X='456' Y='224' T='850' />
<Point X='455' Y='227' T='859' />
<Point X='454' Y='229' T='877' />
<Point X='452' Y='231' T='885' />
<Point X='451' Y='233' T='896' />
<Point X='449' Y='235' T='905' />
<Point X='447' Y='239' T='930' />
<Point X='446' Y='241' T='936' />
<Point X='444' Y='245' T='960' />
<Point X='443' Y='246' T='978' />
<Point X='442' Y='248' T='992' />
<Point X='441' Y='249' T='1001' />
<Point X='440' Y='250' T='1015' />
<Point X='437' Y='252' T='1028' />
<Point X='436' Y='253' T='1046' />
<Point X='434' Y='255' T='1057' />
<Point X='433' Y='256' T='1067' />
<Point X='431' Y='257' T='1081' />
<Point X='429' Y='259' T='1095' />
<Point X='428' Y='260' T='1113' />
<Point X='427' Y='261' T='1124' />
<Point X='427' Y='262' T='1132' />
<Point X='426' Y='262' T='1141' />
<Point X='426' Y='263' T='1162' />
<Point X='425' Y='263' T='1174' />
<Point X='425' Y='264' T='1181' />
<Point X='424' Y='264' T='1195' />
</Stroke>

</Gesture>
