<?xml version='1.0' encoding='utf-8' standalone='yes'?>
<Gesture Name ='11_1_20' Subject = 'test'  Speed = 'MEDIUM' NumPts = '364' InputType='finger' >

<Stroke index = '5' >
<Point X='558' Y='230' T='0' />
<Point X='559' Y='224' T='84' />
<Point X='559' Y='223' T='105' />
<Point X='559' Y='222' T='119' />
<Point X='559' Y='222' T='185' />
<Point X='559' Y='223' T='229' />
<Point X='559' Y='226' T='252' />
<Point X='559' Y='230' T='265' />
<Point X='558' Y='233' T='276' />
<Point X='557' Y='237' T='288' />
<Point X='555' Y='239' T='301' />
<Point X='553' Y='242' T='313' />
<Point X='548' Y='250' T='336' />
<Point X='546' Y='254' T='344' />
<Point X='542' Y='261' T='369' />
<Point X='540' Y='265' T='384' />
<Point X='537' Y='269' T='397' />
<Point X='534' Y='274' T='407' />
<Point X='531' Y='278' T='423' />
<Point X='525' Y='286' T='438' />
<Point X='521' Y='290' T='450' />
<Point X='518' Y='295' T='463' />
<Point X='514' Y='299' T='472' />
<Point X='511' Y='303' T='485' />
<Point X='508' Y='306' T='497' />
<Point X='504' Y='310' T='509' />
<Point X='501' Y='314' T='520' />
<Point X='498' Y='318' T='532' />
<Point X='494' Y='322' T='541' />
<Point X='490' Y='326' T='553' />
<Point X='487' Y='330' T='564' />
<Point X='483' Y='334' T='576' />
<Point X='480' Y='337' T='586' />
<Point X='476' Y='341' T='598' />
<Point X='472' Y='344' T='611' />
<Point X='468' Y='347' T='620' />
<Point X='465' Y='351' T='632' />
<Point X='462' Y='355' T='644' />
<Point X='459' Y='358' T='654' />
<Point X='457' Y='361' T='666' />
<Point X='454' Y='364' T='678' />
<Point X='451' Y='367' T='687' />
<Point X='448' Y='370' T='699' />
<Point X='445' Y='373' T='709' />
<Point X='443' Y='376' T='721' />
<Point X='441' Y='378' T='737' />
<Point X='439' Y='381' T='744' />
<Point X='438' Y='383' T='755' />
<Point X='436' Y='385' T='772' />
<Point X='435' Y='386' T='782' />
<Point X='433' Y='388' T='790' />
<Point X='432' Y='390' T='801' />
<Point X='430' Y='391' T='813' />
<Point X='429' Y='393' T='822' />
<Point X='428' Y='394' T='839' />
<Point X='427' Y='396' T='850' />
<Point X='426' Y='397' T='857' />
<Point X='425' Y='399' T='872' />
<Point X='424' Y='400' T='883' />
<Point X='423' Y='401' T='893' />
<Point X='422' Y='403' T='906' />
<Point X='422' Y='404' T='918' />
<Point X='421' Y='405' T='928' />
<Point X='421' Y='405' T='938' />
<Point X='420' Y='406' T='947' />
<Point X='419' Y='407' T='972' />
<Point X='419' Y='407' T='983' />
<Point X='418' Y='408' T='1006' />
<Point X='417' Y='409' T='1018' />
<Point X='417' Y='409' T='1029' />
<Point X='417' Y='410' T='1041' />
<Point X='416' Y='410' T='1053' />
<Point X='416' Y='411' T='1063' />
</Stroke>
<Stroke index = '1' >
<Point X='1' Y='456' T='72' />
<Point X='1' Y='456' T='85' />
<Point X='0' Y='456' T='120' />
<Point X='0' Y='456' T='151' />
<Point X='1' Y='456' T='196' />
<Point X='3' Y='456' T='207' />
<Point X='5' Y='456' T='218' />
<Point X='8' Y='456' T='230' />
<Point X='13' Y='456' T='253' />
<Point X='15' Y='455' T='266' />
<Point X='17' Y='455' T='278' />
<Point X='20' Y='454' T='289' />
<Point X='22' Y='454' T='303' />
<Point X='25' Y='453' T='313' />
<Point X='31' Y='453' T='337' />
<Point X='34' Y='452' T='345' />
<Point X='40' Y='452' T='371' />
<Point X='42' Y='452' T='385' />
<Point X='45' Y='452' T='398' />
<Point X='47' Y='452' T='409' />
<Point X='50' Y='452' T='424' />
<Point X='57' Y='452' T='439' />
<Point X='60' Y='452' T='452' />
<Point X='63' Y='452' T='465' />
<Point X='65' Y='453' T='473' />
<Point X='68' Y='453' T='486' />
<Point X='70' Y='453' T='498' />
<Point X='73' Y='453' T='510' />
<Point X='77' Y='454' T='522' />
<Point X='80' Y='454' T='534' />
<Point X='83' Y='455' T='541' />
<Point X='85' Y='455' T='553' />
<Point X='88' Y='456' T='565' />
<Point X='90' Y='456' T='577' />
<Point X='94' Y='457' T='588' />
<Point X='98' Y='457' T='600' />
<Point X='101' Y='458' T='612' />
<Point X='104' Y='458' T='621' />
<Point X='107' Y='459' T='633' />
<Point X='109' Y='460' T='644' />
<Point X='112' Y='461' T='655' />
<Point X='115' Y='462' T='668' />
<Point X='118' Y='463' T='680' />
<Point X='120' Y='463' T='688' />
<Point X='122' Y='464' T='700' />
<Point X='124' Y='465' T='710' />
<Point X='126' Y='465' T='721' />
<Point X='128' Y='466' T='738' />
<Point X='130' Y='467' T='745' />
<Point X='132' Y='468' T='756' />
<Point X='135' Y='468' T='773' />
<Point X='138' Y='469' T='784' />
<Point X='140' Y='469' T='791' />
<Point X='142' Y='469' T='803' />
<Point X='143' Y='469' T='814' />
<Point X='144' Y='469' T='823' />
<Point X='145' Y='470' T='840' />
<Point X='146' Y='470' T='851' />
<Point X='148' Y='470' T='858' />
<Point X='150' Y='471' T='873' />
<Point X='152' Y='471' T='884' />
<Point X='154' Y='471' T='895' />
<Point X='156' Y='471' T='907' />
<Point X='158' Y='471' T='919' />
<Point X='160' Y='471' T='931' />
<Point X='161' Y='471' T='939' />
<Point X='162' Y='471' T='948' />
<Point X='164' Y='470' T='974' />
<Point X='165' Y='470' T='984' />
<Point X='166' Y='470' T='1007' />
<Point X='166' Y='470' T='1019' />
<Point X='167' Y='470' T='1032' />
<Point X='167' Y='470' T='1042' />
</Stroke>
<Stroke index = '3' >
<Point X='341' Y='0' T='122' />
<Point X='340' Y='0' T='130' />
<Point X='340' Y='0' T='137' />
<Point X='339' Y='0' T='152' />
<Point X='338' Y='0' T='186' />
<Point X='338' Y='1' T='197' />
<Point X='338' Y='3' T='208' />
<Point X='338' Y='5' T='219' />
<Point X='338' Y='7' T='231' />
<Point X='338' Y='11' T='254' />
<Point X='338' Y='14' T='267' />
<Point X='338' Y='17' T='279' />
<Point X='338' Y='22' T='291' />
<Point X='338' Y='26' T='304' />
<Point X='338' Y='30' T='314' />
<Point X='338' Y='38' T='338' />
<Point X='338' Y='43' T='345' />
<Point X='339' Y='53' T='372' />
<Point X='339' Y='57' T='387' />
<Point X='339' Y='63' T='400' />
<Point X='339' Y='68' T='410' />
<Point X='340' Y='73' T='426' />
<Point X='340' Y='85' T='440' />
<Point X='340' Y='90' T='454' />
<Point X='340' Y='96' T='466' />
<Point X='340' Y='101' T='474' />
<Point X='340' Y='107' T='487' />
<Point X='339' Y='112' T='499' />
<Point X='338' Y='117' T='511' />
<Point X='338' Y='123' T='522' />
<Point X='337' Y='128' T='535' />
<Point X='336' Y='133' T='542' />
<Point X='335' Y='139' T='554' />
<Point X='334' Y='144' T='566' />
<Point X='334' Y='149' T='579' />
<Point X='333' Y='154' T='589' />
<Point X='332' Y='160' T='601' />
<Point X='331' Y='165' T='615' />
<Point X='331' Y='170' T='622' />
<Point X='330' Y='175' T='634' />
<Point X='329' Y='180' T='645' />
<Point X='328' Y='185' T='657' />
<Point X='327' Y='190' T='669' />
<Point X='326' Y='195' T='681' />
<Point X='325' Y='199' T='689' />
<Point X='324' Y='203' T='701' />
<Point X='323' Y='207' T='711' />
<Point X='322' Y='211' T='723' />
<Point X='321' Y='215' T='739' />
<Point X='320' Y='218' T='746' />
<Point X='319' Y='221' T='757' />
<Point X='318' Y='224' T='773' />
<Point X='317' Y='227' T='785' />
<Point X='316' Y='229' T='793' />
<Point X='315' Y='232' T='805' />
<Point X='315' Y='234' T='816' />
<Point X='314' Y='236' T='824' />
<Point X='313' Y='238' T='841' />
<Point X='313' Y='240' T='852' />
<Point X='312' Y='242' T='860' />
<Point X='311' Y='244' T='874' />
<Point X='311' Y='246' T='885' />
<Point X='310' Y='249' T='895' />
<Point X='309' Y='251' T='908' />
<Point X='309' Y='252' T='922' />
<Point X='308' Y='254' T='932' />
<Point X='308' Y='255' T='940' />
<Point X='307' Y='256' T='949' />
<Point X='306' Y='259' T='975' />
<Point X='306' Y='260' T='985' />
<Point X='305' Y='261' T='1009' />
<Point X='304' Y='262' T='1020' />
<Point X='304' Y='262' T='1034' />
<Point X='304' Y='263' T='1044' />
<Point X='304' Y='263' T='1056' />
</Stroke>
<Stroke index = '4' >
<Point X='485' Y='67' T='134' />
<Point X='484' Y='69' T='187' />
<Point X='484' Y='70' T='197' />
<Point X='484' Y='72' T='209' />
<Point X='484' Y='74' T='220' />
<Point X='484' Y='76' T='232' />
<Point X='483' Y='81' T='256' />
<Point X='482' Y='85' T='268' />
<Point X='482' Y='89' T='280' />
<Point X='481' Y='93' T='292' />
<Point X='480' Y='96' T='305' />
<Point X='479' Y='100' T='315' />
<Point X='477' Y='109' T='339' />
<Point X='476' Y='114' T='346' />
<Point X='474' Y='122' T='372' />
<Point X='473' Y='127' T='387' />
<Point X='472' Y='132' T='402' />
<Point X='470' Y='137' T='411' />
<Point X='469' Y='142' T='426' />
<Point X='465' Y='152' T='440' />
<Point X='463' Y='157' T='455' />
<Point X='462' Y='162' T='467' />
<Point X='460' Y='168' T='474' />
<Point X='459' Y='173' T='488' />
<Point X='457' Y='177' T='500' />
<Point X='456' Y='182' T='512' />
<Point X='454' Y='187' T='523' />
<Point X='451' Y='192' T='536' />
<Point X='449' Y='197' T='545' />
<Point X='446' Y='202' T='555' />
<Point X='444' Y='207' T='567' />
<Point X='441' Y='213' T='580' />
<Point X='439' Y='218' T='590' />
<Point X='437' Y='222' T='604' />
<Point X='435' Y='227' T='615' />
<Point X='433' Y='231' T='623' />
<Point X='431' Y='236' T='636' />
<Point X='429' Y='240' T='646' />
<Point X='427' Y='244' T='657' />
<Point X='425' Y='248' T='670' />
<Point X='423' Y='252' T='681' />
<Point X='421' Y='256' T='690' />
<Point X='420' Y='260' T='701' />
<Point X='418' Y='264' T='713' />
<Point X='417' Y='267' T='724' />
<Point X='415' Y='270' T='740' />
<Point X='414' Y='273' T='747' />
<Point X='413' Y='276' T='758' />
<Point X='412' Y='279' T='774' />
<Point X='410' Y='281' T='786' />
<Point X='409' Y='283' T='794' />
<Point X='408' Y='285' T='806' />
<Point X='406' Y='287' T='816' />
<Point X='405' Y='289' T='826' />
<Point X='403' Y='292' T='842' />
<Point X='402' Y='294' T='854' />
<Point X='400' Y='297' T='860' />
<Point X='399' Y='299' T='875' />
<Point X='398' Y='301' T='885' />
<Point X='398' Y='303' T='897' />
<Point X='397' Y='305' T='909' />
<Point X='396' Y='306' T='922' />
<Point X='396' Y='307' T='933' />
<Point X='395' Y='309' T='941' />
<Point X='395' Y='310' T='949' />
<Point X='394' Y='312' T='976' />
<Point X='393' Y='313' T='986' />
<Point X='392' Y='315' T='1009' />
<Point X='392' Y='315' T='1021' />
<Point X='392' Y='316' T='1036' />
<Point X='391' Y='316' T='1045' />
<Point X='391' Y='317' T='1056' />
</Stroke>
<Stroke index = '2' >
<Point X='171' Y='63' T='154' />
<Point X='171' Y='63' T='189' />
<Point X='171' Y='64' T='198' />
<Point X='172' Y='66' T='210' />
<Point X='172' Y='68' T='221' />
<Point X='173' Y='70' T='233' />
<Point X='173' Y='76' T='257' />
<Point X='173' Y='79' T='269' />
<Point X='173' Y='83' T='280' />
<Point X='174' Y='88' T='294' />
<Point X='174' Y='92' T='306' />
<Point X='175' Y='96' T='316' />
<Point X='177' Y='106' T='340' />
<Point X='178' Y='111' T='346' />
<Point X='180' Y='121' T='374' />
<Point X='181' Y='126' T='389' />
<Point X='182' Y='132' T='403' />
<Point X='184' Y='137' T='413' />
<Point X='185' Y='143' T='427' />
<Point X='187' Y='155' T='442' />
<Point X='188' Y='161' T='456' />
<Point X='190' Y='167' T='468' />
<Point X='191' Y='173' T='476' />
<Point X='192' Y='178' T='490' />
<Point X='193' Y='184' T='501' />
<Point X='194' Y='190' T='514' />
<Point X='195' Y='196' T='525' />
<Point X='196' Y='201' T='537' />
<Point X='198' Y='207' T='546' />
<Point X='199' Y='213' T='556' />
<Point X='201' Y='219' T='569' />
<Point X='202' Y='224' T='582' />
<Point X='204' Y='230' T='591' />
<Point X='205' Y='236' T='605' />
<Point X='207' Y='242' T='616' />
<Point X='208' Y='248' T='624' />
<Point X='210' Y='253' T='637' />
<Point X='211' Y='258' T='646' />
<Point X='212' Y='263' T='660' />
<Point X='213' Y='269' T='671' />
<Point X='214' Y='274' T='683' />
<Point X='214' Y='278' T='691' />
<Point X='215' Y='282' T='703' />
<Point X='215' Y='286' T='714' />
<Point X='216' Y='291' T='725' />
<Point X='216' Y='295' T='742' />
<Point X='217' Y='299' T='748' />
<Point X='217' Y='302' T='759' />
<Point X='218' Y='304' T='776' />
<Point X='218' Y='307' T='787' />
<Point X='219' Y='310' T='794' />
<Point X='219' Y='313' T='807' />
<Point X='219' Y='316' T='817' />
<Point X='220' Y='319' T='826' />
<Point X='220' Y='321' T='844' />
<Point X='220' Y='323' T='855' />
<Point X='220' Y='325' T='862' />
<Point X='219' Y='327' T='876' />
<Point X='219' Y='329' T='887' />
<Point X='218' Y='331' T='899' />
<Point X='218' Y='333' T='911' />
<Point X='218' Y='336' T='923' />
<Point X='218' Y='338' T='934' />
<Point X='218' Y='340' T='942' />
<Point X='218' Y='341' T='949' />
<Point X='218' Y='343' T='976' />
<Point X='219' Y='344' T='987' />
<Point X='219' Y='345' T='1010' />
<Point X='219' Y='345' T='1022' />
<Point X='219' Y='346' T='1037' />
<Point X='219' Y='346' T='1046' />
</Stroke>

</Gesture>
