<?xml version='1.0' encoding='utf-8' standalone='yes'?>
<Gesture Name ='11_1_9' Subject = 'test'  Speed = 'MEDIUM' NumPts = '422' InputType='finger' >

<Stroke index = '4' >
<Point X='514' Y='66' T='126' />
<Point X='513' Y='66' T='140' />
<Point X='513' Y='67' T='165' />
<Point X='513' Y='68' T='177' />
<Point X='512' Y='69' T='187' />
<Point X='512' Y='70' T='201' />
<Point X='511' Y='72' T='210' />
<Point X='511' Y='73' T='231' />
<Point X='510' Y='75' T='241' />
<Point X='510' Y='77' T='251' />
<Point X='508' Y='83' T='269' />
<Point X='508' Y='86' T='281' />
<Point X='507' Y='89' T='292' />
<Point X='505' Y='97' T='333' />
<Point X='503' Y='107' T='367' />
<Point X='502' Y='110' T='379' />
<Point X='501' Y='113' T='393' />
<Point X='500' Y='116' T='404' />
<Point X='498' Y='124' T='432' />
<Point X='496' Y='131' T='446' />
<Point X='495' Y='135' T='460' />
<Point X='494' Y='139' T='473' />
<Point X='492' Y='142' T='482' />
<Point X='490' Y='147' T='494' />
<Point X='489' Y='151' T='506' />
<Point X='487' Y='154' T='515' />
<Point X='485' Y='158' T='524' />
<Point X='483' Y='161' T='532' />
<Point X='482' Y='165' T='545' />
<Point X='480' Y='169' T='564' />
<Point X='479' Y='172' T='577' />
<Point X='477' Y='175' T='585' />
<Point X='476' Y='179' T='601' />
<Point X='475' Y='182' T='612' />
<Point X='474' Y='186' T='617' />
<Point X='472' Y='190' T='633' />
<Point X='470' Y='194' T='648' />
<Point X='468' Y='197' T='659' />
<Point X='466' Y='200' T='669' />
<Point X='464' Y='204' T='682' />
<Point X='463' Y='208' T='692' />
<Point X='461' Y='212' T='703' />
<Point X='460' Y='215' T='714' />
<Point X='458' Y='219' T='723' />
<Point X='457' Y='222' T='734' />
<Point X='455' Y='226' T='747' />
<Point X='453' Y='230' T='758' />
<Point X='451' Y='234' T='767' />
<Point X='449' Y='238' T='779' />
<Point X='447' Y='240' T='789' />
<Point X='445' Y='243' T='800' />
<Point X='443' Y='247' T='812' />
<Point X='442' Y='250' T='818' />
<Point X='440' Y='253' T='831' />
<Point X='439' Y='256' T='846' />
<Point X='437' Y='259' T='863' />
<Point X='436' Y='261' T='870' />
<Point X='435' Y='263' T='880' />
<Point X='434' Y='266' T='897' />
<Point X='432' Y='268' T='907' />
<Point X='431' Y='271' T='915' />
<Point X='430' Y='274' T='926' />
<Point X='428' Y='279' T='948' />
<Point X='427' Y='281' T='969' />
<Point X='424' Y='285' T='980' />
<Point X='423' Y='287' T='998' />
<Point X='421' Y='289' T='1007' />
<Point X='420' Y='291' T='1016' />
<Point X='419' Y='293' T='1034' />
<Point X='418' Y='295' T='1043' />
<Point X='417' Y='297' T='1052' />
<Point X='416' Y='299' T='1068' />
<Point X='414' Y='304' T='1099' />
<Point X='413' Y='305' T='1109' />
<Point X='413' Y='306' T='1122' />
<Point X='412' Y='307' T='1135' />
<Point X='412' Y='309' T='1147' />
<Point X='411' Y='310' T='1155' />
<Point X='411' Y='311' T='1167' />
<Point X='410' Y='312' T='1179' />
<Point X='409' Y='313' T='1185' />
<Point X='409' Y='314' T='1200' />
<Point X='408' Y='315' T='1207' />
<Point X='408' Y='315' T='1217' />
</Stroke>
<Stroke index = '3' >
<Point X='354' Y='0' T='108' />
<Point X='354' Y='0' T='123' />
<Point X='354' Y='0' T='165' />
<Point X='353' Y='0' T='177' />
<Point X='353' Y='1' T='186' />
<Point X='353' Y='3' T='199' />
<Point X='353' Y='5' T='209' />
<Point X='352' Y='6' T='230' />
<Point X='352' Y='8' T='240' />
<Point X='352' Y='9' T='249' />
<Point X='351' Y='13' T='268' />
<Point X='351' Y='17' T='281' />
<Point X='351' Y='21' T='290' />
<Point X='350' Y='30' T='332' />
<Point X='350' Y='41' T='366' />
<Point X='350' Y='45' T='379' />
<Point X='350' Y='48' T='391' />
<Point X='350' Y='52' T='404' />
<Point X='349' Y='60' T='430' />
<Point X='349' Y='69' T='446' />
<Point X='349' Y='72' T='458' />
<Point X='349' Y='77' T='472' />
<Point X='348' Y='81' T='481' />
<Point X='348' Y='86' T='492' />
<Point X='348' Y='90' T='505' />
<Point X='347' Y='94' T='513' />
<Point X='347' Y='99' T='524' />
<Point X='346' Y='103' T='532' />
<Point X='346' Y='108' T='544' />
<Point X='345' Y='112' T='564' />
<Point X='345' Y='115' T='576' />
<Point X='344' Y='120' T='583' />
<Point X='343' Y='124' T='599' />
<Point X='342' Y='128' T='612' />
<Point X='342' Y='132' T='617' />
<Point X='341' Y='136' T='632' />
<Point X='341' Y='140' T='647' />
<Point X='340' Y='144' T='658' />
<Point X='339' Y='148' T='668' />
<Point X='339' Y='152' T='681' />
<Point X='338' Y='156' T='691' />
<Point X='337' Y='160' T='702' />
<Point X='336' Y='165' T='713' />
<Point X='336' Y='169' T='721' />
<Point X='335' Y='173' T='733' />
<Point X='334' Y='177' T='745' />
<Point X='333' Y='181' T='756' />
<Point X='332' Y='185' T='767' />
<Point X='331' Y='189' T='777' />
<Point X='331' Y='193' T='788' />
<Point X='330' Y='196' T='798' />
<Point X='329' Y='199' T='812' />
<Point X='328' Y='202' T='818' />
<Point X='327' Y='205' T='831' />
<Point X='327' Y='209' T='846' />
<Point X='326' Y='212' T='863' />
<Point X='325' Y='214' T='869' />
<Point X='325' Y='217' T='880' />
<Point X='324' Y='220' T='896' />
<Point X='324' Y='222' T='907' />
<Point X='323' Y='225' T='914' />
<Point X='322' Y='227' T='924' />
<Point X='321' Y='232' T='947' />
<Point X='321' Y='234' T='968' />
<Point X='320' Y='238' T='980' />
<Point X='319' Y='240' T='998' />
<Point X='319' Y='242' T='1006' />
<Point X='318' Y='244' T='1014' />
<Point X='317' Y='247' T='1033' />
<Point X='317' Y='249' T='1042' />
<Point X='316' Y='251' T='1052' />
<Point X='316' Y='253' T='1067' />
<Point X='315' Y='257' T='1098' />
<Point X='314' Y='258' T='1109' />
<Point X='314' Y='260' T='1120' />
<Point X='314' Y='261' T='1134' />
<Point X='313' Y='263' T='1146' />
<Point X='313' Y='264' T='1154' />
<Point X='312' Y='265' T='1166' />
<Point X='312' Y='266' T='1178' />
<Point X='312' Y='267' T='1185' />
<Point X='311' Y='268' T='1199' />
<Point X='311' Y='268' T='1207' />
<Point X='311' Y='269' T='1217' />
</Stroke>
<Stroke index = '1' >
<Point X='0' Y='443' T='81' />
<Point X='0' Y='443' T='94' />
<Point X='0' Y='443' T='120' />
<Point X='0' Y='443' T='176' />
<Point X='1' Y='443' T='185' />
<Point X='1' Y='443' T='198' />
<Point X='2' Y='443' T='208' />
<Point X='3' Y='443' T='228' />
<Point X='4' Y='444' T='239' />
<Point X='5' Y='444' T='248' />
<Point X='8' Y='445' T='267' />
<Point X='10' Y='445' T='280' />
<Point X='12' Y='445' T='289' />
<Point X='18' Y='445' T='330' />
<Point X='24' Y='447' T='365' />
<Point X='26' Y='447' T='377' />
<Point X='28' Y='448' T='390' />
<Point X='31' Y='448' T='402' />
<Point X='36' Y='448' T='429' />
<Point X='41' Y='449' T='445' />
<Point X='43' Y='449' T='457' />
<Point X='45' Y='449' T='471' />
<Point X='47' Y='450' T='480' />
<Point X='50' Y='450' T='492' />
<Point X='53' Y='450' T='503' />
<Point X='56' Y='450' T='513' />
<Point X='58' Y='450' T='524' />
<Point X='61' Y='450' T='532' />
<Point X='63' Y='451' T='544' />
<Point X='66' Y='451' T='561' />
<Point X='69' Y='451' T='575' />
<Point X='72' Y='452' T='583' />
<Point X='75' Y='452' T='598' />
<Point X='78' Y='452' T='611' />
<Point X='81' Y='453' T='616' />
<Point X='84' Y='453' T='630' />
<Point X='87' Y='453' T='647' />
<Point X='89' Y='454' T='656' />
<Point X='92' Y='454' T='667' />
<Point X='95' Y='455' T='679' />
<Point X='98' Y='455' T='690' />
<Point X='102' Y='456' T='700' />
<Point X='105' Y='456' T='713' />
<Point X='108' Y='457' T='720' />
<Point X='110' Y='457' T='732' />
<Point X='113' Y='458' T='745' />
<Point X='115' Y='458' T='754' />
<Point X='118' Y='459' T='765' />
<Point X='121' Y='460' T='777' />
<Point X='124' Y='460' T='787' />
<Point X='126' Y='461' T='797' />
<Point X='128' Y='461' T='810' />
<Point X='130' Y='462' T='817' />
<Point X='132' Y='462' T='830' />
<Point X='134' Y='463' T='846' />
<Point X='136' Y='463' T='862' />
<Point X='138' Y='464' T='869' />
<Point X='140' Y='464' T='879' />
<Point X='142' Y='465' T='896' />
<Point X='144' Y='465' T='905' />
<Point X='146' Y='466' T='914' />
<Point X='148' Y='466' T='922' />
<Point X='152' Y='467' T='947' />
<Point X='153' Y='467' T='966' />
<Point X='156' Y='468' T='979' />
<Point X='158' Y='468' T='997' />
<Point X='159' Y='469' T='1006' />
<Point X='161' Y='469' T='1014' />
<Point X='162' Y='469' T='1031' />
<Point X='164' Y='469' T='1040' />
<Point X='165' Y='469' T='1051' />
<Point X='167' Y='470' T='1066' />
<Point X='172' Y='470' T='1097' />
<Point X='174' Y='470' T='1107' />
<Point X='176' Y='470' T='1119' />
<Point X='177' Y='470' T='1133' />
<Point X='178' Y='470' T='1144' />
<Point X='179' Y='470' T='1153' />
<Point X='180' Y='470' T='1164' />
<Point X='180' Y='470' T='1177' />
<Point X='181' Y='470' T='1184' />
<Point X='181' Y='470' T='1199' />
<Point X='182' Y='470' T='1207' />
</Stroke>
<Stroke index = '2' >
<Point X='191' Y='56' T='144' />
<Point X='190' Y='56' T='166' />
<Point X='190' Y='56' T='178' />
<Point X='190' Y='57' T='189' />
<Point X='190' Y='59' T='201' />
<Point X='190' Y='61' T='211' />
<Point X='190' Y='64' T='232' />
<Point X='190' Y='66' T='242' />
<Point X='190' Y='68' T='252' />
<Point X='190' Y='73' T='271' />
<Point X='190' Y='77' T='282' />
<Point X='190' Y='81' T='294' />
<Point X='190' Y='92' T='333' />
<Point X='190' Y='104' T='369' />
<Point X='190' Y='108' T='380' />
<Point X='190' Y='112' T='394' />
<Point X='190' Y='116' T='406' />
<Point X='190' Y='125' T='433' />
<Point X='191' Y='134' T='448' />
<Point X='191' Y='138' T='462' />
<Point X='191' Y='143' T='475' />
<Point X='192' Y='148' T='483' />
<Point X='192' Y='153' T='495' />
<Point X='193' Y='158' T='507' />
<Point X='193' Y='163' T='515' />
<Point X='193' Y='168' T='525' />
<Point X='193' Y='173' T='533' />
<Point X='193' Y='177' T='546' />
<Point X='193' Y='182' T='566' />
<Point X='193' Y='187' T='578' />
<Point X='193' Y='192' T='585' />
<Point X='193' Y='196' T='602' />
<Point X='194' Y='201' T='612' />
<Point X='194' Y='206' T='617' />
<Point X='195' Y='210' T='634' />
<Point X='195' Y='215' T='649' />
<Point X='196' Y='219' T='660' />
<Point X='197' Y='224' T='670' />
<Point X='197' Y='229' T='682' />
<Point X='198' Y='234' T='694' />
<Point X='199' Y='238' T='703' />
<Point X='200' Y='242' T='714' />
<Point X='201' Y='247' T='724' />
<Point X='202' Y='252' T='735' />
<Point X='202' Y='256' T='747' />
<Point X='203' Y='260' T='759' />
<Point X='204' Y='265' T='769' />
<Point X='204' Y='269' T='781' />
<Point X='205' Y='274' T='790' />
<Point X='205' Y='277' T='802' />
<Point X='206' Y='280' T='814' />
<Point X='206' Y='284' T='819' />
<Point X='207' Y='288' T='832' />
<Point X='207' Y='291' T='846' />
<Point X='208' Y='295' T='863' />
<Point X='208' Y='298' T='870' />
<Point X='209' Y='300' T='880' />
<Point X='209' Y='304' T='898' />
<Point X='210' Y='307' T='907' />
<Point X='210' Y='310' T='916' />
<Point X='210' Y='312' T='927' />
<Point X='211' Y='317' T='949' />
<Point X='211' Y='319' T='970' />
<Point X='212' Y='323' T='981' />
<Point X='212' Y='325' T='999' />
<Point X='213' Y='328' T='1008' />
<Point X='213' Y='330' T='1016' />
<Point X='214' Y='332' T='1034' />
<Point X='214' Y='334' T='1044' />
<Point X='214' Y='337' T='1053' />
<Point X='215' Y='339' T='1069' />
<Point X='215' Y='343' T='1100' />
<Point X='216' Y='344' T='1110' />
<Point X='216' Y='345' T='1122' />
<Point X='216' Y='346' T='1136' />
<Point X='217' Y='347' T='1148' />
<Point X='217' Y='348' T='1156' />
<Point X='218' Y='349' T='1168' />
<Point X='218' Y='350' T='1180' />
<Point X='218' Y='351' T='1187' />
<Point X='218' Y='351' T='1200' />
<Point X='218' Y='352' T='1208' />
<Point X='218' Y='352' T='1218' />
<Point X='218' Y='353' T='1232' />
</Stroke>
<Stroke index = '5' >
<Point X='595' Y='234' T='0' />
<Point X='593' Y='227' T='93' />
<Point X='593' Y='226' T='104' />
<Point X='593' Y='225' T='118' />
<Point X='593' Y='225' T='129' />
<Point X='593' Y='224' T='139' />
<Point X='592' Y='223' T='164' />
<Point X='592' Y='223' T='174' />
<Point X='591' Y='223' T='197' />
<Point X='591' Y='223' T='207' />
<Point X='590' Y='223' T='227' />
<Point X='589' Y='224' T='238' />
<Point X='588' Y='226' T='247' />
<Point X='586' Y='231' T='266' />
<Point X='585' Y='233' T='279' />
<Point X='584' Y='236' T='288' />
<Point X='580' Y='241' T='328' />
<Point X='575' Y='249' T='363' />
<Point X='573' Y='252' T='375' />
<Point X='571' Y='254' T='388' />
<Point X='569' Y='257' T='401' />
<Point X='565' Y='261' T='427' />
<Point X='561' Y='268' T='443' />
<Point X='559' Y='271' T='456' />
<Point X='556' Y='274' T='470' />
<Point X='554' Y='277' T='479' />
<Point X='551' Y='280' T='489' />
<Point X='549' Y='282' T='503' />
<Point X='546' Y='285' T='512' />
<Point X='544' Y='288' T='522' />
<Point X='542' Y='291' T='531' />
<Point X='539' Y='294' T='543' />
<Point X='537' Y='297' T='560' />
<Point X='534' Y='300' T='572' />
<Point X='532' Y='302' T='582' />
<Point X='530' Y='304' T='596' />
<Point X='528' Y='307' T='611' />
<Point X='526' Y='310' T='616' />
<Point X='523' Y='313' T='628' />
<Point X='521' Y='315' T='645' />
<Point X='519' Y='318' T='655' />
<Point X='516' Y='320' T='664' />
<Point X='514' Y='323' T='679' />
<Point X='512' Y='325' T='688' />
<Point X='509' Y='328' T='698' />
<Point X='507' Y='330' T='711' />
<Point X='505' Y='333' T='719' />
<Point X='503' Y='336' T='730' />
<Point X='501' Y='338' T='743' />
<Point X='499' Y='341' T='753' />
<Point X='497' Y='343' T='764' />
<Point X='494' Y='345' T='775' />
<Point X='492' Y='348' T='786' />
<Point X='490' Y='350' T='795' />
<Point X='488' Y='353' T='808' />
<Point X='486' Y='355' T='816' />
<Point X='485' Y='357' T='830' />
<Point X='483' Y='359' T='845' />
<Point X='481' Y='361' T='861' />
<Point X='479' Y='363' T='868' />
<Point X='477' Y='365' T='878' />
<Point X='475' Y='367' T='895' />
<Point X='473' Y='369' T='904' />
<Point X='472' Y='370' T='912' />
<Point X='470' Y='372' T='922' />
<Point X='467' Y='375' T='946' />
<Point X='465' Y='377' T='964' />
<Point X='463' Y='380' T='978' />
<Point X='462' Y='381' T='996' />
<Point X='461' Y='383' T='1004' />
<Point X='460' Y='384' T='1013' />
<Point X='458' Y='385' T='1030' />
<Point X='457' Y='387' T='1039' />
<Point X='455' Y='388' T='1050' />
<Point X='454' Y='390' T='1065' />
<Point X='450' Y='394' T='1094' />
<Point X='449' Y='395' T='1107' />
<Point X='448' Y='396' T='1118' />
<Point X='447' Y='397' T='1131' />
<Point X='446' Y='398' T='1143' />
<Point X='446' Y='399' T='1152' />
<Point X='445' Y='400' T='1163' />
<Point X='445' Y='401' T='1175' />
<Point X='444' Y='401' T='1183' />
<Point X='444' Y='402' T='1199' />
<Point X='443' Y='402' T='1207' />
<Point X='443' Y='403' T='1216' />
</Stroke>

</Gesture>
