<?xml version='1.0' encoding='utf-8' standalone='yes'?>
<Gesture Name ='11_1_2' Subject = 'test'  Speed = 'MEDIUM' NumPts = '343' InputType='finger' >

<Stroke index = '5' >
<Point X='614' Y='224' T='0' />
<Point X='614' Y='224' T='22' />
<Point X='613' Y='224' T='31' />
<Point X='612' Y='224' T='49' />
<Point X='612' Y='224' T='66' />
<Point X='611' Y='224' T='84' />
<Point X='610' Y='224' T='103' />
<Point X='609' Y='224' T='119' />
<Point X='609' Y='224' T='134' />
<Point X='608' Y='224' T='143' />
<Point X='608' Y='225' T='159' />
<Point X='608' Y='225' T='168' />
<Point X='608' Y='225' T='178' />
<Point X='608' Y='226' T='203' />
<Point X='609' Y='227' T='213' />
<Point X='609' Y='227' T='237' />
<Point X='610' Y='228' T='244' />
<Point X='610' Y='229' T='254' />
<Point X='611' Y='231' T='283' />
<Point X='611' Y='233' T='293' />
<Point X='611' Y='234' T='306' />
<Point X='611' Y='238' T='320' />
<Point X='610' Y='241' T='338' />
<Point X='609' Y='243' T='349' />
<Point X='609' Y='246' T='363' />
<Point X='608' Y='248' T='372' />
<Point X='607' Y='250' T='383' />
<Point X='607' Y='251' T='396' />
<Point X='606' Y='253' T='406' />
<Point X='605' Y='254' T='416' />
<Point X='603' Y='256' T='431' />
<Point X='601' Y='259' T='442' />
<Point X='599' Y='262' T='452' />
<Point X='597' Y='265' T='463' />
<Point X='591' Y='269' T='487' />
<Point X='588' Y='271' T='498' />
<Point X='581' Y='275' T='520' />
<Point X='576' Y='278' T='535' />
<Point X='571' Y='280' T='546' />
<Point X='565' Y='283' T='557' />
<Point X='559' Y='286' T='571' />
<Point X='553' Y='289' T='581' />
<Point X='547' Y='292' T='596' />
<Point X='542' Y='294' T='604' />
<Point X='537' Y='297' T='612' />
<Point X='533' Y='300' T='627' />
<Point X='529' Y='303' T='637' />
<Point X='525' Y='306' T='647' />
<Point X='521' Y='309' T='660' />
<Point X='517' Y='311' T='670' />
<Point X='513' Y='314' T='689' />
<Point X='509' Y='317' T='700' />
<Point X='505' Y='320' T='708' />
<Point X='500' Y='323' T='717' />
<Point X='496' Y='325' T='731' />
<Point X='491' Y='328' T='739' />
<Point X='487' Y='330' T='756' />
<Point X='482' Y='333' T='759' />
<Point X='478' Y='336' T='771' />
<Point X='473' Y='339' T='788' />
<Point X='464' Y='346' T='806' />
<Point X='453' Y='354' T='839' />
<Point X='451' Y='356' T='857' />
<Point X='449' Y='357' T='868' />
<Point X='447' Y='359' T='876' />
<Point X='445' Y='361' T='889' />
<Point X='443' Y='363' T='900' />
<Point X='441' Y='365' T='908' />
<Point X='440' Y='366' T='922' />
<Point X='438' Y='367' T='932' />
<Point X='437' Y='368' T='940' />
<Point X='435' Y='369' T='956' />
<Point X='434' Y='370' T='962' />
<Point X='431' Y='372' T='990' />
<Point X='430' Y='372' T='1000' />
<Point X='429' Y='373' T='1008' />
<Point X='428' Y='373' T='1023' />
<Point X='428' Y='374' T='1031' />
<Point X='427' Y='374' T='1040' />
<Point X='427' Y='374' T='1061' />
<Point X='426' Y='374' T='1094' />
</Stroke>
<Stroke index = '1' >
<Point X='0' Y='410' T='10' />
<Point X='0' Y='410' T='25' />
<Point X='0' Y='409' T='33' />
<Point X='0' Y='408' T='50' />
<Point X='0' Y='408' T='69' />
<Point X='0' Y='407' T='86' />
<Point X='0' Y='407' T='120' />
<Point X='0' Y='407' T='136' />
<Point X='1' Y='407' T='144' />
<Point X='1' Y='407' T='161' />
<Point X='2' Y='407' T='170' />
<Point X='2' Y='408' T='179' />
<Point X='3' Y='409' T='203' />
<Point X='4' Y='409' T='214' />
<Point X='5' Y='410' T='237' />
<Point X='6' Y='411' T='245' />
<Point X='7' Y='412' T='255' />
<Point X='11' Y='415' T='284' />
<Point X='13' Y='416' T='295' />
<Point X='15' Y='418' T='307' />
<Point X='22' Y='420' T='321' />
<Point X='24' Y='421' T='339' />
<Point X='26' Y='422' T='351' />
<Point X='29' Y='423' T='364' />
<Point X='32' Y='424' T='374' />
<Point X='36' Y='426' T='385' />
<Point X='40' Y='427' T='398' />
<Point X='43' Y='428' T='407' />
<Point X='46' Y='429' T='417' />
<Point X='49' Y='431' T='432' />
<Point X='52' Y='432' T='443' />
<Point X='55' Y='432' T='454' />
<Point X='59' Y='432' T='464' />
<Point X='66' Y='432' T='488' />
<Point X='69' Y='432' T='498' />
<Point X='79' Y='433' T='522' />
<Point X='83' Y='434' T='537' />
<Point X='87' Y='434' T='548' />
<Point X='90' Y='434' T='560' />
<Point X='94' Y='435' T='573' />
<Point X='99' Y='436' T='583' />
<Point X='103' Y='436' T='598' />
<Point X='106' Y='437' T='605' />
<Point X='109' Y='437' T='613' />
<Point X='113' Y='438' T='628' />
<Point X='116' Y='439' T='638' />
<Point X='119' Y='439' T='648' />
<Point X='123' Y='440' T='660' />
<Point X='126' Y='441' T='671' />
<Point X='129' Y='441' T='689' />
<Point X='132' Y='442' T='701' />
<Point X='134' Y='442' T='708' />
<Point X='136' Y='443' T='719' />
<Point X='139' Y='443' T='732' />
<Point X='141' Y='444' T='740' />
<Point X='144' Y='444' T='756' />
<Point X='148' Y='445' T='760' />
<Point X='151' Y='446' T='772' />
<Point X='154' Y='447' T='789' />
<Point X='159' Y='448' T='808' />
<Point X='165' Y='451' T='840' />
<Point X='166' Y='452' T='859' />
<Point X='167' Y='452' T='870' />
<Point X='168' Y='453' T='877' />
<Point X='170' Y='454' T='891' />
<Point X='172' Y='455' T='902' />
<Point X='173' Y='455' T='909' />
<Point X='175' Y='455' T='924' />
<Point X='176' Y='455' T='934' />
<Point X='178' Y='455' T='941' />
<Point X='179' Y='455' T='957' />
<Point X='180' Y='455' T='964' />
<Point X='182' Y='455' T='992' />
<Point X='183' Y='455' T='1001' />
<Point X='184' Y='455' T='1010' />
<Point X='185' Y='455' T='1024' />
<Point X='185' Y='455' T='1032' />
</Stroke>
<Stroke index = '4' >
<Point X='509' Y='65' T='147' />
<Point X='509' Y='65' T='161' />
<Point X='508' Y='65' T='171' />
<Point X='508' Y='65' T='179' />
<Point X='508' Y='66' T='205' />
<Point X='507' Y='67' T='216' />
<Point X='507' Y='69' T='238' />
<Point X='507' Y='71' T='247' />
<Point X='507' Y='73' T='256' />
<Point X='507' Y='78' T='285' />
<Point X='507' Y='80' T='296' />
<Point X='507' Y='82' T='308' />
<Point X='506' Y='88' T='322' />
<Point X='506' Y='91' T='341' />
<Point X='506' Y='95' T='352' />
<Point X='505' Y='99' T='365' />
<Point X='505' Y='102' T='374' />
<Point X='504' Y='105' T='386' />
<Point X='504' Y='108' T='399' />
<Point X='503' Y='112' T='409' />
<Point X='502' Y='116' T='419' />
<Point X='501' Y='120' T='433' />
<Point X='500' Y='124' T='443' />
<Point X='498' Y='128' T='454' />
<Point X='496' Y='132' T='464' />
<Point X='492' Y='140' T='489' />
<Point X='490' Y='144' T='499' />
<Point X='486' Y='152' T='523' />
<Point X='484' Y='156' T='538' />
<Point X='482' Y='161' T='550' />
<Point X='479' Y='165' T='562' />
<Point X='477' Y='170' T='573' />
<Point X='474' Y='175' T='585' />
<Point X='472' Y='179' T='598' />
<Point X='469' Y='184' T='606' />
<Point X='467' Y='187' T='615' />
<Point X='465' Y='191' T='630' />
<Point X='463' Y='195' T='638' />
<Point X='460' Y='199' T='649' />
<Point X='457' Y='204' T='660' />
<Point X='455' Y='208' T='672' />
<Point X='452' Y='211' T='691' />
<Point X='449' Y='215' T='703' />
<Point X='446' Y='219' T='710' />
<Point X='444' Y='223' T='721' />
<Point X='441' Y='227' T='733' />
<Point X='439' Y='230' T='741' />
<Point X='436' Y='234' T='757' />
<Point X='434' Y='238' T='761' />
<Point X='431' Y='243' T='772' />
<Point X='428' Y='247' T='790' />
<Point X='424' Y='255' T='808' />
<Point X='419' Y='265' T='841' />
<Point X='418' Y='268' T='860' />
<Point X='416' Y='270' T='871' />
<Point X='415' Y='272' T='878' />
<Point X='414' Y='274' T='892' />
<Point X='413' Y='276' T='903' />
<Point X='412' Y='278' T='910' />
<Point X='410' Y='280' T='926' />
<Point X='409' Y='282' T='935' />
<Point X='408' Y='284' T='942' />
<Point X='406' Y='285' T='959' />
<Point X='405' Y='287' T='965' />
<Point X='402' Y='289' T='993' />
<Point X='401' Y='290' T='1003' />
<Point X='400' Y='291' T='1010' />
<Point X='400' Y='291' T='1024' />
<Point X='399' Y='292' T='1033' />
</Stroke>
<Stroke index = '3' >
<Point X='379' Y='0' T='164' />
<Point X='379' Y='0' T='172' />
<Point X='378' Y='0' T='181' />
<Point X='377' Y='0' T='205' />
<Point X='376' Y='1' T='218' />
<Point X='375' Y='2' T='238' />
<Point X='374' Y='4' T='248' />
<Point X='374' Y='6' T='258' />
<Point X='373' Y='12' T='287' />
<Point X='373' Y='14' T='297' />
<Point X='372' Y='17' T='308' />
<Point X='372' Y='22' T='322' />
<Point X='371' Y='26' T='341' />
<Point X='371' Y='30' T='353' />
<Point X='370' Y='34' T='367' />
<Point X='369' Y='38' T='375' />
<Point X='369' Y='41' T='387' />
<Point X='368' Y='44' T='400' />
<Point X='367' Y='48' T='409' />
<Point X='366' Y='53' T='420' />
<Point X='365' Y='57' T='434' />
<Point X='364' Y='61' T='445' />
<Point X='363' Y='66' T='456' />
<Point X='361' Y='71' T='465' />
<Point X='359' Y='80' T='490' />
<Point X='358' Y='84' T='501' />
<Point X='356' Y='94' T='525' />
<Point X='355' Y='99' T='539' />
<Point X='354' Y='103' T='551' />
<Point X='354' Y='109' T='563' />
<Point X='353' Y='114' T='575' />
<Point X='351' Y='119' T='586' />
<Point X='350' Y='124' T='600' />
<Point X='348' Y='129' T='607' />
<Point X='347' Y='134' T='616' />
<Point X='346' Y='138' T='630' />
<Point X='346' Y='142' T='639' />
<Point X='345' Y='147' T='651' />
<Point X='344' Y='152' T='661' />
<Point X='343' Y='156' T='672' />
<Point X='342' Y='161' T='691' />
<Point X='341' Y='165' T='703' />
<Point X='340' Y='170' T='710' />
<Point X='339' Y='174' T='722' />
<Point X='339' Y='179' T='735' />
<Point X='339' Y='184' T='742' />
<Point X='339' Y='188' T='757' />
<Point X='338' Y='194' T='762' />
<Point X='338' Y='200' T='773' />
</Stroke>
<Stroke index = '2' >
<Point X='188' Y='53' T='173' />
<Point X='188' Y='53' T='181' />
<Point X='187' Y='54' T='206' />
<Point X='187' Y='56' T='219' />
<Point X='187' Y='58' T='239' />
<Point X='187' Y='60' T='249' />
<Point X='187' Y='62' T='258' />
<Point X='188' Y='66' T='288' />
<Point X='188' Y='69' T='298' />
<Point X='189' Y='73' T='309' />
<Point X='189' Y='80' T='323' />
<Point X='189' Y='83' T='343' />
<Point X='190' Y='87' T='356' />
<Point X='190' Y='91' T='368' />
<Point X='190' Y='95' T='377' />
<Point X='190' Y='100' T='389' />
<Point X='190' Y='103' T='402' />
<Point X='190' Y='108' T='410' />
<Point X='189' Y='113' T='422' />
<Point X='189' Y='118' T='436' />
<Point X='188' Y='123' T='446' />
<Point X='187' Y='129' T='457' />
<Point X='187' Y='135' T='465' />
<Point X='187' Y='146' T='491' />
<Point X='187' Y='152' T='502' />
<Point X='187' Y='163' T='526' />
<Point X='188' Y='169' T='539' />
<Point X='188' Y='175' T='552' />
<Point X='188' Y='181' T='564' />
<Point X='189' Y='187' T='575' />
<Point X='189' Y='193' T='588' />
<Point X='189' Y='199' T='600' />
<Point X='190' Y='204' T='607' />
<Point X='191' Y='209' T='617' />
<Point X='192' Y='214' T='632' />
<Point X='193' Y='220' T='640' />
<Point X='194' Y='224' T='652' />
<Point X='195' Y='229' T='661' />
<Point X='196' Y='234' T='672' />
<Point X='197' Y='239' T='693' />
<Point X='198' Y='244' T='704' />
<Point X='198' Y='248' T='711' />
<Point X='199' Y='253' T='723' />
<Point X='199' Y='258' T='736' />
<Point X='200' Y='263' T='742' />
<Point X='201' Y='267' T='757' />
<Point X='201' Y='272' T='762' />
<Point X='202' Y='278' T='773' />
<Point X='204' Y='284' T='790' />
<Point X='206' Y='295' T='809' />
<Point X='209' Y='308' T='842' />
<Point X='210' Y='311' T='861' />
<Point X='211' Y='314' T='872' />
<Point X='211' Y='316' T='879' />
<Point X='212' Y='318' T='894' />
<Point X='212' Y='321' T='905' />
<Point X='212' Y='324' T='911' />
<Point X='212' Y='326' T='927' />
<Point X='212' Y='328' T='937' />
<Point X='212' Y='330' T='942' />
<Point X='212' Y='331' T='960' />
<Point X='212' Y='332' T='965' />
<Point X='212' Y='334' T='994' />
<Point X='212' Y='335' T='1004' />
<Point X='212' Y='335' T='1012' />
<Point X='212' Y='336' T='1025' />
<Point X='212' Y='336' T='1034' />
</Stroke>

</Gesture>
