<?xml version='1.0' encoding='utf-8' standalone='yes'?>
<Gesture Name ='11_1_16' Subject = 'test'  Speed = 'MEDIUM' NumPts = '414' InputType='finger' >

<Stroke index = '3' >
<Point X='361' Y='0' T='136' />
<Point X='361' Y='0' T='139' />
<Point X='360' Y='0' T='159' />
<Point X='360' Y='0' T='173' />
<Point X='359' Y='1' T='186' />
<Point X='359' Y='1' T='195' />
<Point X='359' Y='2' T='209' />
<Point X='359' Y='3' T='226' />
<Point X='358' Y='4' T='238' />
<Point X='358' Y='6' T='249' />
<Point X='358' Y='9' T='261' />
<Point X='357' Y='12' T='270' />
<Point X='357' Y='16' T='279' />
<Point X='357' Y='19' T='295' />
<Point X='357' Y='22' T='306' />
<Point X='356' Y='25' T='316' />
<Point X='356' Y='28' T='329' />
<Point X='356' Y='32' T='341' />
<Point X='356' Y='36' T='347' />
<Point X='356' Y='40' T='362' />
<Point X='356' Y='44' T='378' />
<Point X='356' Y='47' T='388' />
<Point X='356' Y='51' T='399' />
<Point X='356' Y='56' T='409' />
<Point X='356' Y='60' T='429' />
<Point X='356' Y='67' T='441' />
<Point X='355' Y='71' T='463' />
<Point X='355' Y='76' T='475' />
<Point X='355' Y='81' T='482' />
<Point X='355' Y='85' T='493' />
<Point X='355' Y='89' T='502' />
<Point X='355' Y='94' T='511' />
<Point X='354' Y='99' T='526' />
<Point X='354' Y='104' T='535' />
<Point X='354' Y='109' T='547' />
<Point X='354' Y='114' T='559' />
<Point X='353' Y='120' T='577' />
<Point X='353' Y='125' T='586' />
<Point X='353' Y='129' T='600' />
<Point X='352' Y='135' T='611' />
<Point X='351' Y='145' T='631' />
<Point X='350' Y='149' T='644' />
<Point X='349' Y='154' T='655' />
<Point X='348' Y='159' T='665' />
<Point X='347' Y='164' T='678' />
<Point X='347' Y='168' T='688' />
<Point X='346' Y='172' T='700' />
<Point X='345' Y='177' T='713' />
<Point X='344' Y='185' T='730' />
<Point X='343' Y='188' T='743' />
<Point X='342' Y='191' T='752' />
<Point X='341' Y='194' T='762' />
<Point X='340' Y='197' T='779' />
<Point X='339' Y='201' T='787' />
<Point X='338' Y='204' T='800' />
<Point X='337' Y='207' T='813' />
<Point X='336' Y='209' T='831' />
<Point X='335' Y='213' T='846' />
<Point X='334' Y='216' T='857' />
<Point X='333' Y='218' T='870' />
<Point X='332' Y='220' T='879' />
<Point X='332' Y='223' T='898' />
<Point X='330' Y='227' T='910' />
<Point X='329' Y='229' T='931' />
<Point X='329' Y='231' T='943' />
<Point X='328' Y='233' T='951' />
<Point X='328' Y='234' T='960' />
<Point X='327' Y='235' T='973' />
<Point X='326' Y='237' T='982' />
<Point X='326' Y='238' T='989' />
<Point X='324' Y='241' T='1012' />
<Point X='323' Y='243' T='1031' />
<Point X='322' Y='245' T='1041' />
<Point X='321' Y='247' T='1049' />
<Point X='321' Y='249' T='1060' />
<Point X='320' Y='250' T='1074' />
<Point X='320' Y='251' T='1081' />
<Point X='319' Y='252' T='1098' />
<Point X='319' Y='253' T='1107' />
<Point X='318' Y='254' T='1115' />
<Point X='318' Y='254' T='1131' />
</Stroke>
<Stroke index = '4' >
<Point X='510' Y='69' T='141' />
<Point X='510' Y='69' T='160' />
<Point X='510' Y='69' T='174' />
<Point X='510' Y='70' T='196' />
<Point X='510' Y='71' T='210' />
<Point X='509' Y='73' T='226' />
<Point X='509' Y='75' T='240' />
<Point X='508' Y='78' T='250' />
<Point X='508' Y='81' T='262' />
<Point X='507' Y='84' T='271' />
<Point X='506' Y='86' T='279' />
<Point X='505' Y='89' T='297' />
<Point X='505' Y='91' T='307' />
<Point X='504' Y='95' T='317' />
<Point X='503' Y='99' T='330' />
<Point X='502' Y='103' T='341' />
<Point X='501' Y='106' T='348' />
<Point X='500' Y='109' T='363' />
<Point X='499' Y='113' T='379' />
<Point X='498' Y='116' T='389' />
<Point X='497' Y='120' T='399' />
<Point X='496' Y='124' T='410' />
<Point X='495' Y='127' T='430' />
<Point X='493' Y='135' T='442' />
<Point X='492' Y='138' T='464' />
<Point X='490' Y='143' T='476' />
<Point X='489' Y='146' T='482' />
<Point X='488' Y='150' T='493' />
<Point X='486' Y='153' T='503' />
<Point X='485' Y='157' T='512' />
<Point X='483' Y='161' T='527' />
<Point X='482' Y='165' T='535' />
<Point X='481' Y='169' T='548' />
<Point X='480' Y='173' T='559' />
<Point X='479' Y='177' T='578' />
<Point X='477' Y='182' T='587' />
<Point X='476' Y='186' T='600' />
<Point X='475' Y='190' T='612' />
<Point X='473' Y='198' T='632' />
<Point X='471' Y='203' T='645' />
<Point X='469' Y='207' T='657' />
<Point X='468' Y='211' T='667' />
<Point X='466' Y='215' T='678' />
<Point X='464' Y='219' T='690' />
<Point X='462' Y='223' T='702' />
<Point X='460' Y='227' T='714' />
<Point X='457' Y='234' T='732' />
<Point X='456' Y='237' T='744' />
<Point X='455' Y='239' T='754' />
<Point X='454' Y='242' T='762' />
<Point X='452' Y='245' T='780' />
<Point X='451' Y='248' T='789' />
<Point X='449' Y='251' T='801' />
<Point X='448' Y='254' T='814' />
<Point X='446' Y='256' T='832' />
<Point X='444' Y='259' T='847' />
<Point X='442' Y='261' T='858' />
<Point X='441' Y='263' T='871' />
<Point X='440' Y='266' T='880' />
<Point X='439' Y='268' T='899' />
<Point X='437' Y='273' T='911' />
<Point X='436' Y='274' T='933' />
<Point X='435' Y='276' T='944' />
<Point X='434' Y='277' T='952' />
<Point X='433' Y='278' T='962' />
<Point X='432' Y='279' T='975' />
<Point X='431' Y='281' T='983' />
<Point X='430' Y='282' T='990' />
<Point X='427' Y='286' T='1013' />
<Point X='426' Y='288' T='1032' />
<Point X='425' Y='290' T='1043' />
<Point X='424' Y='291' T='1050' />
<Point X='423' Y='293' T='1063' />
<Point X='422' Y='294' T='1075' />
<Point X='421' Y='295' T='1081' />
<Point X='421' Y='296' T='1099' />
<Point X='420' Y='297' T='1107' />
<Point X='419' Y='297' T='1116' />
<Point X='419' Y='298' T='1132' />
<Point X='418' Y='298' T='1143' />
<Point X='418' Y='299' T='1149' />
</Stroke>
<Stroke index = '5' >
<Point X='593' Y='239' T='0' />
<Point X='593' Y='235' T='75' />
<Point X='593' Y='234' T='92' />
<Point X='593' Y='234' T='109' />
<Point X='593' Y='233' T='125' />
<Point X='593' Y='233' T='133' />
<Point X='593' Y='232' T='138' />
<Point X='593' Y='232' T='158' />
<Point X='593' Y='231' T='172' />
<Point X='593' Y='231' T='183' />
<Point X='594' Y='231' T='193' />
<Point X='594' Y='231' T='224' />
<Point X='594' Y='232' T='247' />
<Point X='593' Y='233' T='258' />
<Point X='593' Y='234' T='268' />
<Point X='592' Y='236' T='278' />
<Point X='591' Y='238' T='293' />
<Point X='589' Y='240' T='303' />
<Point X='588' Y='243' T='314' />
<Point X='586' Y='246' T='326' />
<Point X='585' Y='249' T='337' />
<Point X='583' Y='252' T='346' />
<Point X='582' Y='254' T='360' />
<Point X='581' Y='257' T='376' />
<Point X='579' Y='259' T='385' />
<Point X='577' Y='263' T='397' />
<Point X='575' Y='266' T='408' />
<Point X='573' Y='269' T='426' />
<Point X='568' Y='275' T='439' />
<Point X='566' Y='278' T='459' />
<Point X='564' Y='281' T='471' />
<Point X='561' Y='284' T='479' />
<Point X='559' Y='287' T='491' />
<Point X='556' Y='291' T='499' />
<Point X='553' Y='294' T='510' />
<Point X='550' Y='296' T='525' />
<Point X='546' Y='299' T='533' />
<Point X='542' Y='303' T='547' />
<Point X='538' Y='306' T='557' />
<Point X='534' Y='310' T='575' />
<Point X='529' Y='313' T='584' />
<Point X='525' Y='316' T='596' />
<Point X='520' Y='320' T='609' />
<Point X='510' Y='326' T='628' />
<Point X='505' Y='329' T='642' />
<Point X='502' Y='332' T='653' />
<Point X='497' Y='335' T='662' />
<Point X='493' Y='338' T='676' />
<Point X='489' Y='341' T='686' />
<Point X='485' Y='343' T='699' />
<Point X='482' Y='346' T='711' />
<Point X='477' Y='351' T='729' />
<Point X='475' Y='354' T='740' />
<Point X='473' Y='356' T='750' />
<Point X='471' Y='358' T='761' />
<Point X='469' Y='360' T='777' />
<Point X='467' Y='362' T='784' />
<Point X='465' Y='364' T='798' />
<Point X='463' Y='366' T='810' />
<Point X='461' Y='368' T='829' />
<Point X='458' Y='372' T='844' />
<Point X='457' Y='373' T='854' />
<Point X='455' Y='375' T='867' />
<Point X='454' Y='376' T='877' />
<Point X='453' Y='377' T='896' />
<Point X='450' Y='379' T='907' />
<Point X='449' Y='380' T='929' />
<Point X='448' Y='382' T='941' />
<Point X='447' Y='383' T='948' />
<Point X='446' Y='384' T='958' />
<Point X='445' Y='385' T='970' />
<Point X='444' Y='386' T='980' />
<Point X='443' Y='387' T='988' />
<Point X='441' Y='390' T='1010' />
<Point X='440' Y='391' T='1029' />
<Point X='439' Y='392' T='1039' />
<Point X='438' Y='393' T='1048' />
<Point X='437' Y='394' T='1057' />
<Point X='437' Y='394' T='1071' />
<Point X='436' Y='395' T='1080' />
<Point X='436' Y='396' T='1095' />
<Point X='435' Y='397' T='1107' />
<Point X='435' Y='397' T='1113' />
<Point X='434' Y='398' T='1127' />
<Point X='434' Y='398' T='1141' />
<Point X='433' Y='399' T='1147' />
<Point X='433' Y='399' T='1163' />
<Point X='433' Y='400' T='1171' />
<Point X='433' Y='400' T='1179' />
</Stroke>
<Stroke index = '1' >
<Point X='0' Y='451' T='60' />
<Point X='0' Y='451' T='77' />
<Point X='0' Y='450' T='94' />
<Point X='0' Y='449' T='111' />
<Point X='0' Y='449' T='127' />
<Point X='0' Y='448' T='134' />
<Point X='1' Y='448' T='185' />
<Point X='1' Y='448' T='194' />
<Point X='2' Y='448' T='207' />
<Point X='3' Y='448' T='225' />
<Point X='5' Y='448' T='237' />
<Point X='7' Y='448' T='249' />
<Point X='8' Y='448' T='260' />
<Point X='10' Y='448' T='269' />
<Point X='12' Y='448' T='278' />
<Point X='14' Y='448' T='294' />
<Point X='15' Y='448' T='304' />
<Point X='17' Y='448' T='315' />
<Point X='19' Y='448' T='328' />
<Point X='21' Y='448' T='339' />
<Point X='23' Y='448' T='346' />
<Point X='26' Y='448' T='361' />
<Point X='29' Y='448' T='377' />
<Point X='32' Y='448' T='387' />
<Point X='35' Y='449' T='398' />
<Point X='37' Y='449' T='409' />
<Point X='39' Y='449' T='427' />
<Point X='44' Y='449' T='441' />
<Point X='46' Y='450' T='462' />
<Point X='49' Y='450' T='474' />
<Point X='52' Y='451' T='481' />
<Point X='55' Y='451' T='492' />
<Point X='58' Y='452' T='501' />
<Point X='61' Y='452' T='510' />
<Point X='64' Y='453' T='526' />
<Point X='67' Y='453' T='533' />
<Point X='70' Y='454' T='547' />
<Point X='74' Y='454' T='558' />
<Point X='78' Y='455' T='576' />
<Point X='81' Y='456' T='584' />
<Point X='84' Y='457' T='598' />
<Point X='87' Y='457' T='610' />
<Point X='94' Y='458' T='629' />
<Point X='97' Y='459' T='643' />
<Point X='101' Y='459' T='654' />
<Point X='104' Y='459' T='664' />
<Point X='108' Y='459' T='677' />
<Point X='111' Y='460' T='687' />
<Point X='115' Y='460' T='699' />
<Point X='119' Y='460' T='712' />
<Point X='124' Y='461' T='730' />
<Point X='127' Y='461' T='741' />
<Point X='129' Y='462' T='751' />
<Point X='131' Y='462' T='762' />
<Point X='134' Y='462' T='778' />
<Point X='136' Y='463' T='786' />
<Point X='139' Y='463' T='799' />
<Point X='141' Y='463' T='812' />
<Point X='142' Y='463' T='830' />
<Point X='145' Y='463' T='845' />
<Point X='146' Y='464' T='855' />
<Point X='147' Y='464' T='868' />
<Point X='149' Y='464' T='879' />
<Point X='151' Y='464' T='897' />
<Point X='156' Y='464' T='909' />
<Point X='158' Y='464' T='931' />
<Point X='160' Y='464' T='942' />
<Point X='161' Y='464' T='949' />
<Point X='162' Y='464' T='959' />
<Point X='163' Y='464' T='971' />
<Point X='164' Y='464' T='982' />
<Point X='165' Y='464' T='989' />
<Point X='167' Y='464' T='1011' />
<Point X='168' Y='464' T='1030' />
<Point X='169' Y='464' T='1040' />
<Point X='171' Y='465' T='1049' />
<Point X='173' Y='465' T='1059' />
<Point X='174' Y='465' T='1073' />
<Point X='176' Y='465' T='1080' />
<Point X='177' Y='465' T='1097' />
<Point X='178' Y='465' T='1107' />
<Point X='179' Y='465' T='1115' />
<Point X='179' Y='465' T='1129' />
<Point X='179' Y='466' T='1165' />
</Stroke>
<Stroke index = '2' >
<Point X='179' Y='59' T='161' />
<Point X='179' Y='59' T='186' />
<Point X='179' Y='61' T='197' />
<Point X='179' Y='63' T='210' />
<Point X='180' Y='65' T='227' />
<Point X='180' Y='67' T='242' />
<Point X='180' Y='69' T='252' />
<Point X='180' Y='73' T='263' />
<Point X='180' Y='77' T='271' />
<Point X='181' Y='80' T='279' />
<Point X='181' Y='84' T='298' />
<Point X='181' Y='87' T='308' />
<Point X='182' Y='90' T='317' />
<Point X='182' Y='94' T='331' />
<Point X='183' Y='98' T='343' />
<Point X='184' Y='103' T='348' />
<Point X='184' Y='106' T='364' />
<Point X='185' Y='110' T='380' />
<Point X='185' Y='114' T='391' />
<Point X='186' Y='119' T='399' />
<Point X='186' Y='124' T='411' />
<Point X='187' Y='128' T='430' />
<Point X='188' Y='136' T='442' />
<Point X='189' Y='141' T='465' />
<Point X='189' Y='146' T='477' />
<Point X='190' Y='151' T='484' />
<Point X='190' Y='155' T='494' />
<Point X='191' Y='161' T='504' />
<Point X='192' Y='166' T='512' />
<Point X='193' Y='171' T='527' />
<Point X='194' Y='177' T='535' />
<Point X='196' Y='183' T='548' />
<Point X='197' Y='188' T='559' />
<Point X='198' Y='194' T='579' />
<Point X='200' Y='200' T='588' />
<Point X='201' Y='205' T='601' />
<Point X='202' Y='211' T='613' />
<Point X='205' Y='222' T='633' />
<Point X='207' Y='228' T='646' />
<Point X='208' Y='233' T='659' />
<Point X='210' Y='238' T='668' />
<Point X='212' Y='243' T='679' />
<Point X='213' Y='249' T='691' />
<Point X='215' Y='253' T='702' />
<Point X='216' Y='257' T='714' />
<Point X='218' Y='266' T='733' />
<Point X='219' Y='271' T='744' />
<Point X='220' Y='274' T='754' />
<Point X='221' Y='277' T='763' />
<Point X='222' Y='280' T='781' />
<Point X='222' Y='284' T='789' />
<Point X='223' Y='287' T='802' />
<Point X='223' Y='291' T='815' />
<Point X='224' Y='294' T='833' />
<Point X='225' Y='298' T='848' />
<Point X='226' Y='300' T='859' />
<Point X='227' Y='302' T='872' />
<Point X='227' Y='305' T='880' />
<Point X='228' Y='308' T='900' />
<Point X='229' Y='312' T='911' />
<Point X='229' Y='314' T='934' />
<Point X='230' Y='316' T='945' />
<Point X='230' Y='317' T='952' />
<Point X='230' Y='318' T='963' />
<Point X='231' Y='320' T='976' />
<Point X='231' Y='321' T='984' />
<Point X='232' Y='323' T='991' />
<Point X='232' Y='326' T='1014' />
<Point X='233' Y='328' T='1032' />
<Point X='233' Y='329' T='1044' />
<Point X='233' Y='331' T='1051' />
<Point X='234' Y='333' T='1064' />
<Point X='234' Y='334' T='1075' />
<Point X='235' Y='335' T='1083' />
<Point X='235' Y='336' T='1101' />
<Point X='235' Y='337' T='1108' />
<Point X='235' Y='337' T='1117' />
<Point X='235' Y='338' T='1133' />
<Point X='235' Y='338' T='1144' />
</Stroke>

</Gesture>
