<?xml version='1.0' encoding='utf-8' standalone='yes'?>
<Gesture Name ='11_1_14' Subject = 'test'  Speed = 'MEDIUM' NumPts = '449' InputType='finger' >

<Stroke index = '2' >
<Point X='209' Y='50' T='166' />
<Point X='208' Y='50' T='186' />
<Point X='207' Y='51' T='204' />
<Point X='207' Y='54' T='214' />
<Point X='206' Y='57' T='223' />
<Point X='206' Y='61' T='242' />
<Point X='205' Y='65' T='253' />
<Point X='205' Y='68' T='260' />
<Point X='205' Y='71' T='279' />
<Point X='205' Y='78' T='302' />
<Point X='205' Y='81' T='313' />
<Point X='205' Y='85' T='322' />
<Point X='205' Y='89' T='335' />
<Point X='204' Y='92' T='345' />
<Point X='204' Y='96' T='355' />
<Point X='204' Y='100' T='368' />
<Point X='203' Y='104' T='380' />
<Point X='203' Y='108' T='387' />
<Point X='202' Y='111' T='404' />
<Point X='202' Y='115' T='416' />
<Point X='201' Y='119' T='425' />
<Point X='201' Y='123' T='434' />
<Point X='200' Y='128' T='454' />
<Point X='200' Y='132' T='467' />
<Point X='200' Y='135' T='475' />
<Point X='200' Y='140' T='489' />
<Point X='200' Y='144' T='504' />
<Point X='200' Y='149' T='511' />
<Point X='200' Y='153' T='522' />
<Point X='199' Y='162' T='537' />
<Point X='199' Y='166' T='556' />
<Point X='199' Y='171' T='569' />
<Point X='199' Y='175' T='579' />
<Point X='199' Y='179' T='589' />
<Point X='200' Y='184' T='602' />
<Point X='200' Y='189' T='615' />
<Point X='201' Y='193' T='624' />
<Point X='201' Y='198' T='638' />
<Point X='202' Y='207' T='652' />
<Point X='202' Y='211' T='663' />
<Point X='203' Y='216' T='672' />
<Point X='203' Y='220' T='690' />
<Point X='204' Y='225' T='700' />
<Point X='204' Y='229' T='712' />
<Point X='205' Y='234' T='722' />
<Point X='205' Y='238' T='733' />
<Point X='205' Y='243' T='746' />
<Point X='205' Y='247' T='755' />
<Point X='206' Y='252' T='766' />
<Point X='206' Y='256' T='777' />
<Point X='206' Y='260' T='788' />
<Point X='206' Y='264' T='796' />
<Point X='206' Y='268' T='811' />
<Point X='206' Y='272' T='821' />
<Point X='206' Y='276' T='839' />
<Point X='206' Y='280' T='851' />
<Point X='206' Y='284' T='861' />
<Point X='206' Y='288' T='874' />
<Point X='206' Y='291' T='885' />
<Point X='206' Y='295' T='895' />
<Point X='206' Y='298' T='907' />
<Point X='206' Y='301' T='918' />
<Point X='206' Y='304' T='926' />
<Point X='206' Y='307' T='938' />
<Point X='207' Y='310' T='947' />
<Point X='207' Y='313' T='955' />
<Point X='207' Y='316' T='972' />
<Point X='207' Y='318' T='982' />
<Point X='207' Y='321' T='989' />
<Point X='207' Y='323' T='1007' />
<Point X='207' Y='325' T='1015' />
<Point X='207' Y='328' T='1023' />
<Point X='207' Y='330' T='1041' />
<Point X='207' Y='332' T='1056' />
<Point X='207' Y='334' T='1064' />
<Point X='207' Y='336' T='1074' />
<Point X='206' Y='340' T='1092' />
<Point X='206' Y='341' T='1108' />
<Point X='206' Y='342' T='1119' />
<Point X='205' Y='343' T='1128' />
<Point X='205' Y='344' T='1142' />
<Point X='205' Y='345' T='1153' />
<Point X='205' Y='346' T='1165' />
<Point X='205' Y='346' T='1177' />
<Point X='204' Y='347' T='1192' />
<Point X='204' Y='347' T='1206' />
<Point X='204' Y='348' T='1213' />
</Stroke>
<Stroke index = '4' >
<Point X='506' Y='72' T='157' />
<Point X='505' Y='72' T='166' />
<Point X='505' Y='72' T='186' />
<Point X='503' Y='74' T='203' />
<Point X='501' Y='77' T='213' />
<Point X='499' Y='80' T='223' />
<Point X='497' Y='83' T='242' />
<Point X='496' Y='86' T='253' />
<Point X='494' Y='89' T='260' />
<Point X='493' Y='92' T='278' />
<Point X='490' Y='97' T='301' />
<Point X='489' Y='99' T='312' />
<Point X='487' Y='103' T='321' />
<Point X='486' Y='106' T='334' />
<Point X='485' Y='109' T='344' />
<Point X='483' Y='112' T='353' />
<Point X='482' Y='115' T='367' />
<Point X='481' Y='118' T='379' />
<Point X='479' Y='121' T='386' />
<Point X='478' Y='125' T='403' />
<Point X='477' Y='128' T='414' />
<Point X='476' Y='131' T='424' />
<Point X='475' Y='134' T='433' />
<Point X='474' Y='137' T='453' />
<Point X='473' Y='140' T='465' />
<Point X='471' Y='143' T='475' />
<Point X='470' Y='147' T='488' />
<Point X='468' Y='150' T='503' />
<Point X='467' Y='153' T='511' />
<Point X='465' Y='156' T='521' />
<Point X='462' Y='163' T='536' />
<Point X='460' Y='166' T='555' />
<Point X='459' Y='170' T='568' />
<Point X='458' Y='173' T='579' />
<Point X='457' Y='176' T='589' />
<Point X='456' Y='179' T='601' />
<Point X='455' Y='182' T='613' />
<Point X='453' Y='186' T='623' />
<Point X='452' Y='190' T='636' />
<Point X='449' Y='196' T='652' />
<Point X='447' Y='199' T='663' />
<Point X='445' Y='203' T='671' />
<Point X='444' Y='206' T='689' />
<Point X='442' Y='210' T='699' />
<Point X='441' Y='214' T='710' />
<Point X='439' Y='217' T='721' />
<Point X='438' Y='220' T='732' />
<Point X='437' Y='223' T='745' />
<Point X='435' Y='227' T='754' />
<Point X='434' Y='231' T='765' />
<Point X='433' Y='234' T='777' />
<Point X='431' Y='238' T='788' />
<Point X='429' Y='241' T='795' />
<Point X='427' Y='244' T='810' />
<Point X='425' Y='248' T='821' />
<Point X='423' Y='252' T='837' />
<Point X='421' Y='255' T='850' />
<Point X='420' Y='259' T='859' />
<Point X='418' Y='262' T='872' />
<Point X='417' Y='265' T='885' />
<Point X='416' Y='268' T='894' />
<Point X='414' Y='271' T='905' />
<Point X='413' Y='274' T='916' />
<Point X='411' Y='277' T='926' />
<Point X='410' Y='280' T='936' />
<Point X='408' Y='282' T='946' />
<Point X='407' Y='284' T='955' />
<Point X='405' Y='286' T='971' />
<Point X='403' Y='289' T='981' />
<Point X='402' Y='291' T='988' />
<Point X='400' Y='294' T='1006' />
<Point X='399' Y='296' T='1014' />
<Point X='398' Y='299' T='1023' />
<Point X='397' Y='301' T='1040' />
<Point X='396' Y='303' T='1055' />
<Point X='396' Y='304' T='1063' />
<Point X='395' Y='305' T='1074' />
<Point X='393' Y='308' T='1091' />
<Point X='392' Y='309' T='1106' />
<Point X='392' Y='311' T='1118' />
<Point X='391' Y='312' T='1126' />
<Point X='390' Y='313' T='1141' />
<Point X='389' Y='314' T='1153' />
<Point X='388' Y='315' T='1162' />
<Point X='387' Y='316' T='1176' />
<Point X='387' Y='317' T='1191' />
<Point X='386' Y='317' T='1205' />
<Point X='386' Y='317' T='1211' />
</Stroke>
<Stroke index = '3' >
<Point X='377' Y='0' T='144' />
<Point X='377' Y='0' T='154' />
<Point X='376' Y='0' T='164' />
<Point X='376' Y='0' T='185' />
<Point X='374' Y='3' T='202' />
<Point X='373' Y='6' T='212' />
<Point X='372' Y='8' T='221' />
<Point X='371' Y='10' T='241' />
<Point X='370' Y='13' T='252' />
<Point X='369' Y='17' T='258' />
<Point X='368' Y='20' T='278' />
<Point X='366' Y='27' T='301' />
<Point X='365' Y='29' T='312' />
<Point X='364' Y='32' T='320' />
<Point X='363' Y='35' T='332' />
<Point X='362' Y='39' T='343' />
<Point X='361' Y='43' T='351' />
<Point X='360' Y='46' T='367' />
<Point X='359' Y='49' T='377' />
<Point X='358' Y='52' T='385' />
<Point X='357' Y='56' T='402' />
<Point X='356' Y='60' T='414' />
<Point X='355' Y='64' T='422' />
<Point X='354' Y='67' T='432' />
<Point X='354' Y='70' T='453' />
<Point X='353' Y='74' T='464' />
<Point X='352' Y='77' T='474' />
<Point X='352' Y='81' T='487' />
<Point X='351' Y='85' T='502' />
<Point X='350' Y='89' T='511' />
<Point X='349' Y='92' T='520' />
<Point X='348' Y='100' T='534' />
<Point X='347' Y='104' T='554' />
<Point X='346' Y='108' T='567' />
<Point X='345' Y='112' T='577' />
<Point X='344' Y='115' T='588' />
<Point X='343' Y='119' T='600' />
<Point X='342' Y='123' T='613' />
<Point X='341' Y='127' T='621' />
<Point X='340' Y='131' T='635' />
<Point X='338' Y='138' T='650' />
<Point X='337' Y='143' T='662' />
<Point X='336' Y='147' T='670' />
<Point X='335' Y='150' T='688' />
<Point X='334' Y='154' T='698' />
<Point X='333' Y='158' T='708' />
<Point X='333' Y='162' T='720' />
<Point X='332' Y='166' T='731' />
<Point X='331' Y='170' T='744' />
<Point X='330' Y='174' T='753' />
<Point X='329' Y='177' T='765' />
<Point X='328' Y='181' T='775' />
<Point X='327' Y='185' T='787' />
<Point X='327' Y='189' T='795' />
<Point X='326' Y='192' T='808' />
<Point X='325' Y='195' T='820' />
<Point X='324' Y='199' T='836' />
<Point X='323' Y='203' T='848' />
<Point X='321' Y='206' T='857' />
<Point X='320' Y='210' T='872' />
<Point X='319' Y='213' T='883' />
<Point X='318' Y='215' T='892' />
<Point X='317' Y='218' T='905' />
<Point X='316' Y='222' T='916' />
<Point X='314' Y='225' T='925' />
<Point X='313' Y='227' T='935' />
<Point X='312' Y='230' T='945' />
<Point X='311' Y='232' T='954' />
<Point X='310' Y='235' T='970' />
<Point X='309' Y='237' T='980' />
<Point X='308' Y='239' T='988' />
<Point X='307' Y='242' T='1005' />
<Point X='306' Y='244' T='1013' />
<Point X='305' Y='246' T='1023' />
<Point X='304' Y='248' T='1038' />
<Point X='303' Y='250' T='1054' />
<Point X='303' Y='252' T='1062' />
<Point X='302' Y='254' T='1073' />
<Point X='301' Y='256' T='1090' />
<Point X='301' Y='257' T='1105' />
<Point X='300' Y='258' T='1117' />
<Point X='299' Y='259' T='1125' />
<Point X='299' Y='260' T='1140' />
<Point X='298' Y='261' T='1151' />
<Point X='298' Y='262' T='1160' />
<Point X='297' Y='263' T='1175' />
<Point X='297' Y='264' T='1189' />
<Point X='297' Y='264' T='1202' />
</Stroke>
<Stroke index = '1' >
<Point X='0' Y='399' T='47' />
<Point X='0' Y='399' T='65' />
<Point X='0' Y='398' T='82' />
<Point X='1' Y='397' T='100' />
<Point X='2' Y='397' T='117' />
<Point X='2' Y='397' T='135' />
<Point X='3' Y='397' T='141' />
<Point X='4' Y='397' T='153' />
<Point X='5' Y='397' T='164' />
<Point X='6' Y='397' T='184' />
<Point X='8' Y='397' T='201' />
<Point X='9' Y='397' T='211' />
<Point X='11' Y='398' T='220' />
<Point X='12' Y='398' T='239' />
<Point X='14' Y='399' T='252' />
<Point X='16' Y='399' T='257' />
<Point X='18' Y='400' T='278' />
<Point X='21' Y='401' T='299' />
<Point X='22' Y='401' T='311' />
<Point X='23' Y='402' T='318' />
<Point X='24' Y='402' T='331' />
<Point X='26' Y='403' T='342' />
<Point X='27' Y='403' T='351' />
<Point X='29' Y='404' T='365' />
<Point X='31' Y='405' T='377' />
<Point X='33' Y='405' T='384' />
<Point X='35' Y='406' T='401' />
<Point X='38' Y='406' T='412' />
<Point X='40' Y='407' T='420' />
<Point X='42' Y='407' T='431' />
<Point X='44' Y='408' T='451' />
<Point X='46' Y='409' T='463' />
<Point X='48' Y='409' T='473' />
<Point X='51' Y='410' T='486' />
<Point X='53' Y='411' T='500' />
<Point X='56' Y='412' T='510' />
<Point X='59' Y='413' T='520' />
<Point X='63' Y='415' T='534' />
<Point X='65' Y='416' T='552' />
<Point X='67' Y='417' T='565' />
<Point X='69' Y='418' T='577' />
<Point X='71' Y='420' T='587' />
<Point X='74' Y='421' T='598' />
<Point X='77' Y='423' T='612' />
<Point X='79' Y='424' T='620' />
<Point X='82' Y='425' T='634' />
<Point X='86' Y='427' T='647' />
<Point X='88' Y='428' T='661' />
<Point X='90' Y='429' T='670' />
<Point X='92' Y='430' T='687' />
<Point X='95' Y='431' T='697' />
<Point X='97' Y='432' T='708' />
<Point X='99' Y='434' T='719' />
<Point X='102' Y='435' T='730' />
<Point X='104' Y='436' T='742' />
<Point X='106' Y='437' T='752' />
<Point X='108' Y='438' T='763' />
<Point X='110' Y='440' T='774' />
<Point X='112' Y='441' T='785' />
<Point X='114' Y='442' T='793' />
<Point X='116' Y='443' T='808' />
<Point X='118' Y='444' T='819' />
<Point X='120' Y='445' T='836' />
<Point X='122' Y='446' T='848' />
<Point X='124' Y='447' T='856' />
<Point X='126' Y='448' T='870' />
<Point X='128' Y='449' T='882' />
<Point X='130' Y='450' T='891' />
<Point X='131' Y='451' T='904' />
<Point X='133' Y='452' T='914' />
<Point X='135' Y='453' T='923' />
<Point X='137' Y='454' T='934' />
<Point X='138' Y='455' T='944' />
<Point X='140' Y='456' T='952' />
<Point X='141' Y='457' T='970' />
<Point X='142' Y='458' T='980' />
<Point X='143' Y='459' T='987' />
<Point X='144' Y='460' T='1004' />
<Point X='145' Y='460' T='1012' />
<Point X='146' Y='461' T='1022' />
<Point X='147' Y='461' T='1037' />
<Point X='148' Y='462' T='1053' />
<Point X='150' Y='463' T='1061' />
<Point X='151' Y='463' T='1071' />
<Point X='155' Y='464' T='1089' />
<Point X='157' Y='464' T='1105' />
<Point X='158' Y='464' T='1116' />
<Point X='160' Y='464' T='1124' />
<Point X='161' Y='464' T='1138' />
<Point X='162' Y='464' T='1150' />
<Point X='163' Y='464' T='1159' />
<Point X='164' Y='464' T='1175' />
</Stroke>
<Stroke index = '5' >
<Point X='594' Y='233' T='0' />
<Point X='592' Y='231' T='63' />
<Point X='591' Y='230' T='81' />
<Point X='591' Y='229' T='98' />
<Point X='590' Y='229' T='116' />
<Point X='589' Y='229' T='133' />
<Point X='589' Y='229' T='152' />
<Point X='588' Y='229' T='163' />
<Point X='588' Y='229' T='183' />
<Point X='587' Y='229' T='198' />
<Point X='586' Y='230' T='210' />
<Point X='585' Y='231' T='219' />
<Point X='584' Y='232' T='238' />
<Point X='582' Y='234' T='250' />
<Point X='580' Y='235' T='256' />
<Point X='578' Y='237' T='277' />
<Point X='573' Y='241' T='299' />
<Point X='570' Y='242' T='309' />
<Point X='568' Y='244' T='317' />
<Point X='565' Y='246' T='330' />
<Point X='562' Y='249' T='341' />
<Point X='560' Y='252' T='349' />
<Point X='557' Y='254' T='363' />
<Point X='555' Y='257' T='376' />
<Point X='552' Y='259' T='383' />
<Point X='549' Y='261' T='400' />
<Point X='547' Y='263' T='411' />
<Point X='544' Y='266' T='419' />
<Point X='542' Y='269' T='430' />
<Point X='539' Y='272' T='450' />
<Point X='537' Y='274' T='462' />
<Point X='534' Y='277' T='471' />
<Point X='532' Y='279' T='485' />
<Point X='529' Y='281' T='497' />
<Point X='526' Y='284' T='509' />
<Point X='523' Y='287' T='518' />
<Point X='518' Y='292' T='533' />
<Point X='515' Y='295' T='550' />
<Point X='512' Y='298' T='564' />
<Point X='510' Y='300' T='573' />
<Point X='507' Y='302' T='585' />
<Point X='504' Y='305' T='596' />
<Point X='502' Y='307' T='610' />
<Point X='498' Y='310' T='618' />
<Point X='495' Y='313' T='631' />
<Point X='489' Y='318' T='646' />
<Point X='487' Y='320' T='660' />
<Point X='484' Y='323' T='669' />
<Point X='482' Y='326' T='686' />
<Point X='479' Y='329' T='696' />
<Point X='476' Y='332' T='707' />
<Point X='474' Y='334' T='718' />
<Point X='471' Y='337' T='729' />
<Point X='468' Y='340' T='740' />
<Point X='466' Y='342' T='751' />
<Point X='464' Y='345' T='762' />
<Point X='462' Y='348' T='773' />
<Point X='460' Y='351' T='784' />
<Point X='458' Y='353' T='793' />
<Point X='455' Y='356' T='807' />
<Point X='453' Y='359' T='818' />
<Point X='451' Y='361' T='835' />
<Point X='448' Y='363' T='847' />
<Point X='446' Y='366' T='856' />
<Point X='444' Y='369' T='868' />
<Point X='442' Y='371' T='879' />
<Point X='441' Y='374' T='890' />
<Point X='439' Y='376' T='903' />
<Point X='438' Y='378' T='914' />
<Point X='436' Y='380' T='921' />
<Point X='435' Y='382' T='933' />
<Point X='433' Y='384' T='942' />
<Point X='432' Y='386' T='952' />
<Point X='430' Y='388' T='968' />
<Point X='429' Y='390' T='979' />
<Point X='427' Y='391' T='985' />
<Point X='426' Y='393' T='1003' />
<Point X='424' Y='395' T='1011' />
<Point X='423' Y='397' T='1021' />
<Point X='422' Y='399' T='1035' />
<Point X='421' Y='400' T='1052' />
<Point X='419' Y='401' T='1060' />
<Point X='418' Y='402' T='1070' />
<Point X='416' Y='404' T='1088' />
<Point X='415' Y='405' T='1103' />
<Point X='414' Y='406' T='1114' />
<Point X='413' Y='407' T='1123' />
<Point X='413' Y='407' T='1137' />
<Point X='412' Y='408' T='1149' />
<Point X='412' Y='408' T='1157' />
<Point X='411' Y='409' T='1173' />
<Point X='411' Y='409' T='1188' />
<Point X='410' Y='410' T='1199' />
<Point X='410' Y='410' T='1209' />
</Stroke>

</Gesture>
