<?xml version='1.0' encoding='utf-8' standalone='yes'?>
<Gesture Name ='11_1_12' Subject = 'test'  Speed = 'MEDIUM' NumPts = '449' InputType='finger' >

<Stroke index = '5' >
<Point X='570' Y='228' T='0' />
<Point X='569' Y='217' T='71' />
<Point X='569' Y='216' T='82' />
<Point X='569' Y='216' T='93' />
<Point X='569' Y='215' T='102' />
<Point X='569' Y='215' T='114' />
<Point X='569' Y='214' T='129' />
<Point X='569' Y='214' T='136' />
<Point X='568' Y='214' T='150' />
<Point X='568' Y='214' T='163' />
<Point X='567' Y='214' T='201' />
<Point X='567' Y='214' T='211' />
<Point X='566' Y='214' T='221' />
<Point X='566' Y='215' T='235' />
<Point X='564' Y='218' T='252' />
<Point X='563' Y='220' T='272' />
<Point X='561' Y='223' T='279' />
<Point X='559' Y='226' T='292' />
<Point X='558' Y='229' T='305' />
<Point X='555' Y='233' T='322' />
<Point X='553' Y='236' T='338' />
<Point X='551' Y='239' T='348' />
<Point X='549' Y='242' T='356' />
<Point X='547' Y='246' T='372' />
<Point X='544' Y='249' T='382' />
<Point X='542' Y='252' T='395' />
<Point X='539' Y='255' T='406' />
<Point X='537' Y='258' T='416' />
<Point X='535' Y='261' T='425' />
<Point X='533' Y='264' T='438' />
<Point X='531' Y='267' T='456' />
<Point X='528' Y='271' T='463' />
<Point X='526' Y='273' T='473' />
<Point X='523' Y='276' T='490' />
<Point X='521' Y='279' T='502' />
<Point X='518' Y='282' T='510' />
<Point X='516' Y='286' T='522' />
<Point X='513' Y='289' T='533' />
<Point X='511' Y='292' T='544' />
<Point X='508' Y='295' T='558' />
<Point X='506' Y='298' T='568' />
<Point X='503' Y='301' T='581' />
<Point X='500' Y='305' T='590' />
<Point X='497' Y='308' T='606' />
<Point X='494' Y='311' T='614' />
<Point X='492' Y='314' T='622' />
<Point X='489' Y='317' T='634' />
<Point X='486' Y='320' T='642' />
<Point X='483' Y='323' T='656' />
<Point X='481' Y='326' T='673' />
<Point X='478' Y='329' T='682' />
<Point X='475' Y='332' T='692' />
<Point X='473' Y='335' T='703' />
<Point X='470' Y='338' T='714' />
<Point X='467' Y='342' T='726' />
<Point X='464' Y='345' T='737' />
<Point X='462' Y='348' T='748' />
<Point X='459' Y='351' T='759' />
<Point X='457' Y='354' T='774' />
<Point X='455' Y='356' T='781' />
<Point X='453' Y='359' T='791' />
<Point X='451' Y='361' T='807' />
<Point X='449' Y='364' T='814' />
<Point X='448' Y='366' T='826' />
<Point X='446' Y='369' T='838' />
<Point X='444' Y='371' T='846' />
<Point X='442' Y='373' T='858' />
<Point X='440' Y='375' T='873' />
<Point X='439' Y='377' T='892' />
<Point X='437' Y='379' T='903' />
<Point X='436' Y='381' T='912' />
<Point X='435' Y='383' T='921' />
<Point X='434' Y='385' T='935' />
<Point X='433' Y='387' T='946' />
<Point X='432' Y='389' T='955' />
<Point X='430' Y='393' T='975' />
<Point X='429' Y='394' T='992' />
<Point X='428' Y='396' T='1000' />
<Point X='427' Y='397' T='1008' />
<Point X='426' Y='398' T='1028' />
<Point X='424' Y='401' T='1042' />
<Point X='423' Y='402' T='1051' />
<Point X='421' Y='405' T='1076' />
<Point X='420' Y='406' T='1092' />
<Point X='419' Y='407' T='1103' />
<Point X='418' Y='408' T='1111' />
<Point X='418' Y='409' T='1121' />
<Point X='417' Y='410' T='1134' />
<Point X='417' Y='411' T='1143' />
<Point X='416' Y='412' T='1161' />
<Point X='416' Y='413' T='1172' />
<Point X='415' Y='414' T='1179' />
<Point X='415' Y='415' T='1189' />
<Point X='414' Y='415' T='1203' />
<Point X='414' Y='416' T='1210' />
<Point X='414' Y='416' T='1227' />
</Stroke>
<Stroke index = '1' >
<Point X='6' Y='439' T='50' />
<Point X='5' Y='438' T='73' />
<Point X='5' Y='437' T='83' />
<Point X='4' Y='436' T='95' />
<Point X='3' Y='435' T='103' />
<Point X='2' Y='434' T='116' />
<Point X='1' Y='433' T='131' />
<Point X='0' Y='432' T='138' />
<Point X='0' Y='432' T='151' />
<Point X='0' Y='431' T='164' />
<Point X='1' Y='431' T='175' />
<Point X='2' Y='430' T='202' />
<Point X='3' Y='430' T='213' />
<Point X='4' Y='430' T='222' />
<Point X='5' Y='430' T='237' />
<Point X='8' Y='431' T='254' />
<Point X='10' Y='431' T='274' />
<Point X='11' Y='431' T='281' />
<Point X='13' Y='432' T='293' />
<Point X='15' Y='432' T='306' />
<Point X='20' Y='433' T='323' />
<Point X='23' Y='433' T='338' />
<Point X='26' Y='433' T='349' />
<Point X='28' Y='433' T='358' />
<Point X='30' Y='433' T='373' />
<Point X='32' Y='433' T='383' />
<Point X='34' Y='434' T='397' />
<Point X='37' Y='434' T='407' />
<Point X='40' Y='434' T='417' />
<Point X='44' Y='434' T='427' />
<Point X='48' Y='434' T='439' />
<Point X='51' Y='434' T='456' />
<Point X='54' Y='434' T='465' />
<Point X='57' Y='434' T='474' />
<Point X='60' Y='434' T='492' />
<Point X='63' Y='434' T='504' />
<Point X='66' Y='435' T='511' />
<Point X='69' Y='435' T='522' />
<Point X='72' Y='435' T='534' />
<Point X='75' Y='435' T='545' />
<Point X='78' Y='435' T='559' />
<Point X='81' Y='436' T='570' />
<Point X='84' Y='436' T='581' />
<Point X='87' Y='437' T='591' />
<Point X='91' Y='437' T='607' />
<Point X='94' Y='438' T='616' />
<Point X='97' Y='438' T='623' />
<Point X='100' Y='439' T='635' />
<Point X='103' Y='439' T='643' />
<Point X='107' Y='440' T='657' />
<Point X='110' Y='440' T='674' />
<Point X='114' Y='440' T='683' />
<Point X='118' Y='440' T='693' />
<Point X='122' Y='440' T='704' />
<Point X='126' Y='440' T='715' />
<Point X='129' Y='440' T='727' />
<Point X='133' Y='441' T='738' />
<Point X='135' Y='441' T='749' />
<Point X='138' Y='442' T='759' />
<Point X='140' Y='442' T='774' />
<Point X='142' Y='443' T='782' />
<Point X='145' Y='444' T='791' />
<Point X='147' Y='445' T='808' />
<Point X='149' Y='446' T='814' />
<Point X='151' Y='447' T='827' />
<Point X='153' Y='448' T='840' />
<Point X='154' Y='449' T='847' />
<Point X='155' Y='450' T='859' />
<Point X='157' Y='451' T='875' />
<Point X='158' Y='452' T='894' />
<Point X='160' Y='453' T='904' />
<Point X='162' Y='454' T='912' />
<Point X='164' Y='455' T='923' />
<Point X='166' Y='456' T='937' />
<Point X='168' Y='457' T='947' />
<Point X='169' Y='457' T='957' />
<Point X='171' Y='459' T='976' />
<Point X='172' Y='460' T='993' />
<Point X='173' Y='460' T='1001' />
<Point X='174' Y='461' T='1009' />
<Point X='174' Y='461' T='1029' />
<Point X='176' Y='462' T='1044' />
<Point X='176' Y='463' T='1053' />
<Point X='177' Y='464' T='1077' />
<Point X='178' Y='464' T='1094' />
<Point X='179' Y='465' T='1105' />
<Point X='180' Y='465' T='1113' />
<Point X='182' Y='466' T='1123' />
<Point X='183' Y='466' T='1135' />
<Point X='184' Y='467' T='1145' />
<Point X='185' Y='467' T='1162' />
<Point X='186' Y='468' T='1173' />
<Point X='186' Y='468' T='1181' />
<Point X='187' Y='468' T='1192' />
<Point X='187' Y='469' T='1228' />
</Stroke>
<Stroke index = '2' >
<Point X='172' Y='60' T='169' />
<Point X='172' Y='61' T='206' />
<Point X='172' Y='62' T='215' />
<Point X='173' Y='64' T='224' />
<Point X='173' Y='67' T='240' />
<Point X='174' Y='74' T='257' />
<Point X='174' Y='78' T='276' />
<Point X='174' Y='82' T='284' />
<Point X='174' Y='86' T='296' />
<Point X='174' Y='89' T='310' />
<Point X='174' Y='99' T='326' />
<Point X='174' Y='103' T='341' />
<Point X='174' Y='108' T='352' />
<Point X='174' Y='112' T='361' />
<Point X='174' Y='117' T='375' />
<Point X='174' Y='122' T='388' />
<Point X='174' Y='127' T='400' />
<Point X='175' Y='132' T='409' />
<Point X='175' Y='137' T='421' />
<Point X='176' Y='142' T='430' />
<Point X='176' Y='147' T='441' />
<Point X='177' Y='152' T='458' />
<Point X='177' Y='157' T='469' />
<Point X='178' Y='162' T='476' />
<Point X='179' Y='167' T='495' />
<Point X='179' Y='171' T='507' />
<Point X='180' Y='176' T='514' />
<Point X='180' Y='182' T='528' />
<Point X='181' Y='187' T='537' />
<Point X='182' Y='191' T='547' />
<Point X='182' Y='197' T='562' />
<Point X='183' Y='202' T='573' />
<Point X='183' Y='207' T='585' />
<Point X='184' Y='211' T='592' />
<Point X='185' Y='217' T='609' />
<Point X='186' Y='222' T='618' />
<Point X='187' Y='227' T='627' />
<Point X='188' Y='232' T='639' />
<Point X='189' Y='237' T='645' />
<Point X='190' Y='242' T='658' />
<Point X='191' Y='247' T='677' />
<Point X='192' Y='252' T='688' />
<Point X='194' Y='257' T='696' />
<Point X='195' Y='262' T='708' />
<Point X='197' Y='267' T='719' />
<Point X='198' Y='271' T='730' />
<Point X='199' Y='275' T='742' />
<Point X='201' Y='280' T='752' />
<Point X='202' Y='284' T='761' />
<Point X='203' Y='288' T='775' />
<Point X='203' Y='292' T='783' />
<Point X='204' Y='295' T='793' />
<Point X='204' Y='299' T='808' />
<Point X='204' Y='302' T='817' />
<Point X='205' Y='306' T='831' />
<Point X='205' Y='309' T='843' />
<Point X='205' Y='312' T='849' />
<Point X='205' Y='315' T='861' />
<Point X='206' Y='317' T='877' />
<Point X='206' Y='319' T='897' />
<Point X='206' Y='322' T='908' />
<Point X='206' Y='325' T='916' />
<Point X='207' Y='327' T='928' />
<Point X='207' Y='330' T='941' />
<Point X='207' Y='332' T='950' />
<Point X='207' Y='334' T='957' />
<Point X='207' Y='338' T='977' />
<Point X='207' Y='339' T='994' />
<Point X='207' Y='341' T='1002' />
<Point X='207' Y='343' T='1009' />
<Point X='208' Y='345' T='1034' />
<Point X='208' Y='348' T='1048' />
<Point X='208' Y='350' T='1056' />
<Point X='209' Y='353' T='1079' />
<Point X='209' Y='355' T='1097' />
<Point X='209' Y='356' T='1108' />
<Point X='210' Y='357' T='1115' />
<Point X='210' Y='358' T='1127' />
<Point X='211' Y='359' T='1139' />
<Point X='211' Y='360' T='1147' />
<Point X='211' Y='360' T='1165' />
<Point X='211' Y='361' T='1177' />
<Point X='212' Y='361' T='1183' />
<Point X='212' Y='362' T='1196' />
</Stroke>
<Stroke index = '3' >
<Point X='345' Y='0' T='153' />
<Point X='344' Y='0' T='176' />
<Point X='344' Y='0' T='204' />
<Point X='343' Y='1' T='213' />
<Point X='343' Y='3' T='223' />
<Point X='343' Y='5' T='238' />
<Point X='342' Y='10' T='255' />
<Point X='342' Y='14' T='275' />
<Point X='341' Y='18' T='282' />
<Point X='341' Y='21' T='294' />
<Point X='340' Y='24' T='308' />
<Point X='339' Y='31' T='324' />
<Point X='339' Y='36' T='339' />
<Point X='338' Y='40' T='350' />
<Point X='338' Y='44' T='359' />
<Point X='337' Y='48' T='373' />
<Point X='337' Y='53' T='385' />
<Point X='336' Y='58' T='399' />
<Point X='336' Y='62' T='408' />
<Point X='336' Y='66' T='418' />
<Point X='336' Y='70' T='429' />
<Point X='336' Y='75' T='440' />
<Point X='336' Y='79' T='457' />
<Point X='336' Y='84' T='467' />
<Point X='336' Y='88' T='475' />
<Point X='336' Y='92' T='493' />
<Point X='336' Y='97' T='505' />
<Point X='335' Y='102' T='512' />
<Point X='335' Y='106' T='524' />
<Point X='335' Y='111' T='536' />
<Point X='335' Y='115' T='546' />
<Point X='334' Y='120' T='560' />
<Point X='333' Y='125' T='571' />
<Point X='333' Y='129' T='583' />
<Point X='332' Y='134' T='591' />
<Point X='331' Y='138' T='608' />
<Point X='331' Y='143' T='617' />
<Point X='330' Y='147' T='625' />
<Point X='329' Y='152' T='636' />
<Point X='329' Y='156' T='644' />
<Point X='328' Y='161' T='657' />
<Point X='327' Y='165' T='675' />
<Point X='327' Y='169' T='684' />
<Point X='326' Y='174' T='694' />
<Point X='325' Y='179' T='707' />
<Point X='324' Y='184' T='717' />
<Point X='323' Y='188' T='729' />
<Point X='323' Y='192' T='740' />
<Point X='322' Y='197' T='750' />
<Point X='321' Y='201' T='759' />
<Point X='321' Y='205' T='775' />
<Point X='320' Y='208' T='782' />
<Point X='320' Y='211' T='792' />
<Point X='319' Y='214' T='808' />
<Point X='318' Y='218' T='815' />
<Point X='317' Y='221' T='829' />
<Point X='317' Y='224' T='841' />
<Point X='316' Y='227' T='848' />
<Point X='315' Y='230' T='859' />
<Point X='314' Y='232' T='875' />
<Point X='313' Y='235' T='894' />
<Point X='313' Y='238' T='906' />
<Point X='312' Y='240' T='914' />
<Point X='311' Y='243' T='925' />
<Point X='311' Y='245' T='938' />
<Point X='310' Y='247' T='948' />
<Point X='309' Y='250' T='957' />
<Point X='308' Y='253' T='976' />
<Point X='308' Y='255' T='994' />
<Point X='307' Y='257' T='1001' />
<Point X='307' Y='259' T='1009' />
<Point X='306' Y='261' T='1031' />
<Point X='305' Y='265' T='1046' />
<Point X='305' Y='266' T='1053' />
<Point X='304' Y='269' T='1078' />
<Point X='303' Y='271' T='1095' />
<Point X='303' Y='272' T='1106' />
<Point X='303' Y='273' T='1113' />
<Point X='302' Y='275' T='1124' />
<Point X='302' Y='276' T='1137' />
<Point X='302' Y='277' T='1145' />
<Point X='301' Y='279' T='1163' />
<Point X='301' Y='280' T='1175' />
<Point X='301' Y='281' T='1181' />
<Point X='300' Y='281' T='1193' />
<Point X='300' Y='282' T='1204' />
<Point X='300' Y='282' T='1211' />
</Stroke>
<Stroke index = '4' >
<Point X='490' Y='65' T='166' />
<Point X='490' Y='65' T='177' />
<Point X='490' Y='66' T='205' />
<Point X='489' Y='66' T='214' />
<Point X='489' Y='68' T='224' />
<Point X='488' Y='70' T='239' />
<Point X='487' Y='76' T='256' />
<Point X='486' Y='79' T='276' />
<Point X='485' Y='82' T='283' />
<Point X='484' Y='85' T='295' />
<Point X='483' Y='88' T='308' />
<Point X='480' Y='95' T='325' />
<Point X='479' Y='99' T='341' />
<Point X='477' Y='103' T='352' />
<Point X='476' Y='107' T='360' />
<Point X='474' Y='110' T='374' />
<Point X='473' Y='114' T='387' />
<Point X='471' Y='119' T='400' />
<Point X='470' Y='123' T='409' />
<Point X='469' Y='126' T='419' />
<Point X='468' Y='130' T='429' />
<Point X='466' Y='134' T='441' />
<Point X='465' Y='137' T='457' />
<Point X='464' Y='142' T='468' />
<Point X='463' Y='146' T='475' />
<Point X='462' Y='149' T='494' />
<Point X='460' Y='153' T='506' />
<Point X='458' Y='157' T='512' />
<Point X='456' Y='162' T='526' />
<Point X='455' Y='167' T='537' />
<Point X='453' Y='171' T='546' />
<Point X='452' Y='175' T='562' />
<Point X='450' Y='179' T='572' />
<Point X='448' Y='184' T='583' />
<Point X='447' Y='188' T='591' />
<Point X='445' Y='193' T='609' />
<Point X='443' Y='197' T='618' />
<Point X='441' Y='202' T='625' />
<Point X='439' Y='206' T='637' />
<Point X='437' Y='211' T='644' />
<Point X='435' Y='215' T='657' />
<Point X='433' Y='219' T='676' />
<Point X='431' Y='223' T='685' />
<Point X='429' Y='228' T='695' />
<Point X='428' Y='232' T='708' />
<Point X='426' Y='236' T='718' />
<Point X='424' Y='241' T='729' />
<Point X='423' Y='245' T='741' />
<Point X='421' Y='250' T='751' />
<Point X='419' Y='253' T='760' />
<Point X='418' Y='257' T='775' />
<Point X='416' Y='260' T='782' />
<Point X='414' Y='263' T='792' />
<Point X='413' Y='266' T='808' />
<Point X='411' Y='270' T='817' />
<Point X='410' Y='273' T='830' />
<Point X='408' Y='276' T='843' />
<Point X='407' Y='278' T='848' />
<Point X='406' Y='280' T='860' />
<Point X='405' Y='283' T='877' />
<Point X='404' Y='285' T='896' />
<Point X='403' Y='288' T='907' />
<Point X='402' Y='291' T='915' />
<Point X='401' Y='294' T='926' />
<Point X='400' Y='296' T='940' />
<Point X='399' Y='298' T='948' />
<Point X='398' Y='300' T='957' />
<Point X='396' Y='304' T='976' />
<Point X='395' Y='306' T='994' />
<Point X='394' Y='308' T='1001' />
<Point X='393' Y='310' T='1009' />
<Point X='392' Y='312' T='1032' />
<Point X='390' Y='315' T='1047' />
<Point X='390' Y='317' T='1055' />
<Point X='388' Y='319' T='1079' />
<Point X='388' Y='320' T='1096' />
<Point X='387' Y='322' T='1108' />
<Point X='387' Y='323' T='1114' />
<Point X='386' Y='324' T='1125' />
<Point X='386' Y='326' T='1138' />
<Point X='385' Y='327' T='1146' />
<Point X='385' Y='329' T='1164' />
<Point X='385' Y='330' T='1175' />
<Point X='384' Y='331' T='1182' />
<Point X='384' Y='332' T='1194' />
<Point X='383' Y='332' T='1206' />
<Point X='383' Y='333' T='1211' />
</Stroke>

</Gesture>
