<?xml version='1.0' encoding='utf-8' standalone='yes'?>
<Gesture Name ='11_1_13' Subject = 'test'  Speed = 'MEDIUM' NumPts = '347' InputType='finger' >

<Stroke index = '1' >
<Point X='2' Y='467' T='0' />
<Point X='1' Y='467' T='11' />
<Point X='0' Y='466' T='21' />
<Point X='0' Y='466' T='40' />
<Point X='0' Y='465' T='54' />
<Point X='0' Y='464' T='73' />
<Point X='0' Y='463' T='88' />
<Point X='0' Y='463' T='105' />
<Point X='1' Y='463' T='123' />
<Point X='1' Y='462' T='155' />
<Point X='2' Y='462' T='224' />
<Point X='2' Y='462' T='234' />
<Point X='3' Y='462' T='248' />
<Point X='3' Y='462' T='261' />
<Point X='4' Y='463' T='268' />
<Point X='5' Y='463' T='282' />
<Point X='6' Y='464' T='292' />
<Point X='7' Y='464' T='308' />
<Point X='8' Y='464' T='319' />
<Point X='12' Y='465' T='341' />
<Point X='18' Y='465' T='374' />
<Point X='22' Y='465' T='389' />
<Point X='24' Y='465' T='403' />
<Point X='26' Y='465' T='416' />
<Point X='28' Y='465' T='426' />
<Point X='30' Y='465' T='441' />
<Point X='33' Y='465' T='453' />
<Point X='38' Y='465' T='471' />
<Point X='41' Y='465' T='485' />
<Point X='43' Y='465' T='493' />
<Point X='46' Y='465' T='509' />
<Point X='48' Y='465' T='519' />
<Point X='50' Y='465' T='527' />
<Point X='53' Y='465' T='543' />
<Point X='57' Y='465' T='557' />
<Point X='60' Y='465' T='575' />
<Point X='63' Y='465' T='586' />
<Point X='65' Y='465' T='595' />
<Point X='68' Y='465' T='604' />
<Point X='70' Y='465' T='619' />
<Point X='73' Y='465' T='627' />
<Point X='75' Y='465' T='642' />
<Point X='78' Y='465' T='655' />
<Point X='82' Y='464' T='662' />
<Point X='85' Y='464' T='673' />
<Point X='88' Y='464' T='686' />
<Point X='90' Y='464' T='695' />
<Point X='92' Y='464' T='710' />
<Point X='95' Y='464' T='717' />
<Point X='97' Y='464' T='726' />
<Point X='99' Y='464' T='742' />
<Point X='101' Y='464' T='759' />
<Point X='103' Y='464' T='767' />
<Point X='105' Y='464' T='780' />
<Point X='107' Y='465' T='793' />
<Point X='110' Y='465' T='811' />
<Point X='112' Y='465' T='825' />
<Point X='114' Y='465' T='837' />
<Point X='115' Y='465' T='843' />
<Point X='117' Y='465' T='859' />
<Point X='118' Y='465' T='870' />
<Point X='120' Y='465' T='879' />
<Point X='121' Y='466' T='890' />
<Point X='122' Y='466' T='903' />
<Point X='123' Y='466' T='913' />
<Point X='123' Y='466' T='925' />
<Point X='124' Y='466' T='933' />
<Point X='124' Y='466' T='943' />
<Point X='125' Y='467' T='961' />
<Point X='125' Y='467' T='968' />
<Point X='126' Y='467' T='980' />
<Point X='126' Y='467' T='993' />
</Stroke>
<Stroke index = '5' >
<Point X='569' Y='205' T='7' />
<Point X='569' Y='205' T='75' />
<Point X='569' Y='205' T='188' />
<Point X='569' Y='206' T='199' />
<Point X='568' Y='206' T='213' />
<Point X='568' Y='207' T='225' />
<Point X='567' Y='209' T='236' />
<Point X='566' Y='211' T='250' />
<Point X='565' Y='213' T='261' />
<Point X='564' Y='216' T='270' />
<Point X='562' Y='219' T='283' />
<Point X='561' Y='221' T='292' />
<Point X='559' Y='223' T='310' />
<Point X='556' Y='226' T='321' />
<Point X='551' Y='232' T='341' />
<Point X='547' Y='239' T='376' />
<Point X='542' Y='245' T='391' />
<Point X='539' Y='249' T='406' />
<Point X='536' Y='253' T='416' />
<Point X='532' Y='257' T='428' />
<Point X='529' Y='260' T='443' />
<Point X='526' Y='264' T='455' />
<Point X='519' Y='271' T='474' />
<Point X='515' Y='274' T='487' />
<Point X='511' Y='278' T='495' />
<Point X='507' Y='282' T='510' />
<Point X='504' Y='285' T='521' />
<Point X='500' Y='289' T='529' />
<Point X='496' Y='292' T='544' />
<Point X='489' Y='299' T='558' />
<Point X='485' Y='302' T='576' />
<Point X='482' Y='305' T='587' />
<Point X='479' Y='308' T='596' />
<Point X='476' Y='310' T='607' />
<Point X='473' Y='313' T='620' />
<Point X='470' Y='315' T='628' />
<Point X='467' Y='318' T='644' />
<Point X='464' Y='320' T='656' />
<Point X='461' Y='323' T='663' />
<Point X='458' Y='325' T='674' />
<Point X='455' Y='327' T='688' />
<Point X='452' Y='330' T='695' />
<Point X='450' Y='332' T='711' />
<Point X='447' Y='335' T='717' />
<Point X='444' Y='337' T='727' />
<Point X='441' Y='340' T='742' />
<Point X='438' Y='343' T='760' />
<Point X='435' Y='345' T='767' />
<Point X='432' Y='347' T='782' />
<Point X='430' Y='350' T='795' />
<Point X='425' Y='355' T='813' />
<Point X='422' Y='357' T='827' />
<Point X='420' Y='359' T='838' />
<Point X='418' Y='361' T='846' />
<Point X='415' Y='363' T='861' />
<Point X='413' Y='365' T='872' />
<Point X='412' Y='366' T='880' />
<Point X='410' Y='367' T='892' />
<Point X='409' Y='369' T='904' />
<Point X='408' Y='370' T='914' />
<Point X='407' Y='371' T='925' />
<Point X='406' Y='372' T='934' />
<Point X='405' Y='373' T='944' />
<Point X='404' Y='374' T='961' />
<Point X='403' Y='375' T='970' />
<Point X='402' Y='376' T='982' />
<Point X='401' Y='377' T='994' />
<Point X='400' Y='378' T='1013' />
<Point X='400' Y='378' T='1022' />
</Stroke>
<Stroke index = '3' >
<Point X='318' Y='0' T='127' />
<Point X='318' Y='0' T='131' />
<Point X='317' Y='0' T='157' />
<Point X='316' Y='0' T='189' />
<Point X='316' Y='1' T='201' />
<Point X='315' Y='3' T='214' />
<Point X='315' Y='5' T='226' />
<Point X='314' Y='8' T='237' />
<Point X='313' Y='10' T='251' />
<Point X='312' Y='12' T='262' />
<Point X='311' Y='14' T='271' />
<Point X='310' Y='16' T='284' />
<Point X='309' Y='19' T='294' />
<Point X='308' Y='23' T='310' />
<Point X='307' Y='27' T='322' />
<Point X='306' Y='34' T='341' />
<Point X='304' Y='42' T='377' />
<Point X='303' Y='51' T='392' />
<Point X='303' Y='55' T='407' />
<Point X='302' Y='60' T='418' />
<Point X='302' Y='65' T='429' />
<Point X='301' Y='69' T='444' />
<Point X='301' Y='74' T='456' />
<Point X='300' Y='83' T='475' />
<Point X='300' Y='88' T='487' />
<Point X='299' Y='93' T='495' />
<Point X='299' Y='97' T='512' />
<Point X='298' Y='101' T='522' />
<Point X='297' Y='106' T='529' />
<Point X='296' Y='111' T='546' />
<Point X='295' Y='119' T='558' />
<Point X='294' Y='124' T='577' />
<Point X='294' Y='128' T='589' />
<Point X='293' Y='132' T='597' />
<Point X='292' Y='136' T='609' />
<Point X='292' Y='139' T='622' />
<Point X='291' Y='143' T='629' />
<Point X='291' Y='147' T='645' />
<Point X='290' Y='151' T='657' />
<Point X='289' Y='155' T='664' />
<Point X='289' Y='158' T='676' />
<Point X='288' Y='162' T='689' />
<Point X='288' Y='165' T='696' />
<Point X='287' Y='169' T='711' />
<Point X='287' Y='173' T='718' />
<Point X='286' Y='177' T='728' />
<Point X='286' Y='180' T='743' />
<Point X='285' Y='184' T='761' />
<Point X='285' Y='187' T='769' />
<Point X='284' Y='191' T='783' />
<Point X='283' Y='194' T='795' />
<Point X='282' Y='200' T='814' />
<Point X='281' Y='202' T='828' />
<Point X='280' Y='205' T='838' />
<Point X='279' Y='208' T='847' />
<Point X='278' Y='210' T='861' />
<Point X='277' Y='212' T='874' />
<Point X='277' Y='214' T='881' />
<Point X='276' Y='216' T='894' />
<Point X='275' Y='218' T='906' />
<Point X='275' Y='220' T='915' />
<Point X='274' Y='221' T='926' />
<Point X='274' Y='223' T='935' />
<Point X='273' Y='224' T='946' />
<Point X='273' Y='225' T='962' />
<Point X='272' Y='227' T='972' />
<Point X='272' Y='228' T='984' />
<Point X='271' Y='229' T='995' />
<Point X='270' Y='230' T='1014' />
</Stroke>
<Stroke index = '4' >
<Point X='468' Y='58' T='129' />
<Point X='467' Y='58' T='132' />
<Point X='467' Y='58' T='157' />
<Point X='466' Y='58' T='191' />
<Point X='465' Y='59' T='202' />
<Point X='465' Y='60' T='216' />
<Point X='464' Y='62' T='227' />
<Point X='464' Y='64' T='238' />
<Point X='463' Y='67' T='254' />
<Point X='463' Y='70' T='263' />
<Point X='462' Y='73' T='272' />
<Point X='461' Y='75' T='285' />
<Point X='460' Y='78' T='294' />
<Point X='459' Y='80' T='312' />
<Point X='457' Y='84' T='324' />
<Point X='454' Y='92' T='342' />
<Point X='451' Y='99' T='379' />
<Point X='448' Y='108' T='393' />
<Point X='447' Y='112' T='408' />
<Point X='445' Y='116' T='419' />
<Point X='444' Y='121' T='430' />
<Point X='442' Y='125' T='447' />
<Point X='441' Y='130' T='458' />
<Point X='437' Y='139' T='476' />
<Point X='436' Y='143' T='488' />
<Point X='433' Y='147' T='496' />
<Point X='431' Y='152' T='512' />
<Point X='429' Y='157' T='523' />
<Point X='427' Y='161' T='530' />
<Point X='425' Y='166' T='548' />
<Point X='421' Y='175' T='560' />
<Point X='419' Y='179' T='579' />
<Point X='418' Y='183' T='591' />
<Point X='416' Y='186' T='597' />
<Point X='414' Y='190' T='611' />
<Point X='412' Y='194' T='623' />
<Point X='410' Y='198' T='629' />
<Point X='408' Y='201' T='647' />
<Point X='406' Y='204' T='658' />
<Point X='405' Y='207' T='665' />
<Point X='403' Y='211' T='677' />
<Point X='402' Y='215' T='690' />
<Point X='401' Y='218' T='696' />
<Point X='399' Y='222' T='711' />
<Point X='398' Y='224' T='718' />
<Point X='397' Y='227' T='728' />
<Point X='395' Y='230' T='743' />
<Point X='394' Y='234' T='761' />
<Point X='392' Y='237' T='770' />
<Point X='391' Y='241' T='784' />
<Point X='389' Y='243' T='797' />
<Point X='386' Y='249' T='815' />
<Point X='385' Y='251' T='829' />
<Point X='383' Y='254' T='839' />
<Point X='382' Y='257' T='848' />
<Point X='381' Y='259' T='863' />
<Point X='380' Y='262' T='874' />
<Point X='379' Y='264' T='883' />
<Point X='378' Y='265' T='895' />
<Point X='377' Y='267' T='908' />
<Point X='377' Y='268' T='917' />
<Point X='376' Y='270' T='927' />
<Point X='375' Y='271' T='936' />
<Point X='374' Y='273' T='946' />
<Point X='373' Y='274' T='963' />
<Point X='372' Y='275' T='973' />
<Point X='372' Y='276' T='985' />
<Point X='371' Y='277' T='996' />
<Point X='370' Y='278' T='1015' />
</Stroke>
<Stroke index = '2' >
<Point X='163' Y='72' T='133' />
<Point X='162' Y='72' T='165' />
<Point X='162' Y='72' T='192' />
<Point X='162' Y='73' T='204' />
<Point X='162' Y='75' T='217' />
<Point X='162' Y='76' T='228' />
<Point X='162' Y='78' T='240' />
<Point X='161' Y='80' T='255' />
<Point X='161' Y='83' T='264' />
<Point X='161' Y='87' T='274' />
<Point X='160' Y='90' T='286' />
<Point X='160' Y='94' T='295' />
<Point X='159' Y='97' T='313' />
<Point X='159' Y='101' T='326' />
<Point X='159' Y='109' T='343' />
<Point X='159' Y='118' T='380' />
<Point X='160' Y='127' T='395' />
<Point X='160' Y='132' T='410' />
<Point X='160' Y='137' T='420' />
<Point X='160' Y='142' T='431' />
<Point X='160' Y='147' T='448' />
<Point X='160' Y='152' T='459' />
<Point X='159' Y='162' T='477' />
<Point X='159' Y='167' T='490' />
<Point X='159' Y='173' T='497' />
<Point X='159' Y='178' T='514' />
<Point X='159' Y='183' T='523' />
<Point X='159' Y='188' T='532' />
<Point X='159' Y='194' T='549' />
<Point X='159' Y='203' T='560' />
<Point X='159' Y='208' T='579' />
<Point X='159' Y='213' T='592' />
<Point X='159' Y='217' T='599' />
<Point X='160' Y='222' T='613' />
<Point X='160' Y='226' T='624' />
<Point X='160' Y='231' T='630' />
<Point X='161' Y='235' T='647' />
<Point X='162' Y='240' T='659' />
<Point X='163' Y='243' T='665' />
<Point X='164' Y='247' T='679' />
<Point X='165' Y='252' T='691' />
<Point X='166' Y='256' T='698' />
<Point X='167' Y='260' T='711' />
<Point X='168' Y='264' T='719' />
<Point X='169' Y='267' T='728' />
<Point X='170' Y='271' T='743' />
<Point X='171' Y='275' T='762' />
<Point X='172' Y='278' T='771' />
<Point X='172' Y='282' T='786' />
<Point X='173' Y='285' T='798' />
<Point X='174' Y='292' T='817' />
<Point X='174' Y='295' T='830' />
<Point X='175' Y='297' T='839' />
<Point X='175' Y='300' T='849' />
<Point X='175' Y='302' T='863' />
<Point X='175' Y='304' T='875' />
<Point X='175' Y='306' T='884' />
<Point X='175' Y='308' T='896' />
<Point X='175' Y='310' T='909' />
<Point X='175' Y='312' T='918' />
<Point X='175' Y='314' T='927' />
<Point X='175' Y='315' T='938' />
<Point X='175' Y='317' T='948' />
<Point X='175' Y='318' T='965' />
<Point X='175' Y='319' T='974' />
<Point X='175' Y='320' T='986' />
<Point X='175' Y='320' T='997' />
<Point X='175' Y='321' T='1016' />
</Stroke>

</Gesture>
