<?xml version='1.0' encoding='utf-8' standalone='yes'?>
<Gesture Name ='11_1_11' Subject = 'test'  Speed = 'MEDIUM' NumPts = '365' InputType='finger' >

<Stroke index = '5' >
<Point X='579' Y='239' T='0' />
<Point X='580' Y='230' T='69' />
<Point X='581' Y='228' T='77' />
<Point X='581' Y='226' T='85' />
<Point X='582' Y='223' T='109' />
<Point X='582' Y='222' T='119' />
<Point X='582' Y='221' T='130' />
<Point X='582' Y='219' T='152' />
<Point X='582' Y='219' T='160' />
<Point X='582' Y='218' T='185' />
<Point X='582' Y='218' T='220' />
<Point X='581' Y='218' T='231' />
<Point X='581' Y='218' T='271' />
<Point X='581' Y='218' T='327' />
<Point X='581' Y='220' T='338' />
<Point X='581' Y='222' T='349' />
<Point X='580' Y='226' T='370' />
<Point X='579' Y='228' T='386' />
<Point X='578' Y='230' T='392' />
<Point X='577' Y='232' T='404' />
<Point X='575' Y='235' T='422' />
<Point X='574' Y='238' T='438' />
<Point X='572' Y='241' T='447' />
<Point X='570' Y='244' T='455' />
<Point X='568' Y='247' T='465' />
<Point X='566' Y='250' T='478' />
<Point X='563' Y='252' T='489' />
<Point X='561' Y='255' T='499' />
<Point X='558' Y='258' T='512' />
<Point X='556' Y='261' T='522' />
<Point X='553' Y='264' T='541' />
<Point X='550' Y='268' T='550' />
<Point X='548' Y='271' T='561' />
<Point X='545' Y='273' T='573' />
<Point X='536' Y='283' T='604' />
<Point X='533' Y='286' T='622' />
<Point X='530' Y='290' T='635' />
<Point X='527' Y='292' T='647' />
<Point X='521' Y='298' T='663' />
<Point X='518' Y='302' T='673' />
<Point X='515' Y='305' T='689' />
<Point X='511' Y='309' T='699' />
<Point X='508' Y='312' T='708' />
<Point X='505' Y='314' T='725' />
<Point X='502' Y='317' T='732' />
<Point X='499' Y='320' T='742' />
<Point X='496' Y='323' T='753' />
<Point X='493' Y='326' T='766' />
<Point X='490' Y='329' T='776' />
<Point X='486' Y='332' T='785' />
<Point X='483' Y='335' T='795' />
<Point X='480' Y='339' T='807' />
<Point X='473' Y='345' T='839' />
<Point X='469' Y='348' T='847' />
<Point X='466' Y='351' T='857' />
<Point X='461' Y='356' T='878' />
<Point X='458' Y='359' T='893' />
<Point X='454' Y='364' T='910' />
<Point X='452' Y='366' T='922' />
<Point X='450' Y='368' T='933' />
<Point X='446' Y='372' T='960' />
<Point X='444' Y='374' T='972' />
<Point X='442' Y='376' T='984' />
<Point X='440' Y='378' T='994' />
<Point X='439' Y='380' T='1006' />
<Point X='437' Y='382' T='1020' />
<Point X='436' Y='383' T='1029' />
<Point X='435' Y='385' T='1038' />
<Point X='434' Y='386' T='1052' />
<Point X='432' Y='388' T='1060' />
<Point X='431' Y='389' T='1068' />
<Point X='429' Y='390' T='1080' />
<Point X='428' Y='391' T='1092' />
<Point X='426' Y='392' T='1109' />
<Point X='425' Y='393' T='1116' />
<Point X='424' Y='394' T='1126' />
<Point X='423' Y='395' T='1144' />
<Point X='421' Y='396' T='1173' />
<Point X='421' Y='397' T='1187' />
<Point X='420' Y='397' T='1198' />
<Point X='419' Y='399' T='1237' />
</Stroke>
<Stroke index = '1' >
<Point X='0' Y='432' T='187' />
<Point X='0' Y='432' T='204' />
<Point X='0' Y='431' T='221' />
<Point X='0' Y='431' T='245' />
<Point X='0' Y='431' T='273' />
<Point X='1' Y='431' T='304' />
<Point X='2' Y='431' T='314' />
<Point X='3' Y='431' T='327' />
<Point X='4' Y='431' T='340' />
<Point X='5' Y='431' T='351' />
<Point X='8' Y='431' T='372' />
<Point X='9' Y='431' T='387' />
<Point X='10' Y='431' T='393' />
<Point X='11' Y='431' T='404' />
<Point X='13' Y='432' T='423' />
<Point X='14' Y='432' T='438' />
<Point X='15' Y='432' T='448' />
<Point X='17' Y='432' T='455' />
<Point X='19' Y='433' T='466' />
<Point X='23' Y='433' T='479' />
<Point X='26' Y='433' T='490' />
<Point X='29' Y='434' T='500' />
<Point X='32' Y='434' T='512' />
<Point X='34' Y='434' T='522' />
<Point X='37' Y='434' T='543' />
<Point X='39' Y='435' T='552' />
<Point X='41' Y='435' T='563' />
<Point X='43' Y='435' T='575' />
<Point X='52' Y='436' T='606' />
<Point X='55' Y='437' T='624' />
<Point X='58' Y='437' T='636' />
<Point X='61' Y='437' T='649' />
<Point X='66' Y='438' T='665' />
<Point X='70' Y='439' T='675' />
<Point X='73' Y='439' T='691' />
<Point X='76' Y='440' T='700' />
<Point X='79' Y='440' T='710' />
<Point X='82' Y='441' T='726' />
<Point X='85' Y='441' T='735' />
<Point X='89' Y='442' T='744' />
<Point X='92' Y='442' T='754' />
<Point X='96' Y='442' T='767' />
<Point X='100' Y='442' T='778' />
<Point X='103' Y='442' T='786' />
<Point X='106' Y='443' T='795' />
<Point X='110' Y='443' T='809' />
<Point X='118' Y='444' T='839' />
<Point X='121' Y='444' T='849' />
<Point X='124' Y='445' T='857' />
<Point X='129' Y='446' T='880' />
<Point X='131' Y='446' T='895' />
<Point X='135' Y='448' T='911' />
<Point X='137' Y='448' T='924' />
<Point X='139' Y='449' T='934' />
<Point X='142' Y='450' T='961' />
<Point X='144' Y='451' T='973' />
<Point X='146' Y='451' T='986' />
<Point X='147' Y='452' T='995' />
<Point X='149' Y='452' T='1008' />
<Point X='150' Y='453' T='1022' />
<Point X='152' Y='453' T='1029' />
<Point X='153' Y='454' T='1039' />
<Point X='154' Y='454' T='1053' />
<Point X='155' Y='455' T='1060' />
<Point X='156' Y='455' T='1069' />
<Point X='157' Y='456' T='1081' />
<Point X='158' Y='456' T='1093' />
<Point X='159' Y='457' T='1110' />
<Point X='159' Y='457' T='1118' />
<Point X='160' Y='457' T='1127' />
<Point X='161' Y='457' T='1144' />
<Point X='164' Y='457' T='1174' />
<Point X='164' Y='457' T='1188' />
</Stroke>
<Stroke index = '3' >
<Point X='352' Y='0' T='233' />
<Point X='352' Y='0' T='256' />
<Point X='351' Y='0' T='289' />
<Point X='350' Y='0' T='306' />
<Point X='350' Y='1' T='314' />
<Point X='350' Y='1' T='329' />
<Point X='350' Y='2' T='341' />
<Point X='349' Y='4' T='353' />
<Point X='349' Y='11' T='373' />
<Point X='349' Y='14' T='388' />
<Point X='348' Y='17' T='394' />
<Point X='348' Y='20' T='405' />
<Point X='348' Y='22' T='425' />
<Point X='347' Y='26' T='440' />
<Point X='347' Y='30' T='450' />
<Point X='347' Y='35' T='456' />
<Point X='347' Y='38' T='467' />
<Point X='347' Y='42' T='481' />
<Point X='347' Y='46' T='491' />
<Point X='347' Y='50' T='502' />
<Point X='347' Y='55' T='513' />
<Point X='346' Y='60' T='523' />
<Point X='346' Y='64' T='544' />
<Point X='346' Y='68' T='553' />
<Point X='346' Y='73' T='564' />
<Point X='345' Y='78' T='577' />
<Point X='344' Y='93' T='607' />
<Point X='343' Y='98' T='625' />
<Point X='342' Y='102' T='639' />
<Point X='341' Y='107' T='650' />
<Point X='340' Y='117' T='666' />
<Point X='339' Y='122' T='677' />
<Point X='338' Y='127' T='692' />
<Point X='337' Y='131' T='701' />
<Point X='336' Y='136' T='711' />
<Point X='335' Y='141' T='726' />
<Point X='334' Y='145' T='735' />
<Point X='333' Y='150' T='745' />
<Point X='332' Y='155' T='755' />
<Point X='331' Y='160' T='769' />
<Point X='330' Y='164' T='779' />
<Point X='329' Y='169' T='787' />
<Point X='328' Y='174' T='796' />
<Point X='327' Y='178' T='809' />
<Point X='325' Y='187' T='840' />
<Point X='324' Y='191' T='849' />
<Point X='324' Y='195' T='859' />
<Point X='322' Y='203' T='883' />
<Point X='321' Y='206' T='895' />
<Point X='319' Y='212' T='913' />
<Point X='319' Y='216' T='925' />
<Point X='318' Y='219' T='936' />
<Point X='316' Y='224' T='962' />
<Point X='315' Y='227' T='974' />
<Point X='314' Y='229' T='988' />
<Point X='313' Y='231' T='997' />
<Point X='313' Y='234' T='1009' />
<Point X='312' Y='237' T='1023' />
<Point X='311' Y='239' T='1030' />
<Point X='310' Y='241' T='1041' />
<Point X='309' Y='243' T='1053' />
<Point X='309' Y='245' T='1061' />
<Point X='308' Y='246' T='1070' />
<Point X='308' Y='248' T='1082' />
<Point X='307' Y='249' T='1093' />
<Point X='307' Y='250' T='1111' />
<Point X='306' Y='251' T='1119' />
<Point X='306' Y='252' T='1127' />
<Point X='305' Y='253' T='1145' />
<Point X='304' Y='256' T='1176' />
<Point X='303' Y='257' T='1190' />
</Stroke>
<Stroke index = '4' >
<Point X='504' Y='65' T='254' />
<Point X='503' Y='65' T='274' />
<Point X='503' Y='65' T='290' />
<Point X='502' Y='66' T='308' />
<Point X='502' Y='66' T='317' />
<Point X='501' Y='67' T='331' />
<Point X='501' Y='69' T='344' />
<Point X='500' Y='72' T='355' />
<Point X='499' Y='78' T='375' />
<Point X='498' Y='81' T='390' />
<Point X='497' Y='84' T='395' />
<Point X='496' Y='87' T='408' />
<Point X='495' Y='90' T='426' />
<Point X='494' Y='94' T='442' />
<Point X='493' Y='98' T='451' />
<Point X='492' Y='101' T='458' />
<Point X='491' Y='105' T='469' />
<Point X='490' Y='108' T='483' />
<Point X='488' Y='112' T='493' />
<Point X='487' Y='116' T='504' />
<Point X='485' Y='120' T='516' />
<Point X='484' Y='124' T='523' />
<Point X='482' Y='128' T='546' />
<Point X='481' Y='132' T='555' />
<Point X='479' Y='136' T='566' />
<Point X='477' Y='140' T='579' />
<Point X='472' Y='153' T='611' />
<Point X='470' Y='158' T='626' />
<Point X='468' Y='162' T='642' />
<Point X='466' Y='166' T='653' />
<Point X='460' Y='175' T='668' />
<Point X='458' Y='180' T='680' />
<Point X='455' Y='184' T='693' />
<Point X='453' Y='188' T='704' />
<Point X='451' Y='192' T='713' />
<Point X='449' Y='197' T='727' />
<Point X='446' Y='202' T='737' />
<Point X='444' Y='206' T='746' />
<Point X='442' Y='210' T='757' />
<Point X='439' Y='215' T='772' />
<Point X='437' Y='219' T='781' />
<Point X='435' Y='224' T='789' />
<Point X='433' Y='228' T='798' />
<Point X='431' Y='232' T='812' />
<Point X='427' Y='241' T='841' />
<Point X='425' Y='245' T='850' />
<Point X='423' Y='249' T='860' />
<Point X='419' Y='256' T='885' />
<Point X='417' Y='259' T='896' />
<Point X='414' Y='266' T='915' />
<Point X='413' Y='270' T='927' />
<Point X='411' Y='272' T='939' />
<Point X='409' Y='277' T='964' />
<Point X='407' Y='279' T='976' />
<Point X='406' Y='282' T='990' />
<Point X='404' Y='285' T='998' />
<Point X='403' Y='287' T='1013' />
<Point X='402' Y='290' T='1026' />
<Point X='401' Y='292' T='1032' />
<Point X='400' Y='294' T='1043' />
<Point X='398' Y='296' T='1056' />
<Point X='397' Y='297' T='1062' />
<Point X='396' Y='298' T='1073' />
<Point X='395' Y='300' T='1084' />
<Point X='394' Y='301' T='1094' />
<Point X='394' Y='302' T='1113' />
<Point X='393' Y='303' T='1120' />
<Point X='393' Y='305' T='1128' />
<Point X='392' Y='306' T='1147' />
<Point X='391' Y='308' T='1179' />
<Point X='390' Y='309' T='1194' />
</Stroke>
<Stroke index = '2' >
<Point X='176' Y='59' T='249' />
<Point X='176' Y='60' T='307' />
<Point X='176' Y='61' T='315' />
<Point X='176' Y='63' T='330' />
<Point X='176' Y='65' T='343' />
<Point X='176' Y='67' T='353' />
<Point X='177' Y='73' T='374' />
<Point X='178' Y='76' T='388' />
<Point X='178' Y='80' T='394' />
<Point X='178' Y='83' T='407' />
<Point X='179' Y='86' T='425' />
<Point X='179' Y='89' T='441' />
<Point X='180' Y='94' T='450' />
<Point X='180' Y='98' T='456' />
<Point X='181' Y='102' T='468' />
<Point X='181' Y='106' T='481' />
<Point X='182' Y='111' T='492' />
<Point X='182' Y='116' T='503' />
<Point X='183' Y='121' T='515' />
<Point X='183' Y='125' T='523' />
<Point X='184' Y='130' T='544' />
<Point X='184' Y='135' T='555' />
<Point X='185' Y='141' T='564' />
<Point X='185' Y='146' T='578' />
<Point X='187' Y='162' T='609' />
<Point X='187' Y='167' T='626' />
<Point X='188' Y='173' T='640' />
<Point X='188' Y='178' T='652' />
<Point X='190' Y='189' T='667' />
<Point X='191' Y='194' T='678' />
<Point X='192' Y='200' T='692' />
<Point X='192' Y='205' T='702' />
<Point X='193' Y='210' T='712' />
<Point X='194' Y='216' T='726' />
<Point X='195' Y='221' T='737' />
<Point X='195' Y='226' T='746' />
<Point X='196' Y='231' T='757' />
<Point X='197' Y='236' T='769' />
<Point X='198' Y='242' T='779' />
<Point X='199' Y='247' T='787' />
<Point X='200' Y='251' T='797' />
<Point X='201' Y='257' T='810' />
<Point X='202' Y='266' T='840' />
<Point X='203' Y='271' T='850' />
<Point X='204' Y='275' T='859' />
<Point X='205' Y='284' T='884' />
<Point X='205' Y='287' T='896' />
<Point X='206' Y='293' T='914' />
<Point X='206' Y='297' T='926' />
<Point X='206' Y='300' T='938' />
<Point X='207' Y='306' T='963' />
<Point X='207' Y='309' T='975' />
<Point X='207' Y='311' T='989' />
<Point X='207' Y='314' T='998' />
<Point X='207' Y='316' T='1011' />
<Point X='207' Y='319' T='1025' />
<Point X='207' Y='321' T='1031' />
<Point X='207' Y='323' T='1042' />
<Point X='207' Y='325' T='1055' />
<Point X='207' Y='327' T='1062' />
<Point X='207' Y='329' T='1071' />
<Point X='207' Y='331' T='1083' />
<Point X='207' Y='332' T='1093' />
<Point X='207' Y='333' T='1112' />
<Point X='207' Y='334' T='1119' />
<Point X='207' Y='335' T='1128' />
<Point X='207' Y='336' T='1146' />
<Point X='207' Y='338' T='1178' />
<Point X='207' Y='338' T='1192' />
</Stroke>

</Gesture>
