<?xml version='1.0' encoding='utf-8' standalone='yes'?>
<Gesture Name ='11_1_3' Subject = 'test'  Speed = 'MEDIUM' NumPts = '421' InputType='finger' >

<Stroke index = '1' >
<Point X='0' Y='458' T='22' />
<Point X='0' Y='458' T='67' />
<Point X='0' Y='457' T='84' />
<Point X='1' Y='457' T='98' />
<Point X='2' Y='457' T='113' />
<Point X='2' Y='457' T='125' />
<Point X='2' Y='456' T='147' />
<Point X='2' Y='456' T='158' />
<Point X='2' Y='456' T='237' />
<Point X='3' Y='456' T='260' />
<Point X='4' Y='457' T='271' />
<Point X='8' Y='458' T='298' />
<Point X='10' Y='458' T='308' />
<Point X='13' Y='459' T='318' />
<Point X='15' Y='459' T='333' />
<Point X='17' Y='459' T='344' />
<Point X='23' Y='459' T='365' />
<Point X='30' Y='458' T='397' />
<Point X='34' Y='458' T='406' />
<Point X='36' Y='457' T='414' />
<Point X='38' Y='457' T='433' />
<Point X='43' Y='455' T='447' />
<Point X='47' Y='455' T='466' />
<Point X='53' Y='453' T='480' />
<Point X='56' Y='452' T='500' />
<Point X='58' Y='451' T='511' />
<Point X='61' Y='451' T='520' />
<Point X='64' Y='450' T='532' />
<Point X='67' Y='449' T='547' />
<Point X='71' Y='449' T='558' />
<Point X='75' Y='448' T='568' />
<Point X='77' Y='448' T='580' />
<Point X='80' Y='447' T='590' />
<Point X='83' Y='446' T='600' />
<Point X='86' Y='446' T='615' />
<Point X='89' Y='445' T='621' />
<Point X='93' Y='444' T='632' />
<Point X='97' Y='444' T='648' />
<Point X='100' Y='444' T='667' />
<Point X='103' Y='444' T='677' />
<Point X='106' Y='444' T='685' />
<Point X='110' Y='444' T='696' />
<Point X='114' Y='444' T='710' />
<Point X='117' Y='445' T='718' />
<Point X='120' Y='445' T='730' />
<Point X='124' Y='446' T='743' />
<Point X='127' Y='447' T='750' />
<Point X='130' Y='448' T='763' />
<Point X='133' Y='449' T='781' />
<Point X='136' Y='450' T='792' />
<Point X='140' Y='451' T='805' />
<Point X='145' Y='453' T='818' />
<Point X='147' Y='454' T='837' />
<Point X='149' Y='455' T='850' />
<Point X='151' Y='456' T='861' />
<Point X='152' Y='457' T='873' />
<Point X='154' Y='459' T='885' />
<Point X='156' Y='460' T='901' />
<Point X='157' Y='461' T='913' />
<Point X='159' Y='462' T='923' />
<Point X='161' Y='463' T='937' />
<Point X='162' Y='463' T='948' />
<Point X='164' Y='464' T='959' />
<Point X='165' Y='464' T='970' />
<Point X='166' Y='465' T='982' />
<Point X='167' Y='465' T='989' />
<Point X='168' Y='466' T='1002' />
<Point X='170' Y='466' T='1013' />
<Point X='172' Y='466' T='1024' />
<Point X='174' Y='467' T='1036' />
<Point X='177' Y='467' T='1049' />
<Point X='179' Y='467' T='1060' />
<Point X='181' Y='467' T='1072' />
<Point X='183' Y='467' T='1086' />
<Point X='185' Y='467' T='1096' />
<Point X='186' Y='467' T='1107' />
<Point X='187' Y='467' T='1117' />
<Point X='188' Y='467' T='1127' />
<Point X='189' Y='467' T='1141' />
<Point X='190' Y='467' T='1153' />
<Point X='192' Y='466' T='1168' />
<Point X='193' Y='465' T='1185' />
<Point X='194' Y='465' T='1191' />
<Point X='194' Y='465' T='1202' />
<Point X='195' Y='464' T='1220' />
</Stroke>
<Stroke index = '4' >
<Point X='499' Y='53' T='127' />
<Point X='499' Y='52' T='151' />
<Point X='499' Y='52' T='160' />
<Point X='498' Y='52' T='171' />
<Point X='498' Y='52' T='185' />
<Point X='497' Y='53' T='197' />
<Point X='497' Y='53' T='208' />
<Point X='497' Y='54' T='230' />
<Point X='497' Y='54' T='238' />
<Point X='497' Y='55' T='247' />
<Point X='496' Y='55' T='261' />
<Point X='496' Y='56' T='273' />
<Point X='496' Y='58' T='300' />
<Point X='495' Y='59' T='309' />
<Point X='495' Y='60' T='319' />
<Point X='495' Y='62' T='334' />
<Point X='495' Y='64' T='346' />
<Point X='494' Y='70' T='366' />
<Point X='493' Y='75' T='398' />
<Point X='493' Y='78' T='406' />
<Point X='492' Y='80' T='416' />
<Point X='492' Y='82' T='436' />
<Point X='491' Y='89' T='448' />
<Point X='490' Y='92' T='468' />
<Point X='489' Y='98' T='481' />
<Point X='488' Y='101' T='502' />
<Point X='487' Y='103' T='513' />
<Point X='487' Y='106' T='520' />
<Point X='486' Y='109' T='533' />
<Point X='485' Y='112' T='548' />
<Point X='484' Y='115' T='559' />
<Point X='483' Y='118' T='569' />
<Point X='482' Y='120' T='582' />
<Point X='481' Y='123' T='591' />
<Point X='480' Y='126' T='602' />
<Point X='479' Y='129' T='616' />
<Point X='478' Y='133' T='622' />
<Point X='477' Y='136' T='633' />
<Point X='476' Y='139' T='649' />
<Point X='474' Y='143' T='668' />
<Point X='473' Y='146' T='678' />
<Point X='472' Y='150' T='686' />
<Point X='470' Y='154' T='697' />
<Point X='469' Y='158' T='711' />
<Point X='467' Y='162' T='719' />
<Point X='465' Y='166' T='731' />
<Point X='463' Y='171' T='743' />
<Point X='460' Y='176' T='751' />
<Point X='458' Y='181' T='764' />
<Point X='455' Y='185' T='783' />
<Point X='453' Y='190' T='793' />
<Point X='451' Y='195' T='806' />
<Point X='447' Y='203' T='819' />
<Point X='445' Y='206' T='839' />
<Point X='443' Y='210' T='851' />
<Point X='441' Y='213' T='862' />
<Point X='439' Y='216' T='873' />
<Point X='436' Y='221' T='886' />
<Point X='435' Y='223' T='903' />
<Point X='434' Y='225' T='914' />
<Point X='433' Y='227' T='924' />
<Point X='432' Y='229' T='938' />
<Point X='431' Y='231' T='950' />
<Point X='430' Y='233' T='960' />
<Point X='429' Y='235' T='971' />
<Point X='428' Y='237' T='982' />
<Point X='427' Y='240' T='990' />
<Point X='426' Y='242' T='1003' />
<Point X='426' Y='244' T='1014' />
<Point X='425' Y='246' T='1025' />
<Point X='424' Y='247' T='1038' />
<Point X='424' Y='249' T='1049' />
<Point X='423' Y='251' T='1060' />
<Point X='422' Y='253' T='1073' />
<Point X='421' Y='255' T='1087' />
<Point X='421' Y='257' T='1098' />
<Point X='420' Y='259' T='1108' />
<Point X='420' Y='261' T='1119' />
<Point X='419' Y='262' T='1127' />
<Point X='419' Y='263' T='1142' />
<Point X='418' Y='264' T='1154' />
<Point X='417' Y='266' T='1169' />
<Point X='417' Y='266' T='1186' />
<Point X='416' Y='267' T='1191' />
<Point X='416' Y='267' T='1203' />
<Point X='416' Y='268' T='1222' />
<Point X='416' Y='268' T='1228' />
</Stroke>
<Stroke index = '3' >
<Point X='344' Y='0' T='130' />
<Point X='344' Y='0' T='161' />
<Point X='343' Y='0' T='172' />
<Point X='342' Y='0' T='185' />
<Point X='342' Y='0' T='210' />
<Point X='341' Y='0' T='231' />
<Point X='341' Y='1' T='239' />
<Point X='341' Y='1' T='248' />
<Point X='340' Y='3' T='263' />
<Point X='340' Y='4' T='273' />
<Point X='339' Y='8' T='301' />
<Point X='338' Y='9' T='310' />
<Point X='338' Y='11' T='319' />
<Point X='337' Y='12' T='336' />
<Point X='337' Y='14' T='348' />
<Point X='336' Y='17' T='368' />
<Point X='335' Y='23' T='398' />
<Point X='335' Y='26' T='408' />
<Point X='334' Y='30' T='417' />
<Point X='334' Y='33' T='436' />
<Point X='333' Y='39' T='450' />
<Point X='332' Y='42' T='469' />
<Point X='331' Y='49' T='482' />
<Point X='331' Y='52' T='502' />
<Point X='331' Y='55' T='514' />
<Point X='331' Y='58' T='522' />
<Point X='331' Y='61' T='535' />
<Point X='331' Y='64' T='549' />
<Point X='330' Y='68' T='560' />
<Point X='330' Y='71' T='570' />
<Point X='330' Y='74' T='583' />
<Point X='330' Y='77' T='592' />
<Point X='330' Y='80' T='605' />
<Point X='330' Y='83' T='617' />
<Point X='330' Y='87' T='623' />
<Point X='330' Y='91' T='634' />
<Point X='330' Y='95' T='649' />
<Point X='330' Y='99' T='669' />
<Point X='330' Y='103' T='680' />
<Point X='330' Y='107' T='687' />
<Point X='330' Y='112' T='698' />
<Point X='330' Y='116' T='712' />
<Point X='330' Y='120' T='720' />
<Point X='330' Y='125' T='731' />
<Point X='329' Y='130' T='745' />
<Point X='329' Y='135' T='752' />
<Point X='329' Y='140' T='767' />
<Point X='328' Y='144' T='785' />
<Point X='328' Y='149' T='794' />
<Point X='327' Y='154' T='808' />
<Point X='326' Y='162' T='820' />
<Point X='325' Y='166' T='840' />
<Point X='325' Y='170' T='852' />
<Point X='324' Y='174' T='864' />
<Point X='324' Y='177' T='875' />
<Point X='323' Y='183' T='886' />
<Point X='322' Y='185' T='904' />
<Point X='322' Y='187' T='915' />
<Point X='321' Y='190' T='925' />
<Point X='321' Y='192' T='939' />
<Point X='320' Y='195' T='951' />
<Point X='320' Y='197' T='962' />
<Point X='319' Y='200' T='973' />
<Point X='319' Y='202' T='984' />
<Point X='318' Y='204' T='991' />
<Point X='318' Y='205' T='1005' />
<Point X='318' Y='207' T='1015' />
<Point X='317' Y='209' T='1025' />
<Point X='317' Y='211' T='1039' />
<Point X='317' Y='214' T='1050' />
<Point X='316' Y='216' T='1061' />
<Point X='316' Y='219' T='1075' />
<Point X='315' Y='221' T='1087' />
<Point X='315' Y='223' T='1100' />
<Point X='314' Y='224' T='1109' />
<Point X='314' Y='225' T='1119' />
<Point X='313' Y='227' T='1129' />
<Point X='312' Y='228' T='1143' />
<Point X='312' Y='229' T='1155' />
<Point X='311' Y='231' T='1170' />
<Point X='310' Y='232' T='1186' />
<Point X='310' Y='232' T='1192' />
<Point X='309' Y='233' T='1203' />
<Point X='309' Y='233' T='1222' />
</Stroke>
<Stroke index = '5' >
<Point X='636' Y='225' T='0' />
<Point X='636' Y='225' T='49' />
<Point X='635' Y='226' T='65' />
<Point X='635' Y='226' T='82' />
<Point X='634' Y='227' T='96' />
<Point X='633' Y='228' T='112' />
<Point X='633' Y='228' T='124' />
<Point X='632' Y='228' T='146' />
<Point X='632' Y='228' T='157' />
<Point X='631' Y='228' T='170' />
<Point X='631' Y='228' T='183' />
<Point X='631' Y='227' T='207' />
<Point X='631' Y='227' T='229' />
<Point X='631' Y='226' T='236' />
<Point X='631' Y='226' T='245' />
<Point X='630' Y='226' T='271' />
<Point X='630' Y='226' T='297' />
<Point X='629' Y='226' T='307' />
<Point X='629' Y='226' T='317' />
<Point X='628' Y='226' T='332' />
<Point X='628' Y='226' T='343' />
<Point X='627' Y='227' T='364' />
<Point X='625' Y='228' T='396' />
<Point X='623' Y='229' T='404' />
<Point X='622' Y='230' T='413' />
<Point X='620' Y='232' T='432' />
<Point X='616' Y='236' T='445' />
<Point X='614' Y='238' T='464' />
<Point X='609' Y='242' T='479' />
<Point X='607' Y='244' T='499' />
<Point X='605' Y='245' T='510' />
<Point X='603' Y='246' T='518' />
<Point X='601' Y='247' T='529' />
<Point X='599' Y='248' T='545' />
<Point X='597' Y='250' T='556' />
<Point X='594' Y='251' T='566' />
<Point X='592' Y='253' T='578' />
<Point X='588' Y='255' T='590' />
<Point X='585' Y='257' T='600' />
<Point X='582' Y='259' T='614' />
<Point X='579' Y='261' T='621' />
<Point X='575' Y='263' T='632' />
<Point X='571' Y='265' T='648' />
<Point X='567' Y='267' T='666' />
<Point X='563' Y='268' T='677' />
<Point X='559' Y='270' T='684' />
<Point X='555' Y='272' T='694' />
<Point X='551' Y='275' T='708' />
<Point X='547' Y='278' T='716' />
<Point X='543' Y='281' T='728' />
<Point X='538' Y='284' T='740' />
<Point X='534' Y='287' T='750' />
<Point X='529' Y='291' T='762' />
<Point X='525' Y='294' T='779' />
<Point X='520' Y='298' T='790' />
<Point X='516' Y='302' T='803' />
<Point X='510' Y='309' T='817' />
<Point X='507' Y='311' T='835' />
<Point X='505' Y='314' T='848' />
<Point X='502' Y='317' T='859' />
<Point X='500' Y='320' T='872' />
<Point X='498' Y='324' T='884' />
<Point X='497' Y='326' T='900' />
<Point X='496' Y='328' T='912' />
<Point X='495' Y='329' T='922' />
<Point X='494' Y='330' T='935' />
<Point X='493' Y='332' T='947' />
<Point X='492' Y='333' T='958' />
<Point X='491' Y='335' T='968' />
<Point X='489' Y='336' T='980' />
<Point X='488' Y='338' T='989' />
<Point X='486' Y='340' T='1000' />
<Point X='485' Y='342' T='1012' />
<Point X='483' Y='343' T='1023' />
<Point X='482' Y='345' T='1035' />
<Point X='480' Y='347' T='1047' />
<Point X='479' Y='348' T='1058' />
<Point X='477' Y='349' T='1068' />
<Point X='476' Y='350' T='1083' />
<Point X='475' Y='351' T='1095' />
<Point X='474' Y='352' T='1105' />
<Point X='473' Y='353' T='1116' />
<Point X='471' Y='355' T='1126' />
<Point X='470' Y='356' T='1139' />
<Point X='468' Y='357' T='1150' />
<Point X='465' Y='359' T='1167' />
<Point X='464' Y='360' T='1185' />
<Point X='463' Y='361' T='1190' />
<Point X='462' Y='361' T='1202' />
<Point X='461' Y='362' T='1218' />
<Point X='460' Y='362' T='1225' />
<Point X='459' Y='363' T='1239' />
</Stroke>
<Stroke index = '2' >
<Point X='134' Y='80' T='163' />
<Point X='134' Y='80' T='172' />
<Point X='134' Y='80' T='187' />
<Point X='134' Y='80' T='240' />
<Point X='135' Y='81' T='249' />
<Point X='135' Y='82' T='264' />
<Point X='136' Y='83' T='274' />
<Point X='137' Y='87' T='301' />
<Point X='137' Y='89' T='312' />
<Point X='138' Y='92' T='320' />
<Point X='138' Y='94' T='337' />
<Point X='139' Y='96' T='349' />
<Point X='140' Y='101' T='369' />
<Point X='142' Y='107' T='399' />
<Point X='143' Y='110' T='408' />
<Point X='144' Y='114' T='418' />
<Point X='145' Y='117' T='438' />
<Point X='147' Y='124' T='450' />
<Point X='148' Y='128' T='471' />
<Point X='150' Y='136' T='483' />
<Point X='151' Y='139' T='504' />
<Point X='152' Y='142' T='515' />
<Point X='153' Y='145' T='522' />
<Point X='155' Y='149' T='537' />
<Point X='156' Y='153' T='550' />
<Point X='157' Y='157' T='561' />
<Point X='158' Y='160' T='571' />
<Point X='159' Y='163' T='584' />
<Point X='160' Y='166' T='594' />
<Point X='161' Y='170' T='605' />
<Point X='162' Y='174' T='617' />
<Point X='163' Y='178' T='623' />
<Point X='164' Y='182' T='634' />
<Point X='165' Y='187' T='650' />
<Point X='166' Y='191' T='670' />
<Point X='167' Y='196' T='680' />
<Point X='168' Y='201' T='688' />
<Point X='169' Y='205' T='699' />
<Point X='171' Y='210' T='713' />
<Point X='172' Y='215' T='720' />
<Point X='174' Y='221' T='733' />
<Point X='175' Y='226' T='746' />
<Point X='177' Y='231' T='753' />
<Point X='179' Y='236' T='768' />
<Point X='181' Y='241' T='785' />
<Point X='182' Y='246' T='795' />
<Point X='183' Y='251' T='809' />
<Point X='185' Y='261' T='821' />
<Point X='185' Y='265' T='841' />
<Point X='186' Y='269' T='853' />
<Point X='186' Y='273' T='866' />
<Point X='186' Y='276' T='876' />
<Point X='187' Y='283' T='887' />
<Point X='187' Y='286' T='905' />
<Point X='188' Y='289' T='917' />
<Point X='188' Y='291' T='927' />
<Point X='189' Y='293' T='940' />
<Point X='189' Y='296' T='952' />
<Point X='190' Y='298' T='964' />
<Point X='191' Y='301' T='974' />
<Point X='192' Y='303' T='985' />
<Point X='193' Y='305' T='991' />
<Point X='194' Y='308' T='1006' />
<Point X='195' Y='310' T='1017' />
<Point X='196' Y='312' T='1027' />
<Point X='197' Y='314' T='1040' />
<Point X='198' Y='316' T='1052' />
<Point X='199' Y='318' T='1062' />
<Point X='200' Y='320' T='1076' />
<Point X='201' Y='322' T='1089' />
<Point X='201' Y='323' T='1101' />
<Point X='202' Y='325' T='1111' />
<Point X='202' Y='326' T='1121' />
</Stroke>

</Gesture>
