<?xml version='1.0' encoding='utf-8' standalone='yes'?>
<Gesture Name ='11_1_4' Subject = 'test'  Speed = 'MEDIUM' NumPts = '379' InputType='finger' >

<Stroke index = '2' >
<Point X='144' Y='79' T='130' />
<Point X='144' Y='80' T='174' />
<Point X='144' Y='81' T='186' />
<Point X='145' Y='83' T='205' />
<Point X='145' Y='85' T='217' />
<Point X='146' Y='87' T='227' />
<Point X='147' Y='91' T='248' />
<Point X='148' Y='94' T='259' />
<Point X='148' Y='97' T='271' />
<Point X='149' Y='101' T='287' />
<Point X='150' Y='107' T='310' />
<Point X='151' Y='110' T='323' />
<Point X='152' Y='114' T='335' />
<Point X='153' Y='118' T='345' />
<Point X='154' Y='123' T='358' />
<Point X='155' Y='127' T='369' />
<Point X='156' Y='130' T='379' />
<Point X='157' Y='135' T='391' />
<Point X='158' Y='140' T='400' />
<Point X='159' Y='144' T='411' />
<Point X='160' Y='149' T='422' />
<Point X='161' Y='153' T='431' />
<Point X='162' Y='158' T='443' />
<Point X='163' Y='162' T='457' />
<Point X='164' Y='167' T='472' />
<Point X='164' Y='171' T='477' />
<Point X='165' Y='176' T='489' />
<Point X='166' Y='180' T='512' />
<Point X='167' Y='184' T='524' />
<Point X='168' Y='189' T='532' />
<Point X='169' Y='192' T='551' />
<Point X='171' Y='200' T='563' />
<Point X='172' Y='205' T='581' />
<Point X='173' Y='209' T='594' />
<Point X='174' Y='213' T='601' />
<Point X='175' Y='216' T='614' />
<Point X='176' Y='220' T='624' />
<Point X='177' Y='224' T='635' />
<Point X='179' Y='228' T='645' />
<Point X='180' Y='231' T='656' />
<Point X='181' Y='234' T='667' />
<Point X='182' Y='238' T='674' />
<Point X='183' Y='242' T='692' />
<Point X='184' Y='246' T='696' />
<Point X='185' Y='250' T='714' />
<Point X='186' Y='254' T='726' />
<Point X='187' Y='257' T='743' />
<Point X='187' Y='261' T='753' />
<Point X='188' Y='265' T='760' />
<Point X='189' Y='269' T='773' />
<Point X='189' Y='273' T='783' />
<Point X='191' Y='279' T='810' />
<Point X='192' Y='285' T='821' />
<Point X='193' Y='288' T='846' />
<Point X='194' Y='293' T='859' />
<Point X='195' Y='296' T='869' />
<Point X='195' Y='298' T='880' />
<Point X='196' Y='300' T='893' />
<Point X='196' Y='302' T='905' />
<Point X='197' Y='306' T='925' />
<Point X='198' Y='308' T='946' />
<Point X='199' Y='312' T='958' />
<Point X='200' Y='314' T='981' />
<Point X='200' Y='316' T='990' />
<Point X='201' Y='318' T='1000' />
<Point X='201' Y='320' T='1015' />
<Point X='202' Y='323' T='1045' />
<Point X='202' Y='323' T='1056' />
<Point X='202' Y='324' T='1064' />
<Point X='202' Y='324' T='1078' />
</Stroke>
<Stroke index = '3' >
<Point X='325' Y='0' T='95' />
<Point X='325' Y='0' T='113' />
<Point X='324' Y='0' T='126' />
<Point X='324' Y='0' T='138' />
<Point X='323' Y='1' T='146' />
<Point X='322' Y='3' T='174' />
<Point X='322' Y='4' T='184' />
<Point X='322' Y='5' T='204' />
<Point X='322' Y='6' T='216' />
<Point X='322' Y='7' T='226' />
<Point X='322' Y='12' T='247' />
<Point X='322' Y='15' T='258' />
<Point X='321' Y='18' T='269' />
<Point X='321' Y='21' T='286' />
<Point X='321' Y='26' T='309' />
<Point X='321' Y='29' T='322' />
<Point X='321' Y='33' T='333' />
<Point X='321' Y='38' T='344' />
<Point X='321' Y='42' T='357' />
<Point X='321' Y='46' T='367' />
<Point X='321' Y='49' T='378' />
<Point X='322' Y='53' T='390' />
<Point X='322' Y='58' T='399' />
<Point X='323' Y='63' T='410' />
<Point X='323' Y='67' T='421' />
<Point X='324' Y='70' T='430' />
<Point X='324' Y='74' T='442' />
<Point X='325' Y='79' T='457' />
<Point X='325' Y='83' T='472' />
<Point X='325' Y='87' T='477' />
<Point X='325' Y='90' T='489' />
<Point X='325' Y='94' T='510' />
<Point X='325' Y='98' T='523' />
<Point X='326' Y='102' T='531' />
<Point X='326' Y='105' T='550' />
<Point X='326' Y='112' T='559' />
<Point X='326' Y='116' T='580' />
<Point X='326' Y='119' T='593' />
<Point X='326' Y='123' T='600' />
<Point X='326' Y='126' T='612' />
<Point X='326' Y='129' T='623' />
<Point X='326' Y='133' T='634' />
<Point X='326' Y='136' T='645' />
<Point X='325' Y='140' T='655' />
<Point X='325' Y='143' T='665' />
<Point X='325' Y='147' T='674' />
<Point X='325' Y='150' T='691' />
<Point X='325' Y='154' T='696' />
<Point X='325' Y='158' T='713' />
<Point X='324' Y='161' T='725' />
<Point X='324' Y='165' T='740' />
<Point X='323' Y='169' T='751' />
<Point X='323' Y='172' T='760' />
<Point X='323' Y='175' T='771' />
<Point X='322' Y='179' T='781' />
<Point X='321' Y='186' T='809' />
<Point X='320' Y='191' T='821' />
<Point X='320' Y='194' T='844' />
<Point X='319' Y='198' T='858' />
<Point X='318' Y='201' T='868' />
<Point X='318' Y='203' T='879' />
<Point X='317' Y='206' T='893' />
<Point X='317' Y='208' T='903' />
<Point X='315' Y='213' T='924' />
<Point X='314' Y='215' T='946' />
<Point X='311' Y='220' T='957' />
<Point X='310' Y='222' T='979' />
<Point X='309' Y='225' T='988' />
<Point X='308' Y='227' T='1000' />
<Point X='307' Y='229' T='1014' />
<Point X='305' Y='234' T='1044' />
<Point X='305' Y='235' T='1056' />
<Point X='304' Y='236' T='1063' />
<Point X='304' Y='236' T='1078' />
<Point X='303' Y='237' T='1090' />
</Stroke>
<Stroke index = '4' >
<Point X='478' Y='56' T='80' />
<Point X='478' Y='56' T='106' />
<Point X='477' Y='56' T='125' />
<Point X='477' Y='56' T='138' />
<Point X='476' Y='56' T='145' />
<Point X='476' Y='57' T='173' />
<Point X='476' Y='59' T='183' />
<Point X='476' Y='60' T='203' />
<Point X='475' Y='62' T='215' />
<Point X='475' Y='64' T='225' />
<Point X='475' Y='68' T='246' />
<Point X='474' Y='69' T='257' />
<Point X='474' Y='71' T='267' />
<Point X='474' Y='74' T='284' />
<Point X='473' Y='80' T='307' />
<Point X='472' Y='84' T='321' />
<Point X='472' Y='87' T='332' />
<Point X='471' Y='90' T='343' />
<Point X='471' Y='94' T='356' />
<Point X='470' Y='98' T='367' />
<Point X='469' Y='102' T='377' />
<Point X='469' Y='106' T='389' />
<Point X='468' Y='109' T='398' />
<Point X='468' Y='113' T='408' />
<Point X='467' Y='117' T='420' />
<Point X='467' Y='121' T='430' />
<Point X='466' Y='125' T='442' />
<Point X='466' Y='129' T='456' />
<Point X='465' Y='132' T='472' />
<Point X='465' Y='136' T='476' />
<Point X='464' Y='139' T='489' />
<Point X='463' Y='143' T='509' />
<Point X='462' Y='147' T='522' />
<Point X='461' Y='150' T='530' />
<Point X='460' Y='153' T='548' />
<Point X='458' Y='159' T='559' />
<Point X='457' Y='163' T='578' />
<Point X='455' Y='167' T='591' />
<Point X='454' Y='170' T='599' />
<Point X='453' Y='173' T='611' />
<Point X='451' Y='176' T='623' />
<Point X='450' Y='179' T='633' />
<Point X='449' Y='182' T='644' />
<Point X='448' Y='185' T='654' />
<Point X='447' Y='189' T='664' />
<Point X='446' Y='192' T='674' />
<Point X='444' Y='195' T='691' />
<Point X='443' Y='198' T='695' />
<Point X='442' Y='201' T='711' />
<Point X='440' Y='205' T='724' />
<Point X='439' Y='208' T='739' />
<Point X='437' Y='212' T='750' />
<Point X='436' Y='215' T='760' />
<Point X='434' Y='217' T='770' />
<Point X='433' Y='220' T='780' />
<Point X='430' Y='226' T='808' />
<Point X='428' Y='232' T='819' />
<Point X='427' Y='234' T='843' />
<Point X='425' Y='238' T='856' />
<Point X='424' Y='240' T='867' />
<Point X='424' Y='242' T='878' />
<Point X='423' Y='244' T='893' />
<Point X='423' Y='245' T='903' />
<Point X='421' Y='249' T='924' />
<Point X='420' Y='251' T='945' />
<Point X='418' Y='255' T='957' />
<Point X='417' Y='256' T='978' />
<Point X='416' Y='258' T='986' />
<Point X='415' Y='260' T='998' />
<Point X='414' Y='261' T='1013' />
<Point X='410' Y='266' T='1042' />
<Point X='409' Y='267' T='1055' />
<Point X='408' Y='268' T='1062' />
<Point X='408' Y='269' T='1078' />
<Point X='407' Y='269' T='1088' />
<Point X='407' Y='270' T='1096' />
</Stroke>
<Stroke index = '1' >
<Point X='0' Y='432' T='23' />
<Point X='0' Y='432' T='33' />
<Point X='0' Y='432' T='78' />
<Point X='1' Y='432' T='90' />
<Point X='2' Y='432' T='105' />
<Point X='3' Y='432' T='112' />
<Point X='4' Y='432' T='124' />
<Point X='5' Y='432' T='137' />
<Point X='6' Y='432' T='144' />
<Point X='10' Y='432' T='172' />
<Point X='12' Y='432' T='182' />
<Point X='14' Y='433' T='202' />
<Point X='16' Y='433' T='214' />
<Point X='19' Y='433' T='224' />
<Point X='24' Y='433' T='245' />
<Point X='26' Y='433' T='257' />
<Point X='29' Y='434' T='265' />
<Point X='31' Y='434' T='282' />
<Point X='35' Y='434' T='306' />
<Point X='38' Y='434' T='320' />
<Point X='41' Y='435' T='331' />
<Point X='44' Y='435' T='342' />
<Point X='47' Y='435' T='355' />
<Point X='50' Y='436' T='365' />
<Point X='52' Y='436' T='375' />
<Point X='55' Y='437' T='388' />
<Point X='58' Y='438' T='397' />
<Point X='61' Y='438' T='408' />
<Point X='65' Y='439' T='420' />
<Point X='69' Y='440' T='428' />
<Point X='72' Y='440' T='441' />
<Point X='74' Y='441' T='455' />
<Point X='77' Y='442' T='471' />
<Point X='79' Y='443' T='476' />
<Point X='82' Y='443' T='488' />
<Point X='85' Y='444' T='508' />
<Point X='88' Y='444' T='520' />
<Point X='90' Y='445' T='529' />
<Point X='93' Y='445' T='546' />
<Point X='97' Y='445' T='558' />
<Point X='99' Y='445' T='577' />
<Point X='102' Y='445' T='590' />
<Point X='105' Y='445' T='597' />
<Point X='108' Y='445' T='610' />
<Point X='111' Y='445' T='623' />
<Point X='114' Y='446' T='631' />
<Point X='117' Y='446' T='643' />
<Point X='119' Y='446' T='653' />
<Point X='122' Y='446' T='664' />
<Point X='124' Y='447' T='673' />
<Point X='126' Y='447' T='691' />
<Point X='128' Y='448' T='694' />
<Point X='130' Y='448' T='709' />
<Point X='133' Y='449' T='723' />
<Point X='135' Y='449' T='736' />
<Point X='137' Y='450' T='749' />
<Point X='139' Y='450' T='759' />
<Point X='141' Y='451' T='768' />
<Point X='143' Y='451' T='779' />
<Point X='146' Y='452' T='807' />
<Point X='149' Y='453' T='818' />
<Point X='151' Y='454' T='842' />
<Point X='154' Y='455' T='855' />
<Point X='156' Y='455' T='865' />
<Point X='157' Y='456' T='877' />
<Point X='159' Y='456' T='891' />
<Point X='161' Y='456' T='901' />
<Point X='164' Y='456' T='924' />
<Point X='166' Y='456' T='944' />
<Point X='170' Y='456' T='956' />
<Point X='171' Y='455' T='978' />
<Point X='173' Y='455' T='986' />
<Point X='175' Y='454' T='998' />
<Point X='177' Y='454' T='1012' />
<Point X='181' Y='453' T='1040' />
<Point X='182' Y='452' T='1054' />
<Point X='183' Y='452' T='1061' />
<Point X='184' Y='452' T='1077' />
</Stroke>
<Stroke index = '5' >
<Point X='581' Y='207' T='0' />
<Point X='579' Y='207' T='32' />
<Point X='579' Y='207' T='42' />
<Point X='578' Y='208' T='55' />
<Point X='578' Y='208' T='71' />
<Point X='578' Y='208' T='77' />
<Point X='578' Y='209' T='89' />
<Point X='578' Y='209' T='136' />
<Point X='578' Y='209' T='171' />
<Point X='578' Y='210' T='180' />
<Point X='578' Y='210' T='200' />
<Point X='577' Y='211' T='212' />
<Point X='577' Y='212' T='223' />
<Point X='576' Y='214' T='243' />
<Point X='576' Y='215' T='255' />
<Point X='575' Y='216' T='265' />
<Point X='575' Y='218' T='281' />
<Point X='573' Y='223' T='305' />
<Point X='572' Y='226' T='319' />
<Point X='572' Y='229' T='330' />
<Point X='571' Y='232' T='340' />
<Point X='570' Y='235' T='354' />
<Point X='569' Y='237' T='363' />
<Point X='567' Y='239' T='374' />
<Point X='565' Y='242' T='387' />
<Point X='563' Y='245' T='396' />
<Point X='561' Y='248' T='406' />
<Point X='560' Y='251' T='418' />
<Point X='558' Y='254' T='428' />
<Point X='557' Y='256' T='439' />
<Point X='555' Y='258' T='454' />
<Point X='554' Y='260' T='470' />
<Point X='552' Y='262' T='476' />
<Point X='551' Y='265' T='487' />
<Point X='549' Y='267' T='506' />
<Point X='548' Y='270' T='519' />
<Point X='546' Y='272' T='527' />
<Point X='545' Y='274' T='545' />
<Point X='541' Y='278' T='557' />
<Point X='539' Y='280' T='575' />
<Point X='537' Y='281' T='589' />
<Point X='535' Y='283' T='596' />
<Point X='533' Y='285' T='609' />
<Point X='531' Y='287' T='622' />
<Point X='529' Y='290' T='631' />
<Point X='526' Y='292' T='641' />
<Point X='524' Y='294' T='652' />
<Point X='521' Y='296' T='663' />
<Point X='519' Y='298' T='671' />
<Point X='516' Y='300' T='689' />
<Point X='514' Y='302' T='694' />
<Point X='511' Y='304' T='708' />
<Point X='508' Y='307' T='721' />
<Point X='505' Y='309' T='735' />
<Point X='502' Y='312' T='748' />
<Point X='499' Y='314' T='758' />
<Point X='497' Y='316' T='767' />
<Point X='494' Y='318' T='778' />
<Point X='487' Y='324' T='806' />
<Point X='481' Y='328' T='817' />
<Point X='478' Y='330' T='841' />
<Point X='474' Y='334' T='854' />
<Point X='472' Y='335' T='864' />
<Point X='470' Y='337' T='875' />
<Point X='468' Y='338' T='890' />
<Point X='467' Y='339' T='900' />
<Point X='463' Y='341' T='923' />
<Point X='462' Y='343' T='943' />
<Point X='459' Y='345' T='954' />
<Point X='457' Y='347' T='976' />
<Point X='456' Y='348' T='984' />
<Point X='454' Y='350' T='996' />
<Point X='453' Y='351' T='1010' />
<Point X='450' Y='354' T='1040' />
<Point X='450' Y='355' T='1052' />
<Point X='449' Y='355' T='1060' />
<Point X='449' Y='356' T='1076' />
<Point X='448' Y='356' T='1085' />
<Point X='448' Y='357' T='1094' />
<Point X='447' Y='357' T='1109' />
</Stroke>

</Gesture>
