<?xml version='1.0' encoding='utf-8' standalone='yes'?>
<Gesture Name ='11_1_10' Subject = 'test'  Speed = 'MEDIUM' NumPts = '383' InputType='finger' >

<Stroke index = '5' >
<Point X='569' Y='212' T='0' />
<Point X='566' Y='212' T='66' />
<Point X='565' Y='212' T='79' />
<Point X='565' Y='212' T='102' />
<Point X='565' Y='212' T='114' />
<Point X='565' Y='213' T='137' />
<Point X='564' Y='213' T='145' />
<Point X='563' Y='214' T='170' />
<Point X='563' Y='215' T='182' />
<Point X='562' Y='217' T='201' />
<Point X='559' Y='223' T='229' />
<Point X='558' Y='225' T='244' />
<Point X='556' Y='229' T='268' />
<Point X='552' Y='235' T='302' />
<Point X='551' Y='237' T='321' />
<Point X='548' Y='243' T='338' />
<Point X='543' Y='253' T='389' />
<Point X='542' Y='255' T='402' />
<Point X='539' Y='260' T='416' />
<Point X='536' Y='265' T='439' />
<Point X='535' Y='268' T='452' />
<Point X='533' Y='270' T='466' />
<Point X='530' Y='275' T='486' />
<Point X='529' Y='277' T='500' />
<Point X='528' Y='280' T='513' />
<Point X='527' Y='282' T='520' />
<Point X='525' Y='285' T='531' />
<Point X='524' Y='288' T='550' />
<Point X='523' Y='290' T='562' />
<Point X='521' Y='292' T='568' />
<Point X='520' Y='294' T='584' />
<Point X='519' Y='296' T='591' />
<Point X='517' Y='298' T='601' />
<Point X='516' Y='300' T='613' />
<Point X='514' Y='302' T='621' />
<Point X='513' Y='304' T='635' />
<Point X='511' Y='306' T='648' />
<Point X='510' Y='309' T='659' />
<Point X='509' Y='311' T='670' />
<Point X='508' Y='313' T='681' />
<Point X='507' Y='314' T='694' />
<Point X='506' Y='316' T='701' />
<Point X='505' Y='318' T='719' />
<Point X='503' Y='320' T='728' />
<Point X='502' Y='322' T='736' />
<Point X='500' Y='324' T='748' />
<Point X='498' Y='327' T='759' />
<Point X='496' Y='329' T='770' />
<Point X='495' Y='331' T='786' />
<Point X='493' Y='333' T='796' />
<Point X='491' Y='335' T='805' />
<Point X='490' Y='337' T='819' />
<Point X='488' Y='340' T='827' />
<Point X='487' Y='342' T='839' />
<Point X='485' Y='344' T='852' />
<Point X='484' Y='346' T='869' />
<Point X='482' Y='348' T='879' />
<Point X='481' Y='350' T='886' />
<Point X='479' Y='352' T='899' />
<Point X='477' Y='354' T='911' />
<Point X='476' Y='356' T='919' />
<Point X='474' Y='357' T='930' />
<Point X='472' Y='359' T='940' />
<Point X='471' Y='361' T='954' />
<Point X='469' Y='363' T='967' />
<Point X='468' Y='364' T='977' />
<Point X='466' Y='366' T='987' />
<Point X='465' Y='368' T='999' />
<Point X='464' Y='369' T='1009' />
<Point X='463' Y='370' T='1021' />
<Point X='462' Y='371' T='1030' />
<Point X='461' Y='373' T='1054' />
<Point X='460' Y='374' T='1064' />
<Point X='459' Y='375' T='1073' />
<Point X='459' Y='375' T='1090' />
<Point X='458' Y='376' T='1102' />
<Point X='458' Y='376' T='1113' />
<Point X='457' Y='377' T='1124' />
<Point X='457' Y='377' T='1137' />
</Stroke>
<Stroke index = '1' >
<Point X='0' Y='399' T='44' />
<Point X='0' Y='399' T='68' />
<Point X='1' Y='399' T='81' />
<Point X='1' Y='399' T='92' />
<Point X='3' Y='399' T='104' />
<Point X='4' Y='400' T='115' />
<Point X='5' Y='400' T='125' />
<Point X='6' Y='401' T='138' />
<Point X='7' Y='401' T='147' />
<Point X='9' Y='402' T='172' />
<Point X='11' Y='402' T='183' />
<Point X='13' Y='402' T='203' />
<Point X='19' Y='404' T='233' />
<Point X='21' Y='404' T='246' />
<Point X='25' Y='406' T='270' />
<Point X='34' Y='409' T='305' />
<Point X='38' Y='410' T='321' />
<Point X='43' Y='412' T='340' />
<Point X='51' Y='416' T='390' />
<Point X='54' Y='418' T='403' />
<Point X='59' Y='420' T='418' />
<Point X='64' Y='421' T='441' />
<Point X='66' Y='422' T='454' />
<Point X='68' Y='423' T='468' />
<Point X='74' Y='425' T='488' />
<Point X='77' Y='426' T='501' />
<Point X='80' Y='427' T='514' />
<Point X='83' Y='428' T='520' />
<Point X='85' Y='429' T='533' />
<Point X='87' Y='430' T='552' />
<Point X='90' Y='431' T='563' />
<Point X='92' Y='432' T='568' />
<Point X='94' Y='433' T='585' />
<Point X='97' Y='434' T='593' />
<Point X='100' Y='435' T='602' />
<Point X='103' Y='436' T='615' />
<Point X='106' Y='437' T='621' />
<Point X='108' Y='438' T='636' />
<Point X='110' Y='438' T='650' />
<Point X='113' Y='439' T='660' />
<Point X='115' Y='439' T='671' />
<Point X='118' Y='440' T='685' />
<Point X='122' Y='440' T='695' />
<Point X='125' Y='440' T='702' />
<Point X='129' Y='440' T='720' />
<Point X='132' Y='440' T='730' />
<Point X='135' Y='440' T='737' />
<Point X='138' Y='440' T='750' />
<Point X='142' Y='440' T='761' />
<Point X='145' Y='440' T='772' />
<Point X='149' Y='440' T='787' />
<Point X='151' Y='440' T='798' />
<Point X='154' Y='440' T='807' />
<Point X='157' Y='440' T='821' />
<Point X='160' Y='440' T='829' />
<Point X='162' Y='440' T='839' />
<Point X='165' Y='440' T='853' />
<Point X='167' Y='440' T='870' />
<Point X='168' Y='440' T='881' />
<Point X='170' Y='441' T='887' />
<Point X='172' Y='441' T='901' />
<Point X='174' Y='441' T='913' />
<Point X='176' Y='442' T='920' />
<Point X='178' Y='442' T='932' />
<Point X='180' Y='442' T='941' />
<Point X='181' Y='442' T='956' />
<Point X='183' Y='442' T='968' />
<Point X='184' Y='443' T='978' />
<Point X='185' Y='443' T='988' />
<Point X='186' Y='443' T='1000' />
<Point X='187' Y='443' T='1009' />
<Point X='188' Y='443' T='1022' />
<Point X='190' Y='443' T='1032' />
<Point X='192' Y='444' T='1055' />
<Point X='193' Y='444' T='1066' />
<Point X='194' Y='444' T='1074' />
<Point X='195' Y='444' T='1091' />
<Point X='196' Y='444' T='1103' />
<Point X='196' Y='444' T='1114' />
<Point X='196' Y='444' T='1126' />
</Stroke>
<Stroke index = '4' >
<Point X='498' Y='65' T='96' />
<Point X='498' Y='65' T='105' />
<Point X='497' Y='65' T='127' />
<Point X='497' Y='66' T='140' />
<Point X='496' Y='68' T='149' />
<Point X='495' Y='71' T='173' />
<Point X='494' Y='73' T='185' />
<Point X='493' Y='76' T='204' />
<Point X='489' Y='83' T='236' />
<Point X='488' Y='85' T='249' />
<Point X='486' Y='90' T='273' />
<Point X='483' Y='99' T='309' />
<Point X='483' Y='102' T='324' />
<Point X='481' Y='108' T='346' />
<Point X='477' Y='121' T='393' />
<Point X='476' Y='124' T='406' />
<Point X='474' Y='129' T='420' />
<Point X='472' Y='135' T='444' />
<Point X='471' Y='138' T='457' />
<Point X='469' Y='142' T='470' />
<Point X='467' Y='148' T='490' />
<Point X='465' Y='151' T='503' />
<Point X='464' Y='154' T='516' />
<Point X='463' Y='157' T='524' />
<Point X='462' Y='161' T='535' />
<Point X='461' Y='164' T='553' />
<Point X='460' Y='167' T='563' />
<Point X='459' Y='170' T='570' />
<Point X='458' Y='173' T='586' />
<Point X='457' Y='176' T='595' />
<Point X='456' Y='179' T='604' />
<Point X='455' Y='183' T='617' />
<Point X='454' Y='186' T='624' />
<Point X='453' Y='188' T='638' />
<Point X='452' Y='191' T='653' />
<Point X='451' Y='194' T='663' />
<Point X='450' Y='197' T='674' />
<Point X='448' Y='200' T='686' />
<Point X='447' Y='204' T='697' />
<Point X='446' Y='207' T='704' />
<Point X='445' Y='210' T='721' />
<Point X='444' Y='213' T='731' />
<Point X='443' Y='217' T='739' />
<Point X='442' Y='220' T='753' />
<Point X='442' Y='224' T='763' />
<Point X='441' Y='227' T='773' />
<Point X='440' Y='230' T='789' />
<Point X='439' Y='233' T='801' />
<Point X='439' Y='236' T='810' />
<Point X='438' Y='239' T='823' />
<Point X='437' Y='242' T='831' />
<Point X='436' Y='246' T='842' />
<Point X='435' Y='249' T='856' />
<Point X='435' Y='251' T='872' />
<Point X='434' Y='253' T='882' />
<Point X='433' Y='256' T='889' />
<Point X='432' Y='258' T='904' />
<Point X='431' Y='261' T='915' />
<Point X='430' Y='264' T='922' />
<Point X='429' Y='266' T='933' />
<Point X='428' Y='269' T='943' />
<Point X='427' Y='271' T='958' />
<Point X='426' Y='273' T='970' />
<Point X='425' Y='275' T='980' />
<Point X='424' Y='276' T='992' />
<Point X='423' Y='278' T='1002' />
<Point X='422' Y='279' T='1011' />
<Point X='421' Y='281' T='1024' />
<Point X='420' Y='283' T='1033' />
<Point X='419' Y='286' T='1057' />
<Point X='418' Y='287' T='1068' />
<Point X='417' Y='288' T='1076' />
<Point X='417' Y='289' T='1094' />
<Point X='416' Y='290' T='1105' />
<Point X='416' Y='290' T='1116' />
<Point X='415' Y='291' T='1128' />
</Stroke>
<Stroke index = '3' >
<Point X='363' Y='0' T='94' />
<Point X='362' Y='0' T='126' />
<Point X='362' Y='0' T='139' />
<Point X='361' Y='1' T='148' />
<Point X='360' Y='5' T='173' />
<Point X='360' Y='7' T='184' />
<Point X='359' Y='9' T='204' />
<Point X='358' Y='18' T='235' />
<Point X='357' Y='21' T='247' />
<Point X='356' Y='26' T='271' />
<Point X='355' Y='37' T='307' />
<Point X='355' Y='40' T='323' />
<Point X='355' Y='46' T='345' />
<Point X='353' Y='62' T='391' />
<Point X='353' Y='65' T='404' />
<Point X='352' Y='72' T='419' />
<Point X='351' Y='79' T='443' />
<Point X='350' Y='83' T='456' />
<Point X='350' Y='86' T='468' />
<Point X='348' Y='93' T='489' />
<Point X='348' Y='97' T='502' />
<Point X='347' Y='101' T='515' />
<Point X='347' Y='105' T='522' />
<Point X='346' Y='108' T='535' />
<Point X='346' Y='111' T='552' />
<Point X='345' Y='115' T='563' />
<Point X='345' Y='119' T='569' />
<Point X='344' Y='122' T='585' />
<Point X='344' Y='125' T='594' />
<Point X='343' Y='128' T='603' />
<Point X='343' Y='131' T='616' />
<Point X='342' Y='135' T='623' />
<Point X='342' Y='138' T='637' />
<Point X='341' Y='141' T='652' />
<Point X='341' Y='144' T='662' />
<Point X='340' Y='147' T='672' />
<Point X='340' Y='151' T='685' />
<Point X='339' Y='154' T='696' />
<Point X='339' Y='158' T='704' />
<Point X='338' Y='162' T='720' />
<Point X='338' Y='165' T='730' />
<Point X='338' Y='168' T='738' />
<Point X='337' Y='172' T='752' />
<Point X='337' Y='176' T='762' />
<Point X='336' Y='180' T='772' />
<Point X='336' Y='184' T='788' />
<Point X='335' Y='187' T='800' />
<Point X='335' Y='190' T='808' />
<Point X='334' Y='193' T='822' />
<Point X='334' Y='197' T='829' />
<Point X='333' Y='200' T='840' />
<Point X='333' Y='203' T='855' />
<Point X='332' Y='205' T='871' />
<Point X='332' Y='208' T='881' />
<Point X='331' Y='210' T='888' />
<Point X='331' Y='213' T='903' />
<Point X='330' Y='216' T='914' />
<Point X='329' Y='219' T='921' />
<Point X='328' Y='221' T='933' />
<Point X='328' Y='223' T='942' />
<Point X='327' Y='226' T='957' />
<Point X='327' Y='228' T='969' />
<Point X='326' Y='229' T='979' />
<Point X='326' Y='231' T='990' />
<Point X='325' Y='233' T='1001' />
<Point X='325' Y='235' T='1011' />
<Point X='324' Y='236' T='1023' />
<Point X='324' Y='238' T='1032' />
<Point X='323' Y='241' T='1056' />
<Point X='322' Y='242' T='1067' />
<Point X='322' Y='243' T='1074' />
<Point X='321' Y='244' T='1092' />
<Point X='321' Y='245' T='1105' />
<Point X='320' Y='245' T='1115' />
<Point X='320' Y='246' T='1127' />
</Stroke>
<Stroke index = '2' >
<Point X='197' Y='54' T='118' />
<Point X='197' Y='54' T='128' />
<Point X='196' Y='55' T='150' />
<Point X='196' Y='60' T='174' />
<Point X='196' Y='62' T='186' />
<Point X='196' Y='65' T='205' />
<Point X='196' Y='76' T='237' />
<Point X='196' Y='80' T='250' />
<Point X='196' Y='87' T='275' />
<Point X='197' Y='99' T='310' />
<Point X='197' Y='103' T='325' />
<Point X='198' Y='110' T='348' />
<Point X='199' Y='127' T='393' />
<Point X='200' Y='131' T='407' />
<Point X='201' Y='139' T='422' />
<Point X='202' Y='147' T='445' />
<Point X='202' Y='151' T='459' />
<Point X='203' Y='156' T='470' />
<Point X='204' Y='165' T='491' />
<Point X='204' Y='169' T='504' />
<Point X='205' Y='173' T='516' />
<Point X='206' Y='178' T='525' />
<Point X='207' Y='182' T='536' />
<Point X='207' Y='186' T='554' />
<Point X='208' Y='190' T='563' />
<Point X='208' Y='194' T='570' />
<Point X='209' Y='198' T='587' />
<Point X='210' Y='202' T='596' />
<Point X='211' Y='205' T='606' />
<Point X='212' Y='209' T='617' />
<Point X='213' Y='212' T='625' />
<Point X='214' Y='216' T='641' />
<Point X='214' Y='220' T='653' />
<Point X='215' Y='224' T='664' />
<Point X='216' Y='227' T='675' />
<Point X='217' Y='231' T='687' />
<Point X='218' Y='234' T='697' />
<Point X='220' Y='238' T='705' />
<Point X='221' Y='242' T='722' />
<Point X='223' Y='247' T='732' />
<Point X='225' Y='250' T='740' />
<Point X='226' Y='254' T='754' />
<Point X='228' Y='258' T='763' />
<Point X='230' Y='262' T='774' />
<Point X='231' Y='266' T='790' />
<Point X='233' Y='270' T='802' />
<Point X='234' Y='273' T='811' />
<Point X='235' Y='276' T='824' />
<Point X='236' Y='279' T='831' />
<Point X='237' Y='283' T='844' />
<Point X='238' Y='286' T='857' />
<Point X='238' Y='289' T='872' />
<Point X='239' Y='292' T='882' />
<Point X='239' Y='294' T='889' />
<Point X='240' Y='296' T='905' />
<Point X='240' Y='299' T='915' />
<Point X='240' Y='302' T='923' />
<Point X='241' Y='305' T='934' />
<Point X='241' Y='307' T='943' />
<Point X='241' Y='309' T='959' />
<Point X='241' Y='311' T='971' />
<Point X='241' Y='313' T='980' />
<Point X='241' Y='314' T='993' />
<Point X='241' Y='316' T='1003' />
<Point X='241' Y='317' T='1012' />
<Point X='241' Y='319' T='1025' />
<Point X='241' Y='320' T='1034' />
<Point X='241' Y='323' T='1058' />
<Point X='241' Y='324' T='1069' />
<Point X='241' Y='326' T='1076' />
<Point X='241' Y='327' T='1096' />
<Point X='241' Y='327' T='1106' />
<Point X='241' Y='328' T='1118' />
</Stroke>

</Gesture>
