<?xml version='1.0' encoding='utf-8' standalone='yes'?>
<Gesture Name ='11_1_8' Subject = 'test'  Speed = 'MEDIUM' NumPts = '446' InputType='finger' >

<Stroke index = '3' >
<Point X='371' Y='0' T='87' />
<Point X='371' Y='0' T='110' />
<Point X='370' Y='0' T='116' />
<Point X='370' Y='1' T='138' />
<Point X='369' Y='2' T='150' />
<Point X='368' Y='4' T='160' />
<Point X='368' Y='5' T='177' />
<Point X='367' Y='7' T='186' />
<Point X='366' Y='9' T='198' />
<Point X='365' Y='12' T='209' />
<Point X='365' Y='15' T='218' />
<Point X='364' Y='18' T='230' />
<Point X='364' Y='21' T='245' />
<Point X='363' Y='24' T='257' />
<Point X='362' Y='32' T='276' />
<Point X='362' Y='36' T='286' />
<Point X='360' Y='47' T='327' />
<Point X='359' Y='52' T='338' />
<Point X='359' Y='56' T='350' />
<Point X='358' Y='60' T='363' />
<Point X='357' Y='67' T='381' />
<Point X='357' Y='71' T='394' />
<Point X='356' Y='75' T='404' />
<Point X='355' Y='80' T='417' />
<Point X='353' Y='91' T='447' />
<Point X='352' Y='95' T='460' />
<Point X='351' Y='99' T='471' />
<Point X='350' Y='106' T='495' />
<Point X='350' Y='110' T='508' />
<Point X='349' Y='113' T='521' />
<Point X='348' Y='117' T='528' />
<Point X='348' Y='121' T='550' />
<Point X='347' Y='124' T='559' />
<Point X='347' Y='127' T='563' />
<Point X='346' Y='131' T='577' />
<Point X='345' Y='135' T='586' />
<Point X='344' Y='138' T='595' />
<Point X='344' Y='142' T='613' />
<Point X='343' Y='145' T='621' />
<Point X='342' Y='149' T='629' />
<Point X='341' Y='152' T='647' />
<Point X='341' Y='156' T='657' />
<Point X='340' Y='160' T='667' />
<Point X='339' Y='163' T='681' />
<Point X='338' Y='167' T='692' />
<Point X='337' Y='170' T='702' />
<Point X='336' Y='173' T='714' />
<Point X='335' Y='176' T='725' />
<Point X='334' Y='180' T='733' />
<Point X='333' Y='183' T='747' />
<Point X='332' Y='186' T='759' />
<Point X='331' Y='188' T='767' />
<Point X='330' Y='191' T='781' />
<Point X='329' Y='194' T='794' />
<Point X='329' Y='197' T='805' />
<Point X='328' Y='200' T='818' />
<Point X='327' Y='202' T='827' />
<Point X='326' Y='205' T='836' />
<Point X='325' Y='207' T='844' />
<Point X='324' Y='211' T='878' />
<Point X='323' Y='213' T='885' />
<Point X='322' Y='215' T='895' />
<Point X='321' Y='217' T='916' />
<Point X='320' Y='221' T='931' />
<Point X='319' Y='223' T='944' />
<Point X='318' Y='225' T='954' />
<Point X='318' Y='227' T='966' />
<Point X='317' Y='229' T='983' />
<Point X='316' Y='232' T='994' />
<Point X='316' Y='233' T='1016' />
<Point X='314' Y='236' T='1029' />
<Point X='314' Y='237' T='1050' />
<Point X='312' Y='240' T='1062' />
<Point X='311' Y='241' T='1084' />
<Point X='310' Y='244' T='1095' />
<Point X='309' Y='245' T='1116' />
<Point X='308' Y='246' T='1124' />
<Point X='307' Y='247' T='1135' />
<Point X='306' Y='248' T='1150' />
<Point X='304' Y='251' T='1182' />
<Point X='303' Y='252' T='1193' />
<Point X='303' Y='252' T='1198' />
<Point X='302' Y='253' T='1218' />
<Point X='301' Y='254' T='1232' />
<Point X='301' Y='254' T='1242' />
<Point X='300' Y='255' T='1248' />
<Point X='300' Y='255' T='1262' />
<Point X='299' Y='256' T='1269' />
<Point X='299' Y='256' T='1278' />
<Point X='298' Y='257' T='1297' />
</Stroke>
<Stroke index = '1' >
<Point X='0' Y='401' T='0' />
<Point X='0' Y='401' T='22' />
<Point X='1' Y='401' T='44' />
<Point X='5' Y='402' T='60' />
<Point X='7' Y='403' T='74' />
<Point X='9' Y='403' T='84' />
<Point X='11' Y='404' T='100' />
<Point X='12' Y='405' T='108' />
<Point X='13' Y='405' T='115' />
<Point X='15' Y='406' T='136' />
<Point X='16' Y='406' T='147' />
<Point X='17' Y='407' T='158' />
<Point X='19' Y='407' T='175' />
<Point X='20' Y='407' T='184' />
<Point X='22' Y='408' T='197' />
<Point X='23' Y='408' T='207' />
<Point X='25' Y='409' T='217' />
<Point X='28' Y='409' T='229' />
<Point X='30' Y='410' T='244' />
<Point X='32' Y='410' T='255' />
<Point X='37' Y='412' T='275' />
<Point X='40' Y='413' T='285' />
<Point X='49' Y='415' T='325' />
<Point X='51' Y='415' T='336' />
<Point X='53' Y='416' T='348' />
<Point X='54' Y='416' T='361' />
<Point X='58' Y='417' T='377' />
<Point X='60' Y='418' T='392' />
<Point X='62' Y='418' T='402' />
<Point X='65' Y='419' T='413' />
<Point X='72' Y='420' T='445' />
<Point X='74' Y='421' T='458' />
<Point X='76' Y='421' T='468' />
<Point X='81' Y='422' T='493' />
<Point X='84' Y='422' T='505' />
<Point X='87' Y='422' T='518' />
<Point X='90' Y='423' T='527' />
<Point X='92' Y='423' T='547' />
<Point X='95' Y='423' T='559' />
<Point X='97' Y='423' T='562' />
<Point X='99' Y='424' T='576' />
<Point X='101' Y='424' T='584' />
<Point X='104' Y='424' T='594' />
<Point X='106' Y='425' T='611' />
<Point X='109' Y='425' T='619' />
<Point X='112' Y='425' T='629' />
<Point X='114' Y='426' T='644' />
<Point X='116' Y='426' T='655' />
<Point X='118' Y='426' T='666' />
<Point X='120' Y='427' T='678' />
<Point X='122' Y='427' T='690' />
<Point X='124' Y='428' T='701' />
<Point X='126' Y='428' T='711' />
<Point X='128' Y='429' T='722' />
<Point X='130' Y='429' T='732' />
<Point X='132' Y='430' T='744' />
<Point X='134' Y='431' T='756' />
<Point X='135' Y='431' T='766' />
<Point X='137' Y='432' T='778' />
<Point X='139' Y='433' T='792' />
<Point X='140' Y='433' T='803' />
<Point X='142' Y='434' T='815' />
<Point X='143' Y='434' T='824' />
<Point X='145' Y='435' T='834' />
<Point X='146' Y='435' T='844' />
<Point X='149' Y='436' T='877' />
<Point X='150' Y='436' T='885' />
<Point X='151' Y='436' T='894' />
<Point X='152' Y='436' T='914' />
<Point X='154' Y='437' T='928' />
<Point X='155' Y='437' T='941' />
<Point X='157' Y='437' T='953' />
<Point X='158' Y='437' T='965' />
<Point X='159' Y='438' T='980' />
<Point X='162' Y='438' T='992' />
<Point X='163' Y='438' T='1014' />
<Point X='166' Y='439' T='1028' />
<Point X='167' Y='439' T='1048' />
<Point X='169' Y='439' T='1059' />
<Point X='170' Y='439' T='1082' />
<Point X='171' Y='439' T='1093' />
<Point X='172' Y='439' T='1114' />
<Point X='173' Y='439' T='1122' />
<Point X='173' Y='439' T='1133' />
<Point X='174' Y='439' T='1148' />
<Point X='175' Y='439' T='1181' />
<Point X='176' Y='439' T='1190' />
<Point X='176' Y='439' T='1229' />
<Point X='177' Y='439' T='1239' />
<Point X='177' Y='440' T='1267' />
</Stroke>
<Stroke index = '4' >
<Point X='512' Y='65' T='91' />
<Point X='512' Y='65' T='101' />
<Point X='511' Y='65' T='110' />
<Point X='511' Y='65' T='118' />
<Point X='510' Y='66' T='140' />
<Point X='509' Y='67' T='151' />
<Point X='508' Y='68' T='161' />
<Point X='507' Y='70' T='177' />
<Point X='505' Y='72' T='187' />
<Point X='504' Y='74' T='199' />
<Point X='503' Y='77' T='210' />
<Point X='501' Y='80' T='219' />
<Point X='500' Y='83' T='232' />
<Point X='499' Y='86' T='246' />
<Point X='498' Y='88' T='258' />
<Point X='495' Y='94' T='277' />
<Point X='494' Y='98' T='288' />
<Point X='491' Y='108' T='327' />
<Point X='490' Y='112' T='340' />
<Point X='489' Y='115' T='351' />
<Point X='488' Y='119' T='363' />
<Point X='486' Y='126' T='382' />
<Point X='485' Y='129' T='395' />
<Point X='484' Y='132' T='405' />
<Point X='483' Y='135' T='417' />
<Point X='479' Y='145' T='448' />
<Point X='478' Y='148' T='461' />
<Point X='476' Y='152' T='472' />
<Point X='473' Y='158' T='496' />
<Point X='472' Y='162' T='510' />
<Point X='471' Y='165' T='522' />
<Point X='470' Y='168' T='529' />
<Point X='468' Y='172' T='550' />
<Point X='467' Y='175' T='560' />
<Point X='466' Y='178' T='563' />
<Point X='465' Y='181' T='577' />
<Point X='463' Y='185' T='588' />
<Point X='462' Y='189' T='595' />
<Point X='461' Y='192' T='614' />
<Point X='459' Y='195' T='621' />
<Point X='458' Y='199' T='630' />
<Point X='457' Y='203' T='648' />
<Point X='456' Y='207' T='658' />
<Point X='454' Y='210' T='667' />
<Point X='453' Y='214' T='682' />
<Point X='451' Y='217' T='693' />
<Point X='450' Y='220' T='703' />
<Point X='449' Y='224' T='715' />
<Point X='448' Y='227' T='726' />
<Point X='446' Y='231' T='734' />
<Point X='445' Y='234' T='748' />
<Point X='444' Y='237' T='759' />
<Point X='442' Y='239' T='769' />
<Point X='441' Y='243' T='782' />
<Point X='439' Y='246' T='795' />
<Point X='438' Y='249' T='806' />
<Point X='436' Y='252' T='819' />
<Point X='435' Y='255' T='829' />
<Point X='433' Y='257' T='836' />
<Point X='432' Y='259' T='845' />
<Point X='429' Y='263' T='879' />
<Point X='428' Y='265' T='886' />
<Point X='427' Y='267' T='896' />
<Point X='426' Y='269' T='917' />
<Point X='424' Y='273' T='931' />
<Point X='423' Y='275' T='945' />
<Point X='422' Y='277' T='955' />
<Point X='421' Y='278' T='967' />
<Point X='420' Y='279' T='983' />
<Point X='417' Y='283' T='996' />
<Point X='415' Y='284' T='1017' />
<Point X='412' Y='288' T='1030' />
<Point X='411' Y='290' T='1051' />
<Point X='409' Y='293' T='1063' />
<Point X='408' Y='294' T='1085' />
<Point X='406' Y='296' T='1096' />
<Point X='405' Y='297' T='1117' />
<Point X='404' Y='298' T='1126' />
<Point X='403' Y='299' T='1136' />
<Point X='402' Y='300' T='1151' />
<Point X='400' Y='303' T='1183' />
<Point X='399' Y='304' T='1194' />
<Point X='398' Y='305' T='1199' />
<Point X='398' Y='306' T='1219' />
<Point X='397' Y='307' T='1232' />
<Point X='396' Y='307' T='1243' />
<Point X='395' Y='308' T='1251' />
<Point X='395' Y='308' T='1263' />
<Point X='394' Y='309' T='1271' />
<Point X='394' Y='309' T='1279' />
<Point X='393' Y='309' T='1299' />
<Point X='393' Y='309' T='1307' />
</Stroke>
<Stroke index = '2' >
<Point X='190' Y='49' T='77' />
<Point X='190' Y='49' T='101' />
<Point X='190' Y='49' T='110' />
<Point X='190' Y='51' T='116' />
<Point X='190' Y='53' T='137' />
<Point X='190' Y='56' T='149' />
<Point X='190' Y='58' T='159' />
<Point X='190' Y='61' T='176' />
<Point X='190' Y='63' T='185' />
<Point X='190' Y='66' T='197' />
<Point X='190' Y='68' T='208' />
<Point X='190' Y='72' T='217' />
<Point X='190' Y='76' T='230' />
<Point X='191' Y='80' T='245' />
<Point X='191' Y='84' T='256' />
<Point X='192' Y='92' T='276' />
<Point X='192' Y='96' T='285' />
<Point X='193' Y='110' T='327' />
<Point X='194' Y='114' T='337' />
<Point X='194' Y='119' T='349' />
<Point X='195' Y='123' T='362' />
<Point X='196' Y='132' T='379' />
<Point X='196' Y='136' T='392' />
<Point X='197' Y='141' T='404' />
<Point X='197' Y='145' T='415' />
<Point X='199' Y='158' T='446' />
<Point X='200' Y='162' T='459' />
<Point X='200' Y='166' T='469' />
<Point X='202' Y='174' T='494' />
<Point X='203' Y='179' T='506' />
<Point X='204' Y='183' T='520' />
<Point X='205' Y='187' T='528' />
<Point X='206' Y='190' T='548' />
<Point X='207' Y='194' T='559' />
<Point X='207' Y='198' T='562' />
<Point X='208' Y='203' T='577' />
<Point X='209' Y='207' T='585' />
<Point X='210' Y='211' T='595' />
<Point X='210' Y='215' T='612' />
<Point X='211' Y='219' T='620' />
<Point X='212' Y='223' T='629' />
<Point X='213' Y='228' T='645' />
<Point X='213' Y='231' T='656' />
<Point X='214' Y='236' T='666' />
<Point X='214' Y='240' T='680' />
<Point X='214' Y='245' T='691' />
<Point X='214' Y='249' T='701' />
<Point X='214' Y='252' T='712' />
<Point X='214' Y='256' T='724' />
<Point X='214' Y='260' T='733' />
<Point X='214' Y='264' T='746' />
<Point X='214' Y='267' T='757' />
<Point X='214' Y='271' T='767' />
<Point X='214' Y='274' T='780' />
<Point X='214' Y='276' T='793' />
<Point X='214' Y='279' T='804' />
<Point X='214' Y='282' T='817' />
<Point X='214' Y='285' T='826' />
<Point X='214' Y='288' T='835' />
<Point X='215' Y='290' T='844' />
<Point X='215' Y='295' T='878' />
<Point X='215' Y='297' T='885' />
<Point X='215' Y='299' T='895' />
<Point X='215' Y='301' T='915' />
<Point X='216' Y='305' T='930' />
<Point X='216' Y='307' T='942' />
<Point X='216' Y='309' T='954' />
<Point X='216' Y='310' T='965' />
<Point X='216' Y='312' T='981' />
<Point X='217' Y='315' T='993' />
<Point X='217' Y='316' T='1015' />
<Point X='218' Y='318' T='1029' />
<Point X='218' Y='319' T='1049' />
<Point X='218' Y='322' T='1061' />
<Point X='218' Y='323' T='1084' />
<Point X='218' Y='325' T='1094' />
<Point X='218' Y='326' T='1115' />
<Point X='219' Y='327' T='1123' />
<Point X='219' Y='328' T='1134' />
<Point X='219' Y='329' T='1149' />
<Point X='220' Y='331' T='1182' />
<Point X='220' Y='332' T='1192' />
<Point X='220' Y='332' T='1198' />
<Point X='220' Y='333' T='1218' />
<Point X='220' Y='333' T='1230' />
<Point X='220' Y='334' T='1240' />
<Point X='220' Y='334' T='1247' />
<Point X='220' Y='335' T='1261' />
<Point X='220' Y='335' T='1268' />
</Stroke>
<Stroke index = '5' >
<Point X='590' Y='223' T='-93' />
<Point X='585' Y='221' T='41' />
<Point X='585' Y='221' T='58' />
<Point X='585' Y='222' T='73' />
<Point X='585' Y='222' T='107' />
<Point X='585' Y='222' T='147' />
<Point X='585' Y='223' T='156' />
<Point X='585' Y='223' T='174' />
<Point X='584' Y='225' T='182' />
<Point X='583' Y='227' T='196' />
<Point X='582' Y='228' T='206' />
<Point X='581' Y='230' T='215' />
<Point X='580' Y='232' T='227' />
<Point X='579' Y='233' T='242' />
<Point X='577' Y='235' T='254' />
<Point X='574' Y='239' T='275' />
<Point X='572' Y='241' T='283' />
<Point X='566' Y='250' T='325' />
<Point X='564' Y='253' T='334' />
<Point X='562' Y='255' T='347' />
<Point X='560' Y='257' T='360' />
<Point X='555' Y='263' T='376' />
<Point X='553' Y='266' T='390' />
<Point X='551' Y='268' T='401' />
<Point X='548' Y='271' T='412' />
<Point X='541' Y='278' T='443' />
<Point X='539' Y='280' T='456' />
<Point X='536' Y='283' T='467' />
<Point X='531' Y='288' T='492' />
<Point X='529' Y='290' T='504' />
<Point X='527' Y='293' T='517' />
<Point X='525' Y='295' T='526' />
<Point X='523' Y='297' T='545' />
<Point X='520' Y='299' T='558' />
<Point X='518' Y='301' T='561' />
<Point X='516' Y='303' T='576' />
<Point X='514' Y='306' T='584' />
<Point X='512' Y='308' T='594' />
<Point X='509' Y='310' T='609' />
<Point X='507' Y='312' T='618' />
<Point X='505' Y='315' T='627' />
<Point X='503' Y='317' T='642' />
<Point X='501' Y='319' T='654' />
<Point X='499' Y='321' T='664' />
<Point X='497' Y='323' T='677' />
<Point X='495' Y='326' T='689' />
<Point X='494' Y='328' T='698' />
<Point X='492' Y='330' T='709' />
<Point X='491' Y='332' T='721' />
<Point X='489' Y='334' T='731' />
<Point X='487' Y='336' T='742' />
<Point X='485' Y='338' T='755' />
<Point X='483' Y='340' T='765' />
<Point X='481' Y='342' T='777' />
<Point X='479' Y='344' T='790' />
<Point X='477' Y='346' T='801' />
<Point X='475' Y='348' T='814' />
<Point X='474' Y='350' T='823' />
<Point X='472' Y='352' T='833' />
<Point X='470' Y='354' T='843' />
<Point X='466' Y='357' T='876' />
<Point X='464' Y='359' T='884' />
<Point X='462' Y='360' T='894' />
<Point X='460' Y='362' T='913' />
<Point X='456' Y='365' T='927' />
<Point X='455' Y='367' T='939' />
<Point X='453' Y='368' T='951' />
<Point X='452' Y='370' T='963' />
<Point X='450' Y='371' T='979' />
<Point X='447' Y='374' T='990' />
<Point X='445' Y='376' T='1013' />
<Point X='442' Y='378' T='1026' />
<Point X='441' Y='379' T='1047' />
<Point X='438' Y='381' T='1057' />
<Point X='436' Y='382' T='1081' />
<Point X='434' Y='383' T='1092' />
<Point X='433' Y='384' T='1113' />
<Point X='433' Y='385' T='1120' />
<Point X='432' Y='386' T='1131' />
<Point X='432' Y='387' T='1146' />
<Point X='430' Y='388' T='1178' />
<Point X='430' Y='389' T='1189' />
<Point X='430' Y='389' T='1197' />
<Point X='429' Y='390' T='1215' />
<Point X='429' Y='390' T='1259' />
</Stroke>

</Gesture>
