<?xml version='1.0' encoding='utf-8' standalone='yes'?>
<Gesture Name ='11_1_18' Subject = 'test'  Speed = 'MEDIUM' NumPts = '403' InputType='finger' >

<Stroke index = '5' >
<Point X='578' Y='245' T='0' />
<Point X='579' Y='239' T='47' />
<Point X='581' Y='235' T='68' />
<Point X='582' Y='233' T='77' />
<Point X='582' Y='232' T='84' />
<Point X='582' Y='232' T='94' />
<Point X='582' Y='231' T='117' />
<Point X='582' Y='231' T='125' />
<Point X='582' Y='231' T='179' />
<Point X='582' Y='231' T='200' />
<Point X='582' Y='231' T='211' />
<Point X='582' Y='231' T='242' />
<Point X='581' Y='232' T='249' />
<Point X='580' Y='235' T='267' />
<Point X='578' Y='238' T='281' />
<Point X='577' Y='241' T='291' />
<Point X='575' Y='244' T='303' />
<Point X='573' Y='246' T='315' />
<Point X='571' Y='248' T='332' />
<Point X='569' Y='251' T='337' />
<Point X='567' Y='254' T='349' />
<Point X='565' Y='258' T='366' />
<Point X='560' Y='265' T='383' />
<Point X='557' Y='268' T='398' />
<Point X='553' Y='271' T='416' />
<Point X='550' Y='274' T='425' />
<Point X='546' Y='277' T='436' />
<Point X='543' Y='280' T='449' />
<Point X='536' Y='286' T='466' />
<Point X='533' Y='289' T='479' />
<Point X='530' Y='291' T='490' />
<Point X='527' Y='293' T='501' />
<Point X='523' Y='296' T='516' />
<Point X='520' Y='298' T='526' />
<Point X='517' Y='301' T='536' />
<Point X='513' Y='304' T='546' />
<Point X='510' Y='307' T='557' />
<Point X='507' Y='309' T='569' />
<Point X='500' Y='313' T='601' />
<Point X='494' Y='318' T='614' />
<Point X='491' Y='320' T='630' />
<Point X='488' Y='323' T='645' />
<Point X='485' Y='326' T='655' />
<Point X='482' Y='328' T='666' />
<Point X='478' Y='331' T='680' />
<Point X='475' Y='333' T='688' />
<Point X='472' Y='335' T='698' />
<Point X='470' Y='337' T='711' />
<Point X='467' Y='340' T='720' />
<Point X='464' Y='343' T='729' />
<Point X='462' Y='345' T='740' />
<Point X='459' Y='348' T='750' />
<Point X='455' Y='350' T='767' />
<Point X='452' Y='353' T='771' />
<Point X='450' Y='355' T='784' />
<Point X='447' Y='357' T='802' />
<Point X='445' Y='360' T='811' />
<Point X='442' Y='362' T='823' />
<Point X='440' Y='365' T='839' />
<Point X='436' Y='369' T='853' />
<Point X='434' Y='371' T='867' />
<Point X='432' Y='373' T='883' />
<Point X='430' Y='375' T='890' />
<Point X='428' Y='377' T='900' />
<Point X='426' Y='379' T='913' />
<Point X='425' Y='380' T='921' />
<Point X='423' Y='382' T='935' />
<Point X='422' Y='384' T='943' />
<Point X='420' Y='386' T='955' />
<Point X='419' Y='388' T='971' />
<Point X='417' Y='389' T='979' />
<Point X='416' Y='391' T='990' />
<Point X='414' Y='392' T='1003' />
<Point X='410' Y='396' T='1032' />
<Point X='409' Y='397' T='1046' />
<Point X='408' Y='398' T='1056' />
<Point X='407' Y='399' T='1070' />
<Point X='406' Y='400' T='1083' />
<Point X='406' Y='400' T='1095' />
<Point X='405' Y='401' T='1107' />
<Point X='404' Y='402' T='1119' />
<Point X='404' Y='402' T='1127' />
<Point X='403' Y='403' T='1137' />
<Point X='403' Y='403' T='1152' />
<Point X='403' Y='404' T='1160' />
<Point X='403' Y='405' T='1211' />
</Stroke>
<Stroke index = '1' >
<Point X='15' Y='423' T='32' />
<Point X='15' Y='422' T='49' />
<Point X='13' Y='421' T='69' />
<Point X='11' Y='420' T='79' />
<Point X='9' Y='419' T='86' />
<Point X='8' Y='418' T='96' />
<Point X='6' Y='417' T='119' />
<Point X='5' Y='417' T='126' />
<Point X='4' Y='416' T='132' />
<Point X='3' Y='416' T='148' />
<Point X='2' Y='416' T='153' />
<Point X='2' Y='416' T='166' />
<Point X='1' Y='416' T='179' />
<Point X='0' Y='416' T='202' />
<Point X='0' Y='416' T='212' />
<Point X='0' Y='417' T='231' />
<Point X='0' Y='417' T='243' />
<Point X='0' Y='418' T='251' />
<Point X='1' Y='420' T='269' />
<Point X='1' Y='422' T='282' />
<Point X='2' Y='424' T='293' />
<Point X='3' Y='426' T='304' />
<Point X='5' Y='428' T='317' />
<Point X='6' Y='430' T='332' />
<Point X='8' Y='432' T='338' />
<Point X='10' Y='433' T='350' />
<Point X='12' Y='435' T='367' />
<Point X='16' Y='437' T='384' />
<Point X='19' Y='438' T='399' />
<Point X='21' Y='438' T='417' />
<Point X='23' Y='439' T='427' />
<Point X='25' Y='439' T='438' />
<Point X='27' Y='440' T='451' />
<Point X='31' Y='440' T='468' />
<Point X='33' Y='441' T='481' />
<Point X='35' Y='441' T='491' />
<Point X='37' Y='441' T='501' />
<Point X='40' Y='441' T='518' />
<Point X='42' Y='441' T='527' />
<Point X='44' Y='441' T='537' />
<Point X='46' Y='441' T='548' />
<Point X='49' Y='441' T='558' />
<Point X='51' Y='441' T='571' />
<Point X='57' Y='440' T='602' />
<Point X='63' Y='440' T='616' />
<Point X='66' Y='440' T='631' />
<Point X='69' Y='440' T='647' />
<Point X='71' Y='440' T='656' />
<Point X='74' Y='440' T='667' />
<Point X='77' Y='440' T='681' />
<Point X='80' Y='441' T='689' />
<Point X='84' Y='441' T='701' />
<Point X='87' Y='441' T='712' />
<Point X='89' Y='442' T='720' />
<Point X='92' Y='442' T='730' />
<Point X='95' Y='442' T='740' />
<Point X='99' Y='442' T='751' />
<Point X='102' Y='443' T='767' />
<Point X='105' Y='443' T='771' />
<Point X='108' Y='443' T='784' />
<Point X='111' Y='444' T='802' />
<Point X='114' Y='444' T='813' />
<Point X='118' Y='444' T='825' />
<Point X='121' Y='444' T='840' />
<Point X='127' Y='445' T='854' />
<Point X='129' Y='445' T='869' />
<Point X='131' Y='446' T='884' />
<Point X='134' Y='446' T='891' />
<Point X='137' Y='447' T='902' />
<Point X='140' Y='447' T='914' />
<Point X='142' Y='448' T='922' />
<Point X='144' Y='448' T='936' />
<Point X='146' Y='448' T='943' />
<Point X='147' Y='449' T='957' />
<Point X='148' Y='449' T='972' />
<Point X='148' Y='450' T='981' />
<Point X='149' Y='451' T='992' />
<Point X='151' Y='452' T='1003' />
<Point X='158' Y='454' T='1035' />
<Point X='160' Y='455' T='1046' />
<Point X='162' Y='455' T='1057' />
<Point X='164' Y='455' T='1072' />
<Point X='166' Y='455' T='1084' />
<Point X='167' Y='455' T='1097' />
<Point X='167' Y='455' T='1108' />
<Point X='168' Y='455' T='1119' />
<Point X='168' Y='455' T='1127' />
</Stroke>
<Stroke index = '4' >
<Point X='497' Y='67' T='158' />
<Point X='496' Y='67' T='167' />
<Point X='495' Y='69' T='204' />
<Point X='494' Y='71' T='214' />
<Point X='494' Y='73' T='234' />
<Point X='493' Y='75' T='244' />
<Point X='493' Y='78' T='253' />
<Point X='491' Y='82' T='271' />
<Point X='490' Y='84' T='284' />
<Point X='489' Y='87' T='295' />
<Point X='488' Y='91' T='306' />
<Point X='486' Y='96' T='318' />
<Point X='485' Y='99' T='334' />
<Point X='484' Y='103' T='340' />
<Point X='483' Y='106' T='351' />
<Point X='482' Y='111' T='368' />
<Point X='480' Y='120' T='385' />
<Point X='479' Y='124' T='399' />
<Point X='477' Y='128' T='419' />
<Point X='475' Y='132' T='430' />
<Point X='473' Y='137' T='441' />
<Point X='471' Y='141' T='452' />
<Point X='467' Y='148' T='471' />
<Point X='465' Y='151' T='484' />
<Point X='464' Y='155' T='494' />
<Point X='462' Y='159' T='502' />
<Point X='461' Y='162' T='519' />
<Point X='459' Y='165' T='530' />
<Point X='458' Y='169' T='540' />
<Point X='457' Y='172' T='550' />
<Point X='455' Y='176' T='561' />
<Point X='453' Y='180' T='572' />
<Point X='449' Y='186' T='605' />
<Point X='445' Y='194' T='620' />
<Point X='443' Y='198' T='633' />
<Point X='442' Y='201' T='650' />
<Point X='440' Y='205' T='658' />
<Point X='439' Y='208' T='670' />
<Point X='437' Y='211' T='684' />
<Point X='436' Y='214' T='691' />
<Point X='434' Y='218' T='704' />
<Point X='433' Y='222' T='715' />
<Point X='431' Y='225' T='721' />
<Point X='429' Y='228' T='730' />
<Point X='427' Y='231' T='741' />
<Point X='425' Y='234' T='752' />
<Point X='424' Y='238' T='768' />
<Point X='422' Y='241' T='772' />
<Point X='421' Y='244' T='785' />
<Point X='420' Y='247' T='803' />
<Point X='419' Y='250' T='818' />
<Point X='418' Y='253' T='828' />
<Point X='417' Y='256' T='844' />
<Point X='414' Y='262' T='857' />
<Point X='412' Y='265' T='874' />
<Point X='411' Y='268' T='884' />
<Point X='409' Y='270' T='893' />
<Point X='408' Y='272' T='905' />
<Point X='406' Y='274' T='917' />
<Point X='405' Y='276' T='923' />
<Point X='403' Y='279' T='937' />
<Point X='402' Y='282' T='944' />
<Point X='401' Y='284' T='957' />
<Point X='400' Y='287' T='974' />
<Point X='399' Y='289' T='984' />
<Point X='398' Y='291' T='994' />
<Point X='398' Y='292' T='1004' />
<Point X='395' Y='296' T='1037' />
<Point X='394' Y='298' T='1049' />
<Point X='392' Y='300' T='1058' />
<Point X='391' Y='301' T='1075' />
<Point X='390' Y='302' T='1087' />
<Point X='389' Y='303' T='1100' />
<Point X='389' Y='304' T='1111' />
<Point X='388' Y='305' T='1120' />
<Point X='388' Y='306' T='1128' />
<Point X='387' Y='306' T='1138' />
</Stroke>
<Stroke index = '3' >
<Point X='357' Y='0' T='156' />
<Point X='356' Y='0' T='181' />
<Point X='355' Y='0' T='203' />
<Point X='355' Y='0' T='213' />
<Point X='355' Y='0' T='233' />
<Point X='354' Y='2' T='243' />
<Point X='354' Y='4' T='251' />
<Point X='353' Y='10' T='270' />
<Point X='352' Y='13' T='283' />
<Point X='352' Y='16' T='294' />
<Point X='351' Y='18' T='305' />
<Point X='350' Y='21' T='318' />
<Point X='349' Y='26' T='334' />
<Point X='348' Y='30' T='339' />
<Point X='347' Y='35' T='350' />
<Point X='346' Y='38' T='367' />
<Point X='344' Y='47' T='385' />
<Point X='343' Y='52' T='399' />
<Point X='342' Y='57' T='418' />
<Point X='342' Y='61' T='428' />
<Point X='341' Y='65' T='439' />
<Point X='340' Y='69' T='452' />
<Point X='338' Y='78' T='470' />
<Point X='337' Y='81' T='482' />
<Point X='337' Y='85' T='492' />
<Point X='336' Y='90' T='501' />
<Point X='335' Y='94' T='519' />
<Point X='335' Y='98' T='529' />
<Point X='334' Y='101' T='538' />
<Point X='334' Y='105' T='549' />
<Point X='333' Y='110' T='560' />
<Point X='332' Y='114' T='571' />
<Point X='331' Y='122' T='603' />
<Point X='329' Y='130' T='619' />
<Point X='329' Y='135' T='633' />
<Point X='328' Y='139' T='648' />
<Point X='328' Y='143' T='657' />
<Point X='327' Y='147' T='668' />
<Point X='327' Y='151' T='683' />
<Point X='326' Y='155' T='690' />
<Point X='325' Y='159' T='701' />
<Point X='325' Y='162' T='713' />
<Point X='324' Y='166' T='721' />
<Point X='324' Y='170' T='730' />
<Point X='323' Y='174' T='740' />
<Point X='322' Y='178' T='752' />
<Point X='321' Y='182' T='767' />
<Point X='321' Y='185' T='771' />
<Point X='320' Y='189' T='785' />
<Point X='319' Y='193' T='803' />
<Point X='318' Y='197' T='814' />
<Point X='317' Y='200' T='826' />
<Point X='316' Y='203' T='842' />
<Point X='314' Y='210' T='855' />
<Point X='313' Y='213' T='871' />
<Point X='312' Y='216' T='884' />
<Point X='312' Y='219' T='892' />
<Point X='311' Y='221' T='903' />
<Point X='310' Y='224' T='915' />
<Point X='310' Y='226' T='923' />
<Point X='309' Y='228' T='937' />
<Point X='308' Y='230' T='943' />
<Point X='307' Y='233' T='957' />
<Point X='306' Y='235' T='973' />
<Point X='305' Y='238' T='983' />
<Point X='304' Y='240' T='992' />
<Point X='303' Y='242' T='1004' />
<Point X='301' Y='247' T='1036' />
<Point X='301' Y='249' T='1048' />
<Point X='300' Y='250' T='1058' />
<Point X='300' Y='251' T='1073' />
<Point X='299' Y='252' T='1086' />
<Point X='299' Y='253' T='1099' />
<Point X='298' Y='254' T='1110' />
<Point X='298' Y='255' T='1120' />
<Point X='298' Y='255' T='1127' />
<Point X='298' Y='256' T='1138' />
</Stroke>
<Stroke index = '2' >
<Point X='173' Y='54' T='182' />
<Point X='173' Y='54' T='205' />
<Point X='173' Y='54' T='215' />
<Point X='174' Y='55' T='236' />
<Point X='174' Y='57' T='246' />
<Point X='175' Y='59' T='254' />
<Point X='176' Y='63' T='273' />
<Point X='177' Y='66' T='285' />
<Point X='177' Y='71' T='296' />
<Point X='177' Y='75' T='307' />
<Point X='177' Y='78' T='319' />
<Point X='177' Y='82' T='334' />
<Point X='177' Y='86' T='340' />
<Point X='176' Y='91' T='351' />
<Point X='176' Y='96' T='368' />
<Point X='176' Y='105' T='386' />
<Point X='176' Y='110' T='400' />
<Point X='176' Y='116' T='419' />
<Point X='176' Y='120' T='430' />
<Point X='175' Y='125' T='442' />
<Point X='175' Y='130' T='452' />
<Point X='174' Y='140' T='472' />
<Point X='174' Y='144' T='484' />
<Point X='174' Y='148' T='495' />
<Point X='174' Y='153' T='503' />
<Point X='175' Y='157' T='520' />
<Point X='175' Y='162' T='531' />
<Point X='175' Y='166' T='541' />
<Point X='175' Y='170' T='551' />
<Point X='176' Y='175' T='562' />
<Point X='176' Y='180' T='574' />
<Point X='177' Y='190' T='606' />
<Point X='179' Y='199' T='621' />
<Point X='181' Y='204' T='635' />
<Point X='182' Y='208' T='650' />
<Point X='184' Y='213' T='658' />
<Point X='185' Y='217' T='672' />
<Point X='187' Y='222' T='685' />
<Point X='188' Y='226' T='692' />
<Point X='189' Y='230' T='704' />
<Point X='190' Y='235' T='716' />
<Point X='191' Y='239' T='723' />
<Point X='192' Y='243' T='731' />
<Point X='193' Y='248' T='741' />
<Point X='194' Y='252' T='752' />
<Point X='195' Y='257' T='768' />
<Point X='196' Y='261' T='773' />
<Point X='197' Y='265' T='786' />
<Point X='198' Y='268' T='803' />
<Point X='200' Y='273' T='819' />
<Point X='201' Y='277' T='828' />
<Point X='202' Y='281' T='844' />
<Point X='204' Y='288' T='858' />
<Point X='205' Y='290' T='875' />
<Point X='206' Y='293' T='884' />
<Point X='207' Y='297' T='894' />
<Point X='208' Y='300' T='907' />
<Point X='208' Y='303' T='917' />
<Point X='209' Y='306' T='924' />
<Point X='210' Y='308' T='938' />
<Point X='210' Y='310' T='944' />
<Point X='211' Y='312' T='957' />
<Point X='211' Y='314' T='976' />
<Point X='211' Y='317' T='985' />
<Point X='211' Y='319' T='994' />
<Point X='211' Y='322' T='1004' />
<Point X='212' Y='328' T='1039' />
<Point X='212' Y='329' T='1050' />
<Point X='212' Y='330' T='1060' />
<Point X='213' Y='331' T='1077' />
<Point X='213' Y='332' T='1088' />
<Point X='213' Y='333' T='1101' />
<Point X='213' Y='334' T='1112' />
<Point X='213' Y='334' T='1120' />
<Point X='213' Y='335' T='1128' />
<Point X='213' Y='335' T='1138' />
</Stroke>

</Gesture>
