<?xml version='1.0' encoding='utf-8' standalone='yes'?>
<Gesture Name ='12_1_14' Subject = 'test'  Speed = 'MEDIUM' NumPts = '56' InputType='finger' >

<Stroke index = '1' >
<Point X='0' Y='629' T='0' />
<Point X='0' Y='628' T='19' />
<Point X='1' Y='627' T='34' />
<Point X='2' Y='625' T='51' />
<Point X='12' Y='615' T='75' />
<Point X='17' Y='610' T='88' />
<Point X='25' Y='603' T='101' />
<Point X='35' Y='594' T='112' />
<Point X='52' Y='581' T='127' />
<Point X='65' Y='568' T='135' />
<Point X='105' Y='527' T='154' />
<Point X='125' Y='505' T='174' />
</Stroke>
<Stroke index = '5' >
<Point X='544' Y='311' T='9' />
<Point X='543' Y='310' T='22' />
<Point X='543' Y='310' T='36' />
<Point X='542' Y='309' T='52' />
<Point X='528' Y='311' T='77' />
<Point X='522' Y='316' T='89' />
<Point X='508' Y='325' T='103' />
<Point X='495' Y='333' T='113' />
<Point X='477' Y='344' T='128' />
<Point X='458' Y='356' T='136' />
</Stroke>
<Stroke index = '4' >
<Point X='510' Y='117' T='27' />
<Point X='510' Y='117' T='54' />
<Point X='503' Y='130' T='77' />
<Point X='499' Y='139' T='91' />
<Point X='490' Y='151' T='104' />
<Point X='482' Y='161' T='115' />
<Point X='467' Y='179' T='129' />
<Point X='453' Y='192' T='137' />
<Point X='417' Y='226' T='156' />
<Point X='399' Y='242' T='176' />
</Stroke>
<Stroke index = '3' >
<Point X='350' Y='0' T='38' />
<Point X='349' Y='0' T='55' />
<Point X='338' Y='10' T='79' />
<Point X='330' Y='19' T='91' />
<Point X='322' Y='30' T='105' />
<Point X='314' Y='41' T='116' />
<Point X='304' Y='55' T='131' />
<Point X='295' Y='71' T='138' />
<Point X='276' Y='102' T='157' />
<Point X='268' Y='117' T='178' />
<Point X='252' Y='145' T='195' />
<Point X='245' Y='161' T='202' />
</Stroke>
<Stroke index = '2' >
<Point X='163' Y='47' T='42' />
<Point X='163' Y='47' T='57' />
<Point X='158' Y='54' T='80' />
<Point X='154' Y='62' T='93' />
<Point X='150' Y='72' T='106' />
<Point X='147' Y='81' T='117' />
<Point X='144' Y='95' T='131' />
<Point X='142' Y='107' T='138' />
<Point X='141' Y='135' T='158' />
<Point X='140' Y='146' T='179' />
<Point X='141' Y='170' T='196' />
<Point X='142' Y='182' T='204' />
</Stroke>

</Gesture>
