<?xml version='1.0' encoding='utf-8' standalone='yes'?>
<Gesture Name ='12_1_7' Subject = 'test'  Speed = 'MEDIUM' NumPts = '65' InputType='finger' >

<Stroke index = '2' >
<Point X='188' Y='53' T='44' />
<Point X='188' Y='53' T='63' />
<Point X='187' Y='54' T='75' />
<Point X='185' Y='59' T='89' />
<Point X='179' Y='81' T='112' />
<Point X='176' Y='91' T='124' />
<Point X='172' Y='112' T='146' />
<Point X='171' Y='120' T='165' />
<Point X='170' Y='141' T='184' />
<Point X='168' Y='157' T='198' />
<Point X='167' Y='166' T='217' />
</Stroke>
<Stroke index = '3' >
<Point X='380' Y='0' T='24' />
<Point X='379' Y='0' T='40' />
<Point X='379' Y='0' T='50' />
<Point X='377' Y='1' T='60' />
<Point X='374' Y='5' T='71' />
<Point X='368' Y='11' T='84' />
<Point X='349' Y='35' T='111' />
<Point X='341' Y='47' T='122' />
<Point X='325' Y='68' T='145' />
<Point X='317' Y='79' T='161' />
<Point X='302' Y='101' T='181' />
<Point X='293' Y='117' T='195' />
<Point X='286' Y='131' T='213' />
<Point X='270' Y='172' T='226' />
</Stroke>
<Stroke index = '4' >
<Point X='541' Y='99' T='10' />
<Point X='541' Y='99' T='39' />
<Point X='541' Y='99' T='49' />
<Point X='540' Y='99' T='59' />
<Point X='539' Y='101' T='70' />
<Point X='537' Y='107' T='83' />
<Point X='522' Y='131' T='110' />
<Point X='514' Y='140' T='122' />
<Point X='494' Y='162' T='145' />
<Point X='479' Y='175' T='160' />
<Point X='456' Y='196' T='179' />
<Point X='441' Y='209' T='194' />
<Point X='428' Y='223' T='212' />
</Stroke>
<Stroke index = '1' >
<Point X='0' Y='617' T='29' />
<Point X='0' Y='616' T='40' />
<Point X='0' Y='616' T='50' />
<Point X='0' Y='615' T='62' />
<Point X='1' Y='613' T='73' />
<Point X='2' Y='611' T='86' />
<Point X='16' Y='597' T='112' />
<Point X='26' Y='588' T='123' />
<Point X='47' Y='569' T='146' />
<Point X='57' Y='560' T='164' />
<Point X='83' Y='534' T='183' />
<Point X='101' Y='518' T='197' />
<Point X='120' Y='501' T='215' />
</Stroke>
<Stroke index = '5' >
<Point X='618' Y='313' T='0' />
<Point X='619' Y='311' T='19' />
<Point X='619' Y='310' T='36' />
<Point X='620' Y='309' T='47' />
<Point X='620' Y='309' T='57' />
<Point X='620' Y='309' T='67' />
<Point X='619' Y='309' T='82' />
<Point X='592' Y='323' T='109' />
<Point X='583' Y='327' T='120' />
<Point X='551' Y='335' T='144' />
<Point X='534' Y='340' T='157' />
<Point X='501' Y='352' T='177' />
<Point X='481' Y='358' T='191' />
<Point X='461' Y='366' T='210' />
</Stroke>

</Gesture>
