<?xml version='1.0' encoding='utf-8' standalone='yes'?>
<Gesture Name ='12_1_17' Subject = 'test'  Speed = 'MEDIUM' NumPts = '65' InputType='finger' >

<Stroke index = '1' >
<Point X='0' Y='590' T='0' />
<Point X='5' Y='590' T='42' />
<Point X='7' Y='589' T='54' />
<Point X='9' Y='587' T='62' />
<Point X='16' Y='580' T='82' />
<Point X='31' Y='570' T='109' />
<Point X='42' Y='562' T='119' />
<Point X='54' Y='554' T='135' />
<Point X='69' Y='543' T='142' />
<Point X='80' Y='533' T='159' />
<Point X='106' Y='503' T='172' />
<Point X='117' Y='489' T='186' />
<Point X='132' Y='472' T='199' />
</Stroke>
<Stroke index = '3' >
<Point X='304' Y='0' T='27' />
<Point X='304' Y='0' T='45' />
<Point X='303' Y='0' T='56' />
<Point X='302' Y='0' T='64' />
<Point X='292' Y='8' T='83' />
<Point X='280' Y='25' T='111' />
<Point X='272' Y='35' T='122' />
<Point X='265' Y='45' T='135' />
<Point X='259' Y='57' T='144' />
<Point X='252' Y='67' T='160' />
<Point X='241' Y='87' T='173' />
<Point X='236' Y='99' T='187' />
<Point X='231' Y='109' T='200' />
<Point X='226' Y='127' T='211' />
</Stroke>
<Stroke index = '2' >
<Point X='123' Y='48' T='32' />
<Point X='123' Y='48' T='46' />
<Point X='123' Y='48' T='57' />
<Point X='122' Y='48' T='65' />
<Point X='119' Y='56' T='84' />
<Point X='115' Y='71' T='112' />
<Point X='113' Y='81' T='123' />
<Point X='110' Y='89' T='135' />
<Point X='108' Y='101' T='145' />
<Point X='105' Y='110' T='162' />
<Point X='106' Y='132' T='174' />
<Point X='108' Y='143' T='189' />
<Point X='112' Y='154' T='201' />
<Point X='117' Y='168' T='211' />
</Stroke>
<Stroke index = '5' >
<Point X='489' Y='326' T='48' />
<Point X='488' Y='325' T='57' />
<Point X='487' Y='325' T='67' />
<Point X='478' Y='326' T='86' />
<Point X='462' Y='335' T='113' />
<Point X='453' Y='340' T='124' />
<Point X='436' Y='347' T='136' />
<Point X='421' Y='354' T='147' />
<Point X='404' Y='361' T='162' />
<Point X='373' Y='373' T='175' />
<Point X='364' Y='377' T='190' />
<Point X='348' Y='384' T='202' />
</Stroke>
<Stroke index = '4' >
<Point X='456' Y='125' T='51' />
<Point X='456' Y='125' T='59' />
<Point X='455' Y='126' T='67' />
<Point X='451' Y='135' T='87' />
<Point X='438' Y='153' T='114' />
<Point X='431' Y='165' T='126' />
<Point X='422' Y='173' T='136' />
<Point X='410' Y='187' T='147' />
<Point X='398' Y='197' T='164' />
<Point X='375' Y='218' T='176' />
<Point X='366' Y='227' T='191' />
<Point X='354' Y='238' T='203' />
</Stroke>

</Gesture>
