<?xml version='1.0' encoding='utf-8' standalone='yes'?>
<Gesture Name ='12_1_16' Subject = 'test'  Speed = 'MEDIUM' NumPts = '68' InputType='finger' >

<Stroke index = '5' >
<Point X='555' Y='344' T='150' />
<Point X='544' Y='349' T='168' />
<Point X='524' Y='359' T='182' />
<Point X='504' Y='367' T='195' />
<Point X='484' Y='375' T='205' />
<Point X='464' Y='385' T='218' />
</Stroke>
<Stroke index = '2' >
<Point X='200' Y='54' T='83' />
<Point X='199' Y='60' T='114' />
<Point X='192' Y='73' T='136' />
<Point X='187' Y='82' T='148' />
<Point X='178' Y='96' T='167' />
<Point X='173' Y='104' T='181' />
<Point X='168' Y='111' T='194' />
<Point X='163' Y='118' T='203' />
<Point X='158' Y='126' T='217' />
<Point X='150' Y='148' T='232' />
<Point X='146' Y='157' T='248' />
<Point X='142' Y='175' T='269' />
<Point X='141' Y='179' T='278' />
<Point X='140' Y='182' T='298' />
<Point X='139' Y='185' T='307' />
</Stroke>
<Stroke index = '4' >
<Point X='552' Y='97' T='67' />
<Point X='552' Y='99' T='93' />
<Point X='547' Y='115' T='111' />
<Point X='535' Y='135' T='134' />
<Point X='528' Y='145' T='146' />
<Point X='509' Y='164' T='164' />
<Point X='496' Y='176' T='179' />
<Point X='486' Y='184' T='191' />
<Point X='474' Y='195' T='200' />
<Point X='457' Y='208' T='215' />
<Point X='423' Y='234' T='230' />
<Point X='403' Y='249' T='247' />
<Point X='366' Y='280' T='267' />
<Point X='350' Y='292' T='275' />
</Stroke>
<Stroke index = '3' >
<Point X='386' Y='0' T='71' />
<Point X='386' Y='0' T='81' />
<Point X='385' Y='0' T='95' />
<Point X='378' Y='8' T='113' />
<Point X='366' Y='23' T='136' />
<Point X='358' Y='31' T='148' />
<Point X='342' Y='47' T='166' />
<Point X='334' Y='55' T='180' />
<Point X='326' Y='62' T='193' />
<Point X='318' Y='71' T='202' />
<Point X='309' Y='79' T='217' />
<Point X='290' Y='103' T='231' />
<Point X='281' Y='116' T='248' />
<Point X='263' Y='139' T='268' />
<Point X='256' Y='149' T='277' />
<Point X='251' Y='157' T='297' />
<Point X='245' Y='165' T='306' />
</Stroke>
<Stroke index = '1' >
<Point X='1' Y='570' T='0' />
<Point X='0' Y='561' T='63' />
<Point X='0' Y='559' T='80' />
<Point X='1' Y='558' T='90' />
<Point X='8' Y='550' T='109' />
<Point X='17' Y='541' T='133' />
<Point X='23' Y='536' T='146' />
<Point X='34' Y='527' T='163' />
<Point X='41' Y='520' T='177' />
<Point X='49' Y='513' T='190' />
<Point X='57' Y='502' T='198' />
<Point X='68' Y='490' T='214' />
<Point X='101' Y='458' T='229' />
<Point X='122' Y='444' T='246' />
<Point X='157' Y='415' T='266' />
<Point X='167' Y='406' T='273' />
</Stroke>

</Gesture>
