<?xml version='1.0' encoding='utf-8' standalone='yes'?>
<Gesture Name ='12_1_10' Subject = 'test'  Speed = 'MEDIUM' NumPts = '64' InputType='finger' >

<Stroke index = '4' >
<Point X='576' Y='106' T='58' />
<Point X='576' Y='105' T='65' />
<Point X='576' Y='105' T='77' />
<Point X='571' Y='118' T='126' />
<Point X='567' Y='126' T='139' />
<Point X='559' Y='139' T='153' />
<Point X='554' Y='147' T='164' />
<Point X='547' Y='158' T='177' />
<Point X='541' Y='166' T='189' />
<Point X='528' Y='186' T='208' />
</Stroke>
<Stroke index = '2' >
<Point X='183' Y='54' T='54' />
<Point X='183' Y='53' T='64' />
<Point X='183' Y='53' T='76' />
<Point X='183' Y='54' T='88' />
<Point X='184' Y='59' T='97' />
<Point X='193' Y='77' T='121' />
<Point X='198' Y='87' T='138' />
<Point X='202' Y='99' T='152' />
<Point X='205' Y='109' T='163' />
<Point X='209' Y='119' T='177' />
<Point X='212' Y='127' T='189' />
<Point X='217' Y='141' T='208' />
</Stroke>
<Stroke index = '5' >
<Point X='662' Y='344' T='41' />
<Point X='662' Y='344' T='51' />
<Point X='662' Y='343' T='63' />
<Point X='663' Y='343' T='75' />
<Point X='663' Y='342' T='87' />
<Point X='662' Y='342' T='97' />
<Point X='650' Y='350' T='120' />
<Point X='637' Y='355' T='137' />
<Point X='622' Y='358' T='150' />
<Point X='603' Y='361' T='162' />
<Point X='586' Y='363' T='176' />
<Point X='576' Y='365' T='187' />
<Point X='552' Y='370' T='206' />
</Stroke>
<Stroke index = '3' >
<Point X='390' Y='2' T='39' />
<Point X='390' Y='1' T='49' />
<Point X='389' Y='1' T='62' />
<Point X='389' Y='0' T='74' />
<Point X='388' Y='0' T='87' />
<Point X='386' Y='1' T='96' />
<Point X='376' Y='15' T='119' />
<Point X='371' Y='25' T='136' />
<Point X='367' Y='38' T='149' />
<Point X='364' Y='47' T='160' />
<Point X='361' Y='59' T='175' />
<Point X='360' Y='66' T='186' />
<Point X='357' Y='83' T='205' />
<Point X='356' Y='91' T='220' />
<Point X='354' Y='117' T='237' />
</Stroke>
<Stroke index = '1' >
<Point X='0' Y='710' T='0' />
<Point X='7' Y='705' T='36' />
<Point X='13' Y='702' T='48' />
<Point X='21' Y='698' T='62' />
<Point X='30' Y='692' T='72' />
<Point X='40' Y='683' T='85' />
<Point X='53' Y='674' T='95' />
<Point X='77' Y='655' T='119' />
<Point X='94' Y='644' T='135' />
<Point X='111' Y='633' T='147' />
<Point X='129' Y='622' T='158' />
<Point X='141' Y='613' T='173' />
<Point X='158' Y='602' T='185' />
<Point X='182' Y='580' T='204' />
</Stroke>

</Gesture>
