<?xml version='1.0' encoding='utf-8' standalone='yes'?>
<Gesture Name ='12_1_18' Subject = 'test'  Speed = 'MEDIUM' NumPts = '81' InputType='finger' >

<Stroke index = '2' >
<Point X='133' Y='46' T='46' />
<Point X='133' Y='47' T='65' />
<Point X='132' Y='49' T='79' />
<Point X='131' Y='56' T='89' />
<Point X='129' Y='65' T='103' />
<Point X='128' Y='73' T='112' />
<Point X='124' Y='93' T='128' />
<Point X='121' Y='105' T='145' />
<Point X='118' Y='113' T='159' />
<Point X='110' Y='134' T='182' />
<Point X='107' Y='144' T='194' />
<Point X='105' Y='162' T='210' />
<Point X='106' Y='172' T='226' />
<Point X='108' Y='180' T='241' />
<Point X='110' Y='192' T='249' />
<Point X='116' Y='222' T='274' />
</Stroke>
<Stroke index = '1' >
<Point X='0' Y='587' T='44' />
<Point X='0' Y='586' T='53' />
<Point X='0' Y='585' T='64' />
<Point X='1' Y='583' T='78' />
<Point X='4' Y='580' T='88' />
<Point X='12' Y='575' T='102' />
<Point X='18' Y='571' T='112' />
<Point X='38' Y='557' T='127' />
<Point X='48' Y='550' T='144' />
<Point X='59' Y='541' T='158' />
<Point X='82' Y='520' T='181' />
<Point X='89' Y='513' T='192' />
<Point X='107' Y='494' T='209' />
<Point X='115' Y='484' T='225' />
<Point X='122' Y='475' T='240' />
</Stroke>
<Stroke index = '3' >
<Point X='312' Y='0' T='35' />
<Point X='312' Y='0' T='42' />
<Point X='312' Y='0' T='53' />
<Point X='311' Y='1' T='64' />
<Point X='308' Y='6' T='76' />
<Point X='303' Y='14' T='86' />
<Point X='298' Y='24' T='101' />
<Point X='293' Y='32' T='111' />
<Point X='281' Y='51' T='126' />
<Point X='274' Y='63' T='143' />
<Point X='269' Y='72' T='157' />
<Point X='256' Y='93' T='180' />
<Point X='252' Y='101' T='192' />
<Point X='240' Y='117' T='208' />
<Point X='234' Y='127' T='224' />
<Point X='231' Y='135' T='238' />
<Point X='227' Y='149' T='247' />
<Point X='214' Y='191' T='272' />
</Stroke>
<Stroke index = '4' >
<Point X='463' Y='128' T='13' />
<Point X='463' Y='128' T='31' />
<Point X='463' Y='128' T='41' />
<Point X='463' Y='129' T='51' />
<Point X='464' Y='132' T='62' />
<Point X='464' Y='139' T='75' />
<Point X='462' Y='148' T='84' />
<Point X='459' Y='157' T='100' />
<Point X='452' Y='168' T='109' />
<Point X='436' Y='187' T='125' />
<Point X='425' Y='199' T='141' />
<Point X='413' Y='211' T='156' />
<Point X='384' Y='235' T='179' />
<Point X='375' Y='243' T='190' />
<Point X='355' Y='259' T='206' />
<Point X='346' Y='267' T='223' />
</Stroke>
<Stroke index = '5' >
<Point X='503' Y='356' T='0' />
<Point X='503' Y='355' T='27' />
<Point X='503' Y='354' T='40' />
<Point X='503' Y='352' T='50' />
<Point X='503' Y='351' T='60' />
<Point X='502' Y='351' T='74' />
<Point X='495' Y='351' T='83' />
<Point X='487' Y='354' T='98' />
<Point X='475' Y='360' T='109' />
<Point X='448' Y='371' T='124' />
<Point X='436' Y='378' T='140' />
<Point X='417' Y='388' T='155' />
<Point X='383' Y='405' T='178' />
<Point X='370' Y='410' T='189' />
<Point X='347' Y='420' T='206' />
<Point X='337' Y='424' T='222' />
</Stroke>

</Gesture>
