<?xml version='1.0' encoding='utf-8' standalone='yes'?>
<Gesture Name ='12_1_4' Subject = 'test'  Speed = 'MEDIUM' NumPts = '87' InputType='finger' >

<Stroke index = '1' >
<Point X='0' Y='666' T='0' />
<Point X='8' Y='662' T='65' />
<Point X='11' Y='660' T='74' />
<Point X='13' Y='659' T='89' />
<Point X='17' Y='656' T='96' />
<Point X='22' Y='653' T='107' />
<Point X='28' Y='650' T='120' />
<Point X='33' Y='647' T='132' />
<Point X='38' Y='645' T='145' />
<Point X='52' Y='638' T='166' />
<Point X='58' Y='634' T='179' />
<Point X='66' Y='630' T='189' />
<Point X='74' Y='624' T='203' />
<Point X='82' Y='616' T='216' />
<Point X='99' Y='603' T='231' />
<Point X='109' Y='596' T='249' />
<Point X='119' Y='590' T='259' />
<Point X='131' Y='582' T='270' />
<Point X='161' Y='560' T='286' />
<Point X='177' Y='546' T='299' />
</Stroke>
<Stroke index = '2' >
<Point X='181' Y='71' T='101' />
<Point X='181' Y='71' T='113' />
<Point X='181' Y='73' T='125' />
<Point X='180' Y='79' T='138' />
<Point X='179' Y='88' T='148' />
<Point X='179' Y='106' T='170' />
<Point X='179' Y='116' T='185' />
<Point X='179' Y='126' T='194' />
<Point X='181' Y='138' T='207' />
<Point X='182' Y='147' T='220' />
<Point X='185' Y='171' T='238' />
<Point X='185' Y='185' T='253' />
<Point X='184' Y='197' T='264' />
<Point X='183' Y='212' T='276' />
<Point X='181' Y='245' T='288' />
<Point X='181' Y='262' T='307' />
</Stroke>
<Stroke index = '5' >
<Point X='661' Y='294' T='83' />
<Point X='661' Y='294' T='111' />
<Point X='660' Y='294' T='124' />
<Point X='655' Y='297' T='136' />
<Point X='649' Y='302' T='148' />
<Point X='633' Y='315' T='170' />
<Point X='626' Y='321' T='184' />
<Point X='616' Y='330' T='194' />
<Point X='605' Y='337' T='206' />
<Point X='593' Y='346' T='219' />
<Point X='565' Y='363' T='236' />
<Point X='557' Y='370' T='253' />
<Point X='539' Y='381' T='263' />
<Point X='523' Y='391' T='276' />
<Point X='483' Y='416' T='288' />
<Point X='460' Y='436' T='306' />
</Stroke>
<Stroke index = '4' >
<Point X='556' Y='85' T='80' />
<Point X='556' Y='85' T='99' />
<Point X='556' Y='86' T='109' />
<Point X='556' Y='91' T='123' />
<Point X='555' Y='99' T='135' />
<Point X='554' Y='105' T='147' />
<Point X='546' Y='124' T='169' />
<Point X='540' Y='139' T='183' />
<Point X='536' Y='148' T='192' />
<Point X='526' Y='165' T='206' />
<Point X='519' Y='178' T='219' />
<Point X='503' Y='206' T='235' />
<Point X='496' Y='218' T='251' />
<Point X='486' Y='231' T='262' />
<Point X='476' Y='248' T='275' />
<Point X='452' Y='284' T='287' />
<Point X='437' Y='308' T='305' />
</Stroke>
<Stroke index = '3' >
<Point X='377' Y='0' T='77' />
<Point X='377' Y='0' T='98' />
<Point X='376' Y='0' T='109' />
<Point X='374' Y='3' T='121' />
<Point X='371' Y='11' T='134' />
<Point X='369' Y='17' T='146' />
<Point X='359' Y='36' T='168' />
<Point X='354' Y='47' T='181' />
<Point X='349' Y='59' T='190' />
<Point X='345' Y='73' T='204' />
<Point X='341' Y='85' T='218' />
<Point X='331' Y='111' T='233' />
<Point X='326' Y='124' T='251' />
<Point X='320' Y='138' T='261' />
<Point X='313' Y='152' T='272' />
<Point X='303' Y='187' T='287' />
<Point X='298' Y='207' T='301' />
<Point X='293' Y='230' T='316' />
</Stroke>

</Gesture>
