<?xml version='1.0' encoding='utf-8' standalone='yes'?>
<Gesture Name ='12_1_12' Subject = 'test'  Speed = 'MEDIUM' NumPts = '88' InputType='finger' >

<Stroke index = '3' >
<Point X='366' Y='1' T='30' />
<Point X='366' Y='0' T='40' />
<Point X='365' Y='0' T='51' />
<Point X='365' Y='0' T='70' />
<Point X='363' Y='2' T='81' />
<Point X='355' Y='10' T='100' />
<Point X='348' Y='16' T='114' />
<Point X='342' Y='25' T='126' />
<Point X='329' Y='43' T='141' />
<Point X='324' Y='52' T='154' />
<Point X='319' Y='65' T='172' />
<Point X='315' Y='73' T='187' />
<Point X='308' Y='87' T='196' />
<Point X='304' Y='95' T='210' />
<Point X='292' Y='120' T='223' />
<Point X='284' Y='138' T='240' />
<Point X='278' Y='154' T='249' />
<Point X='272' Y='173' T='256' />
<Point X='264' Y='192' T='269' />
</Stroke>
<Stroke index = '1' >
<Point X='0' Y='645' T='0' />
<Point X='2' Y='641' T='38' />
<Point X='3' Y='639' T='49' />
<Point X='5' Y='637' T='67' />
<Point X='7' Y='633' T='78' />
<Point X='12' Y='624' T='97' />
<Point X='19' Y='618' T='111' />
<Point X='27' Y='611' T='123' />
<Point X='46' Y='594' T='139' />
<Point X='57' Y='584' T='151' />
<Point X='67' Y='575' T='170' />
<Point X='75' Y='566' T='183' />
<Point X='82' Y='557' T='193' />
<Point X='90' Y='549' T='208' />
<Point X='105' Y='532' T='221' />
<Point X='116' Y='519' T='238' />
<Point X='132' Y='504' T='248' />
<Point X='147' Y='487' T='256' />
<Point X='161' Y='468' T='267' />
</Stroke>
<Stroke index = '4' >
<Point X='531' Y='96' T='34' />
<Point X='530' Y='96' T='54' />
<Point X='530' Y='96' T='72' />
<Point X='530' Y='97' T='82' />
<Point X='526' Y='109' T='102' />
<Point X='522' Y='116' T='116' />
<Point X='515' Y='127' T='127' />
<Point X='503' Y='147' T='143' />
<Point X='496' Y='157' T='155' />
<Point X='487' Y='171' T='173' />
<Point X='480' Y='181' T='188' />
<Point X='470' Y='194' T='197' />
<Point X='462' Y='205' T='210' />
<Point X='440' Y='235' T='225' />
<Point X='427' Y='253' T='240' />
<Point X='412' Y='271' T='250' />
<Point X='396' Y='291' T='258' />
</Stroke>
<Stroke index = '5' >
<Point X='615' Y='318' T='26' />
<Point X='614' Y='318' T='69' />
<Point X='614' Y='318' T='80' />
<Point X='610' Y='322' T='99' />
<Point X='601' Y='327' T='113' />
<Point X='595' Y='331' T='125' />
<Point X='573' Y='343' T='140' />
<Point X='556' Y='350' T='153' />
<Point X='545' Y='354' T='170' />
<Point X='532' Y='360' T='185' />
<Point X='515' Y='367' T='195' />
<Point X='505' Y='372' T='209' />
<Point X='471' Y='390' T='222' />
<Point X='452' Y='400' T='238' />
<Point X='431' Y='412' T='249' />
</Stroke>
<Stroke index = '2' >
<Point X='168' Y='56' T='62' />
<Point X='168' Y='56' T='72' />
<Point X='167' Y='56' T='84' />
<Point X='163' Y='65' T='102' />
<Point X='161' Y='71' T='118' />
<Point X='159' Y='77' T='128' />
<Point X='158' Y='93' T='144' />
<Point X='159' Y='102' T='156' />
<Point X='160' Y='110' T='174' />
<Point X='162' Y='118' T='189' />
<Point X='163' Y='126' T='198' />
<Point X='164' Y='134' T='211' />
<Point X='166' Y='152' T='227' />
<Point X='166' Y='162' T='241' />
<Point X='166' Y='175' T='251' />
<Point X='166' Y='190' T='258' />
<Point X='166' Y='201' T='270' />
<Point X='165' Y='217' T='290' />
</Stroke>

</Gesture>
