<?xml version='1.0' encoding='utf-8' standalone='yes'?>
<Gesture Name ='12_1_8' Subject = 'test'  Speed = 'MEDIUM' NumPts = '96' InputType='finger' >

<Stroke index = '1' >
<Point X='0' Y='646' T='0' />
<Point X='0' Y='645' T='25' />
<Point X='2' Y='642' T='43' />
<Point X='5' Y='639' T='55' />
<Point X='8' Y='634' T='68' />
<Point X='13' Y='630' T='80' />
<Point X='25' Y='620' T='101' />
<Point X='33' Y='613' T='118' />
<Point X='40' Y='607' T='129' />
<Point X='50' Y='598' T='142' />
<Point X='58' Y='590' T='151' />
<Point X='80' Y='567' T='172' />
<Point X='93' Y='553' T='184' />
<Point X='114' Y='530' T='203' />
<Point X='123' Y='520' T='218' />
<Point X='142' Y='490' T='236' />
<Point X='152' Y='472' T='252' />
<Point X='174' Y='434' T='273' />
<Point X='184' Y='416' T='285' />
<Point X='191' Y='403' T='302' />
<Point X='197' Y='392' T='311' />
</Stroke>
<Stroke index = '2' >
<Point X='148' Y='59' T='12' />
<Point X='147' Y='59' T='29' />
<Point X='146' Y='58' T='44' />
<Point X='146' Y='58' T='56' />
<Point X='146' Y='60' T='69' />
<Point X='145' Y='63' T='82' />
<Point X='143' Y='76' T='102' />
<Point X='142' Y='82' T='120' />
<Point X='140' Y='92' T='129' />
<Point X='140' Y='100' T='144' />
<Point X='140' Y='109' T='152' />
<Point X='141' Y='131' T='173' />
<Point X='141' Y='143' T='187' />
<Point X='139' Y='164' T='204' />
<Point X='139' Y='172' T='219' />
<Point X='139' Y='192' T='238' />
<Point X='141' Y='206' T='253' />
<Point X='143' Y='222' T='276' />
<Point X='144' Y='227' T='287' />
<Point X='144' Y='229' T='302' />
<Point X='144' Y='230' T='316' />
<Point X='144' Y='233' T='332' />
</Stroke>
<Stroke index = '3' >
<Point X='336' Y='0' T='33' />
<Point X='335' Y='0' T='45' />
<Point X='333' Y='2' T='58' />
<Point X='328' Y='7' T='70' />
<Point X='323' Y='13' T='84' />
<Point X='312' Y='27' T='104' />
<Point X='306' Y='36' T='121' />
<Point X='300' Y='45' T='131' />
<Point X='293' Y='56' T='144' />
<Point X='287' Y='66' T='153' />
<Point X='273' Y='90' T='175' />
<Point X='267' Y='102' T='187' />
<Point X='253' Y='125' T='205' />
<Point X='249' Y='135' T='221' />
<Point X='238' Y='159' T='239' />
<Point X='232' Y='173' T='255' />
<Point X='224' Y='200' T='277' />
<Point X='222' Y='211' T='288' />
<Point X='219' Y='219' T='303' />
<Point X='217' Y='227' T='318' />
<Point X='218' Y='242' T='333' />
</Stroke>
<Stroke index = '4' >
<Point X='513' Y='101' T='36' />
<Point X='513' Y='101' T='46' />
<Point X='512' Y='101' T='60' />
<Point X='510' Y='104' T='71' />
<Point X='507' Y='110' T='85' />
<Point X='500' Y='124' T='106' />
<Point X='495' Y='134' T='122' />
<Point X='489' Y='142' T='132' />
<Point X='481' Y='152' T='146' />
<Point X='471' Y='163' T='154' />
<Point X='449' Y='185' T='176' />
<Point X='439' Y='195' T='189' />
<Point X='415' Y='217' T='206' />
<Point X='401' Y='230' T='222' />
<Point X='379' Y='257' T='241' />
<Point X='363' Y='275' T='256' />
<Point X='337' Y='307' T='279' />
<Point X='329' Y='316' T='290' />
</Stroke>
<Stroke index = '5' >
<Point X='571' Y='296' T='41' />
<Point X='570' Y='296' T='47' />
<Point X='570' Y='296' T='62' />
<Point X='568' Y='297' T='72' />
<Point X='566' Y='299' T='86' />
<Point X='550' Y='309' T='107' />
<Point X='542' Y='313' T='124' />
<Point X='528' Y='319' T='133' />
<Point X='519' Y='324' T='147' />
<Point X='503' Y='332' T='156' />
<Point X='474' Y='345' T='177' />
<Point X='458' Y='353' T='191' />
<Point X='429' Y='371' T='209' />
<Point X='415' Y='380' T='224' />
</Stroke>

</Gesture>
