<?xml version='1.0' encoding='utf-8' standalone='yes'?>
<Gesture Name ='12_1_9' Subject = 'test'  Speed = 'MEDIUM' NumPts = '74' InputType='finger' >

<Stroke index = '2' >
<Point X='185' Y='52' T='70' />
<Point X='184' Y='52' T='80' />
<Point X='184' Y='52' T='93' />
<Point X='183' Y='53' T='102' />
<Point X='180' Y='61' T='126' />
<Point X='178' Y='68' T='137' />
<Point X='177' Y='77' T='154' />
<Point X='177' Y='84' T='166' />
<Point X='177' Y='95' T='173' />
<Point X='177' Y='103' T='190' />
<Point X='178' Y='114' T='200' />
<Point X='179' Y='124' T='210' />
<Point X='179' Y='134' T='225' />
<Point X='179' Y='146' T='235' />
<Point X='178' Y='155' T='246' />
</Stroke>
<Stroke index = '5' >
<Point X='657' Y='354' T='73' />
<Point X='657' Y='354' T='82' />
<Point X='656' Y='354' T='127' />
<Point X='654' Y='356' T='139' />
<Point X='647' Y='362' T='155' />
<Point X='640' Y='368' T='167' />
<Point X='626' Y='376' T='174' />
<Point X='618' Y='380' T='191' />
<Point X='601' Y='387' T='202' />
<Point X='588' Y='393' T='212' />
<Point X='575' Y='398' T='225' />
<Point X='558' Y='403' T='236' />
<Point X='541' Y='409' T='246' />
</Stroke>
<Stroke index = '3' >
<Point X='380' Y='0' T='85' />
<Point X='379' Y='0' T='95' />
<Point X='378' Y='0' T='103' />
<Point X='372' Y='3' T='128' />
<Point X='367' Y='9' T='141' />
<Point X='362' Y='16' T='157' />
<Point X='357' Y='24' T='167' />
<Point X='352' Y='34' T='175' />
<Point X='348' Y='42' T='191' />
<Point X='344' Y='54' T='202' />
<Point X='340' Y='63' T='212' />
<Point X='335' Y='75' T='227' />
<Point X='330' Y='84' T='237' />
<Point X='324' Y='97' T='247' />
<Point X='315' Y='124' T='268' />
</Stroke>
<Stroke index = '4' >
<Point X='569' Y='105' T='89' />
<Point X='569' Y='105' T='106' />
<Point X='568' Y='108' T='130' />
<Point X='565' Y='115' T='144' />
<Point X='562' Y='122' T='159' />
<Point X='558' Y='130' T='167' />
<Point X='554' Y='141' T='177' />
<Point X='549' Y='149' T='194' />
<Point X='541' Y='162' T='203' />
<Point X='534' Y='170' T='213' />
<Point X='523' Y='183' T='228' />
<Point X='514' Y='191' T='239' />
<Point X='499' Y='206' T='247' />
</Stroke>
<Stroke index = '1' >
<Point X='0' Y='715' T='0' />
<Point X='7' Y='711' T='42' />
<Point X='10' Y='709' T='55' />
<Point X='12' Y='708' T='66' />
<Point X='13' Y='707' T='78' />
<Point X='15' Y='705' T='92' />
<Point X='17' Y='703' T='100' />
<Point X='25' Y='696' T='124' />
<Point X='30' Y='692' T='136' />
<Point X='36' Y='686' T='152' />
<Point X='46' Y='678' T='164' />
<Point X='54' Y='671' T='171' />
<Point X='67' Y='661' T='188' />
<Point X='75' Y='654' T='198' />
<Point X='91' Y='644' T='209' />
<Point X='99' Y='637' T='222' />
<Point X='116' Y='624' T='234' />
<Point X='130' Y='613' T='244' />
</Stroke>

</Gesture>
