<?xml version='1.0' encoding='utf-8' standalone='yes'?>
<Gesture Name ='12_1_13' Subject = 'test'  Speed = 'MEDIUM' NumPts = '92' InputType='finger' >

<Stroke index = '1' >
<Point X='0' Y='601' T='0' />
<Point X='7' Y='593' T='55' />
<Point X='8' Y='592' T='64' />
<Point X='10' Y='590' T='77' />
<Point X='13' Y='586' T='90' />
<Point X='18' Y='581' T='101' />
<Point X='26' Y='575' T='111' />
<Point X='32' Y='570' T='125' />
<Point X='43' Y='563' T='136' />
<Point X='64' Y='548' T='155' />
<Point X='72' Y='541' T='170' />
<Point X='80' Y='533' T='185' />
<Point X='90' Y='525' T='198' />
<Point X='96' Y='518' T='207' />
<Point X='106' Y='509' T='221' />
<Point X='121' Y='491' T='236' />
<Point X='130' Y='480' T='255' />
<Point X='140' Y='469' T='267' />
</Stroke>
<Stroke index = '5' >
<Point X='590' Y='270' T='43' />
<Point X='590' Y='269' T='57' />
<Point X='590' Y='269' T='65' />
<Point X='590' Y='269' T='78' />
<Point X='586' Y='270' T='92' />
<Point X='580' Y='273' T='102' />
<Point X='574' Y='276' T='112' />
<Point X='562' Y='282' T='126' />
<Point X='554' Y='288' T='138' />
<Point X='524' Y='303' T='156' />
<Point X='510' Y='311' T='171' />
<Point X='494' Y='319' T='187' />
<Point X='477' Y='329' T='199' />
<Point X='462' Y='337' T='207' />
<Point X='445' Y='345' T='223' />
<Point X='411' Y='364' T='238' />
<Point X='392' Y='375' T='255' />
<Point X='373' Y='385' T='269' />
<Point X='359' Y='397' T='278' />
</Stroke>
<Stroke index = '3' >
<Point X='312' Y='0' T='47' />
<Point X='311' Y='0' T='59' />
<Point X='310' Y='0' T='66' />
<Point X='309' Y='1' T='80' />
<Point X='305' Y='4' T='94' />
<Point X='299' Y='14' T='103' />
<Point X='293' Y='22' T='113' />
<Point X='287' Y='36' T='127' />
<Point X='283' Y='47' T='139' />
<Point X='273' Y='75' T='158' />
<Point X='267' Y='87' T='172' />
<Point X='262' Y='102' T='188' />
<Point X='257' Y='114' T='201' />
<Point X='249' Y='127' T='210' />
<Point X='243' Y='141' T='224' />
<Point X='230' Y='170' T='239' />
<Point X='224' Y='181' T='256' />
<Point X='219' Y='195' T='270' />
<Point X='217' Y='208' T='279' />
<Point X='214' Y='232' T='293' />
</Stroke>
<Stroke index = '4' >
<Point X='479' Y='75' T='61' />
<Point X='478' Y='75' T='68' />
<Point X='477' Y='77' T='82' />
<Point X='475' Y='82' T='95' />
<Point X='471' Y='92' T='105' />
<Point X='467' Y='103' T='115' />
<Point X='460' Y='115' T='129' />
<Point X='453' Y='128' T='140' />
<Point X='436' Y='159' T='158' />
<Point X='426' Y='176' T='173' />
<Point X='415' Y='190' T='188' />
<Point X='404' Y='207' T='202' />
<Point X='395' Y='217' T='211' />
<Point X='383' Y='235' T='225' />
<Point X='363' Y='262' T='241' />
<Point X='353' Y='277' T='257' />
<Point X='344' Y='295' T='271' />
</Stroke>
<Stroke index = '2' >
<Point X='138' Y='70' T='70' />
<Point X='138' Y='70' T='82' />
<Point X='137' Y='73' T='96' />
<Point X='137' Y='81' T='106' />
<Point X='137' Y='91' T='115' />
<Point X='137' Y='102' T='131' />
<Point X='137' Y='112' T='141' />
<Point X='137' Y='135' T='160' />
<Point X='137' Y='146' T='174' />
<Point X='137' Y='156' T='190' />
<Point X='137' Y='168' T='202' />
<Point X='135' Y='177' T='211' />
<Point X='133' Y='189' T='225' />
<Point X='128' Y='212' T='242' />
<Point X='127' Y='220' T='258' />
<Point X='127' Y='233' T='272' />
<Point X='128' Y='244' T='281' />
<Point X='130' Y='263' T='295' />
</Stroke>

</Gesture>
