<?xml version='1.0' encoding='utf-8' standalone='yes'?>
<Gesture Name ='1_1_5' Subject = 'test'  Speed = 'MEDIUM' NumPts = '275' InputType='finger' >

<Stroke index = '2' >
<Point X='186' Y='51' T='156' />
<Point X='186' Y='51' T='165' />
<Point X='186' Y='51' T='183' />
<Point X='186' Y='52' T='197' />
<Point X='186' Y='53' T='207' />
<Point X='186' Y='54' T='220' />
<Point X='186' Y='55' T='231' />
<Point X='186' Y='56' T='243' />
<Point X='186' Y='57' T='267' />
<Point X='185' Y='58' T='280' />
<Point X='185' Y='61' T='302' />
<Point X='185' Y='64' T='313' />
<Point X='185' Y='67' T='323' />
<Point X='185' Y='73' T='354' />
<Point X='185' Y='76' T='366' />
<Point X='184' Y='82' T='387' />
<Point X='182' Y='91' T='413' />
<Point X='181' Y='99' T='428' />
<Point X='180' Y='104' T='443' />
<Point X='179' Y='109' T='456' />
<Point X='178' Y='119' T='471' />
<Point X='178' Y='124' T='487' />
<Point X='178' Y='130' T='502' />
<Point X='178' Y='135' T='516' />
<Point X='178' Y='140' T='527' />
<Point X='177' Y='151' T='543' />
<Point X='177' Y='157' T='555' />
<Point X='176' Y='161' T='569' />
<Point X='176' Y='165' T='583' />
<Point X='175' Y='174' T='602' />
<Point X='175' Y='179' T='611' />
<Point X='174' Y='182' T='625' />
<Point X='174' Y='186' T='635' />
<Point X='174' Y='195' T='657' />
<Point X='174' Y='199' T='672' />
<Point X='174' Y='206' T='687' />
<Point X='174' Y='209' T='705' />
<Point X='174' Y='218' T='721' />
<Point X='174' Y='222' T='735' />
<Point X='173' Y='229' T='753' />
<Point X='173' Y='234' T='768' />
<Point X='172' Y='238' T='783' />
<Point X='172' Y='242' T='792' />
<Point X='171' Y='245' T='806' />
<Point X='171' Y='252' T='820' />
<Point X='171' Y='257' T='835' />
<Point X='172' Y='261' T='845' />
<Point X='172' Y='265' T='854' />
<Point X='173' Y='268' T='865' />
<Point X='175' Y='275' T='887' />
<Point X='176' Y='279' T='899' />
<Point X='177' Y='286' T='920' />
<Point X='178' Y='289' T='934' />
</Stroke>
<Stroke index = '1' >
<Point X='0' Y='522' T='97' />
<Point X='0' Y='522' T='116' />
<Point X='0' Y='522' T='131' />
<Point X='0' Y='521' T='182' />
<Point X='1' Y='521' T='190' />
<Point X='1' Y='521' T='196' />
<Point X='2' Y='521' T='206' />
<Point X='2' Y='521' T='219' />
<Point X='3' Y='521' T='231' />
<Point X='3' Y='521' T='241' />
<Point X='5' Y='520' T='267' />
<Point X='6' Y='520' T='277' />
<Point X='8' Y='518' T='302' />
<Point X='10' Y='517' T='312' />
<Point X='11' Y='516' T='323' />
<Point X='13' Y='513' T='353' />
<Point X='14' Y='512' T='366' />
<Point X='16' Y='509' T='386' />
<Point X='20' Y='505' T='412' />
<Point X='25' Y='502' T='427' />
<Point X='27' Y='501' T='441' />
<Point X='29' Y='499' T='454' />
<Point X='33' Y='496' T='470' />
<Point X='35' Y='494' T='487' />
<Point X='37' Y='492' T='502' />
<Point X='40' Y='490' T='515' />
<Point X='43' Y='488' T='526' />
<Point X='49' Y='484' T='542' />
<Point X='51' Y='482' T='554' />
<Point X='54' Y='481' T='568' />
<Point X='57' Y='479' T='582' />
<Point X='66' Y='474' T='601' />
<Point X='71' Y='471' T='610' />
<Point X='75' Y='468' T='624' />
<Point X='79' Y='465' T='635' />
<Point X='88' Y='461' T='655' />
<Point X='92' Y='460' T='671' />
<Point X='97' Y='457' T='687' />
<Point X='99' Y='455' T='703' />
<Point X='105' Y='452' T='720' />
<Point X='109' Y='450' T='735' />
<Point X='115' Y='446' T='751' />
<Point X='118' Y='444' T='768' />
<Point X='121' Y='442' T='782' />
<Point X='124' Y='440' T='790' />
<Point X='127' Y='438' T='805' />
<Point X='133' Y='436' T='819' />
<Point X='136' Y='435' T='833' />
<Point X='140' Y='433' T='844' />
<Point X='144' Y='431' T='853' />
<Point X='148' Y='429' T='864' />
<Point X='155' Y='426' T='886' />
<Point X='157' Y='424' T='898' />
<Point X='162' Y='422' T='918' />
<Point X='165' Y='420' T='933' />
</Stroke>
<Stroke index = '3' >
<Point X='379' Y='0' T='40' />
<Point X='379' Y='0' T='81' />
<Point X='378' Y='0' T='129' />
<Point X='378' Y='0' T='181' />
<Point X='377' Y='0' T='194' />
<Point X='377' Y='0' T='230' />
<Point X='376' Y='0' T='240' />
<Point X='376' Y='1' T='265' />
<Point X='375' Y='2' T='275' />
<Point X='374' Y='6' T='301' />
<Point X='374' Y='9' T='308' />
<Point X='373' Y='11' T='322' />
<Point X='372' Y='15' T='351' />
<Point X='371' Y='18' T='364' />
<Point X='369' Y='24' T='382' />
<Point X='367' Y='32' T='409' />
<Point X='365' Y='39' T='425' />
<Point X='364' Y='43' T='439' />
<Point X='363' Y='48' T='451' />
<Point X='359' Y='57' T='468' />
<Point X='357' Y='61' T='484' />
<Point X='355' Y='67' T='500' />
<Point X='352' Y='72' T='512' />
<Point X='350' Y='77' T='524' />
<Point X='347' Y='87' T='537' />
<Point X='345' Y='92' T='552' />
<Point X='344' Y='96' T='568' />
<Point X='343' Y='100' T='580' />
<Point X='340' Y='108' T='599' />
<Point X='338' Y='113' T='608' />
<Point X='337' Y='117' T='622' />
<Point X='335' Y='120' T='632' />
<Point X='331' Y='128' T='653' />
<Point X='329' Y='132' T='669' />
<Point X='327' Y='140' T='683' />
<Point X='326' Y='143' T='701' />
<Point X='325' Y='150' T='718' />
<Point X='324' Y='155' T='733' />
<Point X='321' Y='163' T='749' />
<Point X='319' Y='167' T='765' />
<Point X='316' Y='171' T='778' />
<Point X='313' Y='176' T='787' />
<Point X='311' Y='180' T='803' />
<Point X='307' Y='187' T='817' />
<Point X='306' Y='191' T='831' />
<Point X='304' Y='195' T='843' />
<Point X='303' Y='200' T='851' />
<Point X='303' Y='203' T='863' />
<Point X='301' Y='210' T='884' />
<Point X='300' Y='214' T='896' />
<Point X='298' Y='221' T='917' />
<Point X='297' Y='225' T='930' />
</Stroke>
<Stroke index = '5' >
<Point X='604' Y='179' T='54' />
<Point X='604' Y='179' T='61' />
<Point X='604' Y='179' T='115' />
<Point X='604' Y='179' T='138' />
<Point X='603' Y='179' T='154' />
<Point X='603' Y='179' T='164' />
<Point X='602' Y='179' T='182' />
<Point X='602' Y='179' T='189' />
<Point X='601' Y='179' T='196' />
<Point X='601' Y='180' T='205' />
<Point X='601' Y='180' T='218' />
<Point X='600' Y='180' T='231' />
<Point X='600' Y='181' T='240' />
<Point X='599' Y='182' T='266' />
<Point X='598' Y='182' T='276' />
<Point X='597' Y='184' T='302' />
<Point X='596' Y='185' T='310' />
<Point X='595' Y='187' T='322' />
<Point X='590' Y='192' T='352' />
<Point X='587' Y='196' T='365' />
<Point X='581' Y='201' T='384' />
<Point X='576' Y='205' T='410' />
<Point X='572' Y='209' T='425' />
<Point X='568' Y='212' T='440' />
<Point X='565' Y='215' T='453' />
<Point X='558' Y='223' T='469' />
<Point X='555' Y='226' T='486' />
<Point X='551' Y='229' T='502' />
<Point X='547' Y='234' T='513' />
<Point X='542' Y='238' T='524' />
<Point X='535' Y='245' T='538' />
<Point X='533' Y='248' T='552' />
<Point X='530' Y='251' T='568' />
<Point X='527' Y='254' T='581' />
<Point X='520' Y='261' T='600' />
<Point X='518' Y='263' T='609' />
<Point X='515' Y='265' T='624' />
<Point X='514' Y='267' T='633' />
<Point X='511' Y='271' T='654' />
<Point X='509' Y='273' T='669' />
<Point X='503' Y='278' T='685' />
<Point X='501' Y='281' T='702' />
<Point X='496' Y='286' T='719' />
<Point X='494' Y='287' T='734' />
<Point X='491' Y='290' T='750' />
<Point X='490' Y='291' T='767' />
<Point X='488' Y='293' T='781' />
<Point X='486' Y='295' T='789' />
<Point X='483' Y='297' T='803' />
<Point X='478' Y='302' T='819' />
<Point X='476' Y='305' T='833' />
<Point X='474' Y='307' T='843' />
<Point X='472' Y='309' T='851' />
<Point X='471' Y='310' T='864' />
<Point X='467' Y='314' T='885' />
<Point X='465' Y='317' T='898' />
<Point X='460' Y='324' T='918' />
<Point X='458' Y='326' T='932' />
</Stroke>
<Stroke index = '4' >
<Point X='491' Y='58' T='0' />
<Point X='491' Y='58' T='50' />
<Point X='491' Y='58' T='78' />
<Point X='491' Y='58' T='95' />
<Point X='491' Y='58' T='113' />
<Point X='491' Y='58' T='128' />
<Point X='491' Y='58' T='152' />
<Point X='491' Y='58' T='163' />
<Point X='491' Y='58' T='179' />
<Point X='491' Y='58' T='188' />
<Point X='491' Y='58' T='217' />
<Point X='491' Y='58' T='229' />
<Point X='491' Y='59' T='264' />
<Point X='491' Y='60' T='275' />
<Point X='491' Y='63' T='300' />
<Point X='491' Y='65' T='307' />
<Point X='491' Y='68' T='321' />
<Point X='490' Y='73' T='349' />
<Point X='489' Y='76' T='363' />
<Point X='486' Y='80' T='381' />
<Point X='480' Y='86' T='408' />
<Point X='474' Y='94' T='424' />
<Point X='472' Y='97' T='437' />
<Point X='470' Y='100' T='448' />
<Point X='465' Y='109' T='468' />
<Point X='462' Y='115' T='483' />
<Point X='458' Y='119' T='499' />
<Point X='455' Y='123' T='511' />
<Point X='452' Y='128' T='523' />
<Point X='446' Y='138' T='537' />
<Point X='443' Y='141' T='549' />
<Point X='440' Y='144' T='566' />
<Point X='437' Y='148' T='577' />
<Point X='431' Y='156' T='597' />
<Point X='430' Y='159' T='606' />
<Point X='428' Y='162' T='620' />
<Point X='427' Y='164' T='632' />
<Point X='424' Y='171' T='652' />
<Point X='422' Y='175' T='668' />
<Point X='418' Y='182' T='682' />
<Point X='416' Y='184' T='699' />
<Point X='412' Y='189' T='716' />
<Point X='410' Y='193' T='732' />
<Point X='405' Y='201' T='748' />
<Point X='402' Y='204' T='764' />
<Point X='400' Y='206' T='777' />
<Point X='397' Y='209' T='786' />
<Point X='394' Y='212' T='802' />
<Point X='389' Y='220' T='817' />
<Point X='387' Y='223' T='829' />
<Point X='386' Y='226' T='842' />
<Point X='384' Y='228' T='850' />
<Point X='382' Y='232' T='861' />
<Point X='378' Y='240' T='884' />
<Point X='375' Y='243' T='895' />
<Point X='371' Y='247' T='916' />
<Point X='369' Y='250' T='929' />
</Stroke>

</Gesture>
