<?xml version='1.0' encoding='utf-8' standalone='yes'?>
<Gesture Name ='1_1_8' Subject = 'test'  Speed = 'MEDIUM' NumPts = '283' InputType='finger' >

<Stroke index = '2' >
<Point X='163' Y='59' T='45' />
<Point X='163' Y='59' T='64' />
<Point X='163' Y='59' T='84' />
<Point X='163' Y='59' T='102' />
<Point X='163' Y='59' T='132' />
<Point X='163' Y='60' T='152' />
<Point X='163' Y='60' T='169' />
<Point X='162' Y='61' T='178' />
<Point X='162' Y='61' T='190' />
<Point X='162' Y='62' T='206' />
<Point X='162' Y='64' T='214' />
<Point X='162' Y='67' T='225' />
<Point X='162' Y='70' T='234' />
<Point X='162' Y='73' T='253' />
<Point X='162' Y='76' T='263' />
<Point X='163' Y='78' T='271' />
<Point X='163' Y='92' T='303' />
<Point X='163' Y='97' T='318' />
<Point X='164' Y='101' T='339' />
<Point X='163' Y='113' T='357' />
<Point X='163' Y='118' T='370' />
<Point X='162' Y='123' T='379' />
<Point X='162' Y='131' T='393' />
<Point X='162' Y='145' T='406' />
<Point X='162' Y='153' T='420' />
<Point X='162' Y='159' T='431' />
<Point X='161' Y='165' T='440' />
<Point X='160' Y='171' T='453' />
<Point X='159' Y='177' T='466' />
<Point X='158' Y='182' T='473' />
<Point X='157' Y='187' T='488' />
<Point X='156' Y='192' T='494' />
<Point X='156' Y='203' T='521' />
<Point X='156' Y='208' T='533' />
<Point X='156' Y='215' T='546' />
<Point X='155' Y='221' T='556' />
<Point X='155' Y='225' T='568' />
<Point X='155' Y='231' T='580' />
<Point X='154' Y='237' T='590' />
<Point X='153' Y='243' T='605' />
<Point X='153' Y='248' T='618' />
<Point X='152' Y='254' T='627' />
<Point X='151' Y='261' T='638' />
<Point X='151' Y='266' T='650' />
<Point X='151' Y='271' T='657' />
<Point X='151' Y='279' T='669' />
<Point X='152' Y='284' T='679' />
<Point X='152' Y='288' T='690' />
<Point X='153' Y='292' T='702' />
<Point X='154' Y='297' T='710' />
<Point X='156' Y='301' T='721' />
<Point X='157' Y='306' T='738' />
<Point X='158' Y='309' T='742' />
<Point X='159' Y='311' T='754' />
<Point X='160' Y='315' T='773' />
</Stroke>
<Stroke index = '1' >
<Point X='1' Y='514' T='21' />
<Point X='1' Y='514' T='36' />
<Point X='1' Y='513' T='42' />
<Point X='1' Y='513' T='50' />
<Point X='1' Y='512' T='64' />
<Point X='1' Y='512' T='74' />
<Point X='0' Y='512' T='82' />
<Point X='0' Y='511' T='119' />
<Point X='0' Y='510' T='132' />
<Point X='0' Y='510' T='152' />
<Point X='0' Y='509' T='160' />
<Point X='0' Y='509' T='168' />
<Point X='1' Y='508' T='178' />
<Point X='1' Y='507' T='189' />
<Point X='2' Y='506' T='205' />
<Point X='3' Y='505' T='212' />
<Point X='4' Y='504' T='223' />
<Point X='5' Y='503' T='233' />
<Point X='6' Y='503' T='253' />
<Point X='7' Y='502' T='262' />
<Point X='8' Y='501' T='271' />
<Point X='13' Y='498' T='303' />
<Point X='14' Y='497' T='318' />
<Point X='15' Y='497' T='339' />
<Point X='17' Y='495' T='356' />
<Point X='18' Y='494' T='370' />
<Point X='20' Y='493' T='378' />
<Point X='22' Y='492' T='392' />
<Point X='27' Y='488' T='405' />
<Point X='31' Y='486' T='420' />
<Point X='34' Y='485' T='430' />
<Point X='36' Y='484' T='438' />
<Point X='38' Y='483' T='452' />
<Point X='40' Y='482' T='466' />
<Point X='42' Y='481' T='472' />
<Point X='44' Y='481' T='487' />
<Point X='46' Y='480' T='494' />
<Point X='52' Y='478' T='521' />
<Point X='55' Y='477' T='532' />
<Point X='58' Y='476' T='545' />
<Point X='61' Y='475' T='555' />
<Point X='64' Y='473' T='568' />
<Point X='66' Y='472' T='579' />
<Point X='70' Y='470' T='589' />
<Point X='75' Y='468' T='603' />
<Point X='79' Y='466' T='616' />
<Point X='84' Y='464' T='625' />
<Point X='89' Y='461' T='637' />
<Point X='96' Y='457' T='649' />
<Point X='102' Y='452' T='656' />
<Point X='110' Y='448' T='668' />
<Point X='117' Y='444' T='678' />
<Point X='124' Y='441' T='689' />
<Point X='130' Y='438' T='701' />
<Point X='137' Y='435' T='710' />
<Point X='141' Y='433' T='720' />
<Point X='145' Y='432' T='737' />
<Point X='148' Y='430' T='741' />
<Point X='152' Y='428' T='753' />
<Point X='157' Y='426' T='772' />
</Stroke>
<Stroke index = '5' >
<Point X='562' Y='166' T='-11' />
<Point X='562' Y='166' T='35' />
<Point X='562' Y='165' T='50' />
<Point X='562' Y='165' T='72' />
<Point X='561' Y='165' T='129' />
<Point X='561' Y='165' T='158' />
<Point X='561' Y='165' T='166' />
<Point X='560' Y='165' T='186' />
<Point X='560' Y='165' T='202' />
<Point X='560' Y='166' T='210' />
<Point X='559' Y='168' T='220' />
<Point X='558' Y='170' T='230' />
<Point X='557' Y='174' T='251' />
<Point X='555' Y='177' T='258' />
<Point X='553' Y='180' T='268' />
<Point X='542' Y='192' T='301' />
<Point X='538' Y='198' T='314' />
<Point X='535' Y='202' T='335' />
<Point X='528' Y='210' T='353' />
<Point X='524' Y='214' T='366' />
<Point X='521' Y='219' T='375' />
<Point X='518' Y='223' T='389' />
<Point X='511' Y='233' T='402' />
<Point X='505' Y='239' T='416' />
<Point X='501' Y='244' T='427' />
<Point X='498' Y='248' T='436' />
<Point X='494' Y='253' T='448' />
<Point X='490' Y='258' T='461' />
<Point X='487' Y='262' T='470' />
<Point X='484' Y='265' T='485' />
<Point X='481' Y='267' T='491' />
<Point X='477' Y='273' T='518' />
<Point X='476' Y='276' T='530' />
<Point X='473' Y='280' T='540' />
<Point X='471' Y='284' T='552' />
<Point X='468' Y='287' T='564' />
<Point X='465' Y='289' T='575' />
<Point X='462' Y='293' T='586' />
<Point X='459' Y='296' T='601' />
<Point X='456' Y='301' T='613' />
<Point X='454' Y='304' T='621' />
<Point X='451' Y='307' T='633' />
<Point X='448' Y='309' T='646' />
<Point X='446' Y='311' T='653' />
<Point X='442' Y='314' T='665' />
<Point X='440' Y='317' T='675' />
<Point X='438' Y='320' T='686' />
<Point X='436' Y='323' T='698' />
<Point X='434' Y='326' T='709' />
<Point X='433' Y='328' T='719' />
<Point X='433' Y='329' T='737' />
<Point X='432' Y='330' T='740' />
<Point X='431' Y='331' T='753' />
<Point X='430' Y='332' T='770' />
<Point X='429' Y='333' T='778' />
</Stroke>
<Stroke index = '4' >
<Point X='461' Y='55' T='8' />
<Point X='461' Y='55' T='19' />
<Point X='461' Y='55' T='119' />
<Point X='461' Y='55' T='131' />
<Point X='461' Y='55' T='152' />
<Point X='460' Y='56' T='160' />
<Point X='460' Y='56' T='167' />
<Point X='459' Y='57' T='177' />
<Point X='459' Y='58' T='188' />
<Point X='458' Y='59' T='205' />
<Point X='458' Y='61' T='211' />
<Point X='457' Y='63' T='223' />
<Point X='457' Y='66' T='233' />
<Point X='456' Y='70' T='253' />
<Point X='456' Y='73' T='261' />
<Point X='455' Y='77' T='270' />
<Point X='447' Y='92' T='302' />
<Point X='444' Y='97' T='317' />
<Point X='441' Y='102' T='338' />
<Point X='436' Y='112' T='355' />
<Point X='434' Y='117' T='368' />
<Point X='432' Y='122' T='377' />
<Point X='429' Y='127' T='391' />
<Point X='420' Y='139' T='404' />
<Point X='417' Y='145' T='419' />
<Point X='414' Y='152' T='429' />
<Point X='411' Y='158' T='437' />
<Point X='408' Y='162' T='450' />
<Point X='405' Y='166' T='465' />
<Point X='402' Y='171' T='471' />
<Point X='399' Y='176' T='487' />
<Point X='396' Y='180' T='493' />
<Point X='393' Y='187' T='520' />
<Point X='391' Y='191' T='532' />
<Point X='388' Y='196' T='543' />
<Point X='385' Y='201' T='553' />
<Point X='382' Y='204' T='566' />
<Point X='379' Y='208' T='578' />
<Point X='376' Y='213' T='588' />
<Point X='373' Y='219' T='603' />
<Point X='372' Y='223' T='615' />
<Point X='370' Y='226' T='623' />
<Point X='367' Y='231' T='636' />
<Point X='364' Y='236' T='649' />
<Point X='361' Y='241' T='656' />
<Point X='358' Y='245' T='667' />
<Point X='356' Y='248' T='677' />
<Point X='354' Y='251' T='688' />
<Point X='353' Y='254' T='700' />
<Point X='351' Y='258' T='710' />
<Point X='350' Y='261' T='720' />
<Point X='349' Y='263' T='737' />
<Point X='349' Y='265' T='741' />
<Point X='348' Y='267' T='753' />
<Point X='347' Y='268' T='771' />
<Point X='346' Y='270' T='781' />
</Stroke>
<Stroke index = '3' >
<Point X='352' Y='0' T='0' />
<Point X='352' Y='0' T='6' />
<Point X='352' Y='0' T='17' />
<Point X='352' Y='0' T='102' />
<Point X='351' Y='0' T='118' />
<Point X='351' Y='0' T='130' />
<Point X='351' Y='1' T='150' />
<Point X='350' Y='1' T='160' />
<Point X='350' Y='2' T='167' />
<Point X='349' Y='4' T='176' />
<Point X='349' Y='6' T='187' />
<Point X='348' Y='8' T='204' />
<Point X='347' Y='11' T='210' />
<Point X='346' Y='13' T='221' />
<Point X='345' Y='15' T='231' />
<Point X='344' Y='18' T='251' />
<Point X='343' Y='22' T='260' />
<Point X='342' Y='27' T='269' />
<Point X='337' Y='41' T='302' />
<Point X='336' Y='46' T='315' />
<Point X='334' Y='51' T='337' />
<Point X='332' Y='61' T='354' />
<Point X='330' Y='67' T='368' />
<Point X='329' Y='74' T='376' />
<Point X='328' Y='79' T='390' />
<Point X='324' Y='94' T='403' />
<Point X='322' Y='100' T='418' />
<Point X='319' Y='108' T='429' />
<Point X='317' Y='114' T='437' />
<Point X='315' Y='120' T='449' />
<Point X='313' Y='125' T='462' />
<Point X='311' Y='131' T='470' />
<Point X='310' Y='136' T='486' />
<Point X='309' Y='140' T='493' />
<Point X='307' Y='149' T='520' />
<Point X='305' Y='154' T='531' />
<Point X='303' Y='159' T='541' />
<Point X='301' Y='164' T='553' />
<Point X='299' Y='169' T='566' />
<Point X='296' Y='174' T='577' />
<Point X='294' Y='179' T='587' />
<Point X='292' Y='184' T='602' />
<Point X='291' Y='189' T='615' />
<Point X='289' Y='194' T='622' />
<Point X='287' Y='200' T='634' />
<Point X='286' Y='205' T='647' />
<Point X='283' Y='211' T='655' />
<Point X='281' Y='217' T='666' />
<Point X='279' Y='222' T='676' />
<Point X='277' Y='227' T='687' />
<Point X='275' Y='231' T='699' />
<Point X='274' Y='235' T='709' />
<Point X='272' Y='239' T='719' />
<Point X='271' Y='242' T='737' />
<Point X='270' Y='245' T='741' />
<Point X='270' Y='247' T='753' />
<Point X='269' Y='249' T='770' />
</Stroke>

</Gesture>
