<?xml version='1.0' encoding='utf-8' standalone='yes'?>
<Gesture Name ='1_1_10' Subject = 'test'  Speed = 'MEDIUM' NumPts = '268' InputType='finger' >

<Stroke index = '1' >
<Point X='1' Y='522' T='53' />
<Point X='1' Y='521' T='60' />
<Point X='1' Y='521' T='75' />
<Point X='0' Y='520' T='85' />
<Point X='0' Y='520' T='96' />
<Point X='0' Y='519' T='108' />
<Point X='0' Y='519' T='116' />
<Point X='0' Y='518' T='132' />
<Point X='0' Y='518' T='138' />
<Point X='0' Y='517' T='152' />
<Point X='0' Y='517' T='159' />
<Point X='0' Y='516' T='173' />
<Point X='0' Y='515' T='182' />
<Point X='0' Y='513' T='206' />
<Point X='0' Y='513' T='224' />
<Point X='0' Y='512' T='235' />
<Point X='1' Y='511' T='246' />
<Point X='2' Y='510' T='255' />
<Point X='3' Y='509' T='266' />
<Point X='4' Y='508' T='287' />
<Point X='5' Y='507' T='296' />
<Point X='7' Y='505' T='325' />
<Point X='8' Y='504' T='335' />
<Point X='9' Y='503' T='350' />
<Point X='10' Y='502' T='357' />
<Point X='11' Y='501' T='371' />
<Point X='12' Y='500' T='379' />
<Point X='14' Y='499' T='392' />
<Point X='16' Y='498' T='404' />
<Point X='18' Y='497' T='416' />
<Point X='20' Y='497' T='426' />
<Point X='22' Y='496' T='438' />
<Point X='24' Y='495' T='447' />
<Point X='27' Y='493' T='458' />
<Point X='29' Y='492' T='476' />
<Point X='31' Y='491' T='486' />
<Point X='34' Y='490' T='493' />
<Point X='37' Y='489' T='504' />
<Point X='40' Y='488' T='516' />
<Point X='44' Y='488' T='525' />
<Point X='46' Y='487' T='543' />
<Point X='49' Y='487' T='553' />
<Point X='51' Y='486' T='561' />
<Point X='53' Y='485' T='573' />
<Point X='59' Y='482' T='593' />
<Point X='64' Y='480' T='607' />
<Point X='68' Y='478' T='620' />
<Point X='72' Y='476' T='628' />
<Point X='76' Y='474' T='644' />
<Point X='80' Y='472' T='660' />
<Point X='84' Y='470' T='666' />
<Point X='88' Y='469' T='679' />
<Point X='92' Y='468' T='693' />
<Point X='101' Y='465' T='714' />
<Point X='106' Y='463' T='727' />
<Point X='118' Y='459' T='743' />
<Point X='124' Y='457' T='759' />
<Point X='129' Y='455' T='774' />
<Point X='133' Y='454' T='785' />
<Point X='136' Y='453' T='797' />
</Stroke>
<Stroke index = '5' >
<Point X='545' Y='157' T='0' />
<Point X='545' Y='155' T='59' />
<Point X='545' Y='154' T='74' />
<Point X='545' Y='154' T='84' />
<Point X='545' Y='153' T='93' />
<Point X='545' Y='153' T='107' />
<Point X='545' Y='152' T='116' />
<Point X='545' Y='152' T='131' />
<Point X='545' Y='151' T='138' />
<Point X='545' Y='151' T='150' />
<Point X='545' Y='151' T='172' />
<Point X='545' Y='152' T='244' />
<Point X='544' Y='153' T='253' />
<Point X='543' Y='155' T='264' />
<Point X='542' Y='158' T='285' />
<Point X='540' Y='162' T='294' />
<Point X='533' Y='171' T='324' />
<Point X='531' Y='175' T='334' />
<Point X='529' Y='181' T='348' />
<Point X='527' Y='186' T='357' />
<Point X='524' Y='190' T='369' />
<Point X='521' Y='195' T='377' />
<Point X='516' Y='201' T='391' />
<Point X='513' Y='207' T='404' />
<Point X='510' Y='211' T='414' />
<Point X='508' Y='217' T='425' />
<Point X='505' Y='223' T='437' />
<Point X='501' Y='229' T='446' />
<Point X='497' Y='234' T='457' />
<Point X='492' Y='241' T='475' />
<Point X='488' Y='248' T='486' />
<Point X='484' Y='254' T='491' />
<Point X='480' Y='261' T='502' />
<Point X='476' Y='267' T='515' />
<Point X='472' Y='272' T='524' />
<Point X='469' Y='277' T='541' />
<Point X='466' Y='281' T='552' />
<Point X='464' Y='286' T='559' />
<Point X='461' Y='289' T='571' />
<Point X='456' Y='295' T='592' />
<Point X='454' Y='297' T='605' />
<Point X='451' Y='301' T='618' />
<Point X='448' Y='307' T='627' />
<Point X='446' Y='311' T='643' />
<Point X='443' Y='315' T='658' />
<Point X='441' Y='318' T='665' />
<Point X='437' Y='323' T='678' />
<Point X='434' Y='327' T='692' />
<Point X='430' Y='335' T='711' />
<Point X='428' Y='338' T='726' />
<Point X='424' Y='347' T='742' />
<Point X='422' Y='351' T='757' />
<Point X='420' Y='355' T='773' />
<Point X='418' Y='357' T='783' />
<Point X='416' Y='359' T='796' />
</Stroke>
<Stroke index = '2' >
<Point X='160' Y='63' T='155' />
<Point X='160' Y='63' T='160' />
<Point X='160' Y='63' T='185' />
<Point X='159' Y='64' T='208' />
<Point X='159' Y='65' T='228' />
<Point X='159' Y='66' T='238' />
<Point X='159' Y='67' T='248' />
<Point X='159' Y='68' T='258' />
<Point X='159' Y='70' T='267' />
<Point X='159' Y='73' T='290' />
<Point X='159' Y='76' T='299' />
<Point X='159' Y='85' T='327' />
<Point X='159' Y='89' T='341' />
<Point X='159' Y='93' T='353' />
<Point X='159' Y='98' T='360' />
<Point X='159' Y='103' T='374' />
<Point X='159' Y='107' T='381' />
<Point X='159' Y='112' T='395' />
<Point X='159' Y='118' T='407' />
<Point X='159' Y='123' T='418' />
<Point X='159' Y='129' T='428' />
<Point X='159' Y='135' T='442' />
<Point X='159' Y='141' T='448' />
<Point X='159' Y='148' T='461' />
<Point X='159' Y='155' T='478' />
<Point X='159' Y='163' T='488' />
<Point X='159' Y='169' T='495' />
<Point X='159' Y='177' T='506' />
<Point X='159' Y='184' T='518' />
<Point X='159' Y='191' T='528' />
<Point X='159' Y='198' T='545' />
<Point X='159' Y='204' T='555' />
<Point X='159' Y='209' T='563' />
<Point X='159' Y='215' T='575' />
<Point X='158' Y='228' T='596' />
<Point X='158' Y='234' T='609' />
<Point X='158' Y='241' T='624' />
<Point X='158' Y='247' T='631' />
<Point X='157' Y='253' T='647' />
<Point X='157' Y='259' T='661' />
<Point X='157' Y='265' T='669' />
<Point X='157' Y='270' T='682' />
<Point X='157' Y='275' T='695' />
<Point X='157' Y='287' T='717' />
<Point X='157' Y='292' T='730' />
<Point X='157' Y='303' T='746' />
<Point X='157' Y='309' T='763' />
<Point X='157' Y='314' T='778' />
<Point X='157' Y='318' T='787' />
<Point X='158' Y='322' T='800' />
</Stroke>
<Stroke index = '3' >
<Point X='340' Y='1' T='68' />
<Point X='340' Y='1' T='78' />
<Point X='340' Y='0' T='96' />
<Point X='340' Y='0' T='139' />
<Point X='339' Y='0' T='184' />
<Point X='339' Y='1' T='208' />
<Point X='339' Y='2' T='227' />
<Point X='339' Y='3' T='236' />
<Point X='338' Y='5' T='247' />
<Point X='338' Y='7' T='257' />
<Point X='338' Y='11' T='267' />
<Point X='338' Y='14' T='289' />
<Point X='337' Y='18' T='298' />
<Point X='334' Y='31' T='326' />
<Point X='333' Y='36' T='340' />
<Point X='331' Y='40' T='352' />
<Point X='330' Y='45' T='360' />
<Point X='328' Y='50' T='374' />
<Point X='327' Y='55' T='381' />
<Point X='325' Y='61' T='393' />
<Point X='324' Y='66' T='407' />
<Point X='322' Y='71' T='418' />
<Point X='321' Y='78' T='427' />
<Point X='320' Y='84' T='441' />
<Point X='319' Y='90' T='447' />
<Point X='317' Y='97' T='460' />
<Point X='315' Y='103' T='477' />
<Point X='313' Y='110' T='488' />
<Point X='311' Y='118' T='495' />
<Point X='308' Y='124' T='506' />
<Point X='306' Y='130' T='518' />
<Point X='304' Y='138' T='527' />
<Point X='302' Y='144' T='544' />
<Point X='301' Y='149' T='555' />
<Point X='300' Y='155' T='562' />
<Point X='299' Y='161' T='574' />
<Point X='297' Y='171' T='595' />
<Point X='295' Y='177' T='608' />
<Point X='293' Y='183' T='623' />
<Point X='290' Y='188' T='630' />
<Point X='288' Y='194' T='645' />
<Point X='285' Y='201' T='661' />
<Point X='284' Y='206' T='669' />
<Point X='282' Y='211' T='681' />
<Point X='281' Y='216' T='695' />
<Point X='279' Y='226' T='716' />
<Point X='278' Y='230' T='729' />
<Point X='276' Y='241' T='745' />
<Point X='274' Y='247' T='761' />
<Point X='273' Y='252' T='777' />
<Point X='272' Y='256' T='786' />
<Point X='270' Y='260' T='799' />
</Stroke>
<Stroke index = '4' >
<Point X='445' Y='47' T='66' />
<Point X='445' Y='47' T='76' />
<Point X='445' Y='47' T='109' />
<Point X='445' Y='47' T='183' />
<Point X='445' Y='47' T='207' />
<Point X='445' Y='47' T='226' />
<Point X='444' Y='48' T='235' />
<Point X='444' Y='49' T='247' />
<Point X='444' Y='51' T='256' />
<Point X='443' Y='54' T='266' />
<Point X='443' Y='58' T='288' />
<Point X='442' Y='61' T='297' />
<Point X='438' Y='70' T='326' />
<Point X='436' Y='76' T='337' />
<Point X='433' Y='81' T='351' />
<Point X='431' Y='85' T='359' />
<Point X='429' Y='90' T='372' />
<Point X='427' Y='97' T='379' />
<Point X='425' Y='102' T='392' />
<Point X='424' Y='107' T='405' />
<Point X='422' Y='112' T='417' />
<Point X='420' Y='119' T='427' />
<Point X='418' Y='124' T='440' />
<Point X='415' Y='129' T='447' />
<Point X='411' Y='137' T='459' />
<Point X='408' Y='143' T='477' />
<Point X='405' Y='149' T='487' />
<Point X='403' Y='156' T='494' />
<Point X='401' Y='164' T='505' />
<Point X='399' Y='169' T='517' />
<Point X='395' Y='174' T='526' />
<Point X='391' Y='182' T='543' />
<Point X='388' Y='187' T='554' />
<Point X='386' Y='191' T='561' />
<Point X='384' Y='195' T='574' />
<Point X='380' Y='206' T='594' />
<Point X='378' Y='210' T='607' />
<Point X='374' Y='215' T='622' />
<Point X='371' Y='221' T='629' />
<Point X='368' Y='227' T='645' />
<Point X='365' Y='231' T='660' />
<Point X='364' Y='235' T='668' />
<Point X='362' Y='241' T='680' />
<Point X='361' Y='246' T='694' />
<Point X='358' Y='253' T='715' />
<Point X='357' Y='256' T='728' />
<Point X='352' Y='267' T='744' />
<Point X='349' Y='272' T='760' />
<Point X='347' Y='275' T='776' />
<Point X='345' Y='280' T='786' />
<Point X='344' Y='284' T='798' />
</Stroke>

</Gesture>
