<?xml version='1.0' encoding='utf-8' standalone='yes'?>
<Gesture Name ='1_1_1' Subject = 'test'  Speed = 'MEDIUM' NumPts = '246' InputType='finger' >

<Stroke index = '4' >
<Point X='537' Y='59' T='31' />
<Point X='537' Y='59' T='59' />
<Point X='536' Y='59' T='67' />
<Point X='535' Y='61' T='82' />
<Point X='534' Y='64' T='100' />
<Point X='532' Y='68' T='111' />
<Point X='529' Y='74' T='124' />
<Point X='528' Y='77' T='141' />
<Point X='526' Y='80' T='150' />
<Point X='524' Y='84' T='159' />
<Point X='522' Y='88' T='175' />
<Point X='519' Y='93' T='185' />
<Point X='516' Y='97' T='195' />
<Point X='513' Y='100' T='209' />
<Point X='510' Y='105' T='219' />
<Point X='507' Y='109' T='228' />
<Point X='505' Y='114' T='243' />
<Point X='502' Y='119' T='255' />
<Point X='499' Y='123' T='261' />
<Point X='495' Y='129' T='277' />
<Point X='491' Y='135' T='290' />
<Point X='487' Y='141' T='303' />
<Point X='483' Y='148' T='312' />
<Point X='478' Y='155' T='326' />
<Point X='474' Y='161' T='339' />
<Point X='469' Y='168' T='348' />
<Point X='464' Y='176' T='358' />
<Point X='460' Y='181' T='366' />
<Point X='454' Y='189' T='374' />
<Point X='448' Y='197' T='384' />
<Point X='443' Y='203' T='396' />
<Point X='435' Y='211' T='408' />
<Point X='428' Y='219' T='424' />
<Point X='423' Y='224' T='432' />
<Point X='417' Y='231' T='441' />
<Point X='412' Y='237' T='460' />
<Point X='407' Y='243' T='465' />
<Point X='404' Y='248' T='479' />
<Point X='401' Y='253' T='490' />
<Point X='397' Y='258' T='499' />
<Point X='394' Y='263' T='514' />
<Point X='391' Y='267' T='526' />
<Point X='388' Y='270' T='537' />
<Point X='385' Y='274' T='551' />
<Point X='383' Y='279' T='560' />
<Point X='381' Y='282' T='570' />
<Point X='380' Y='286' T='580' />
<Point X='378' Y='289' T='590' />
</Stroke>
<Stroke index = '3' >
<Point X='390' Y='0' T='33' />
<Point X='390' Y='0' T='51' />
<Point X='390' Y='0' T='59' />
<Point X='390' Y='0' T='68' />
<Point X='390' Y='1' T='82' />
<Point X='389' Y='3' T='101' />
<Point X='389' Y='6' T='111' />
<Point X='388' Y='12' T='125' />
<Point X='388' Y='16' T='141' />
<Point X='388' Y='20' T='150' />
<Point X='387' Y='24' T='159' />
<Point X='386' Y='29' T='177' />
<Point X='386' Y='33' T='186' />
<Point X='385' Y='37' T='197' />
<Point X='384' Y='41' T='210' />
<Point X='383' Y='46' T='221' />
<Point X='382' Y='51' T='228' />
<Point X='381' Y='55' T='244' />
<Point X='379' Y='61' T='256' />
<Point X='378' Y='67' T='262' />
<Point X='376' Y='73' T='279' />
<Point X='374' Y='81' T='290' />
<Point X='372' Y='88' T='305' />
<Point X='370' Y='95' T='313' />
<Point X='367' Y='103' T='327' />
<Point X='365' Y='110' T='339' />
<Point X='362' Y='118' T='349' />
<Point X='359' Y='125' T='359' />
<Point X='356' Y='133' T='367' />
<Point X='353' Y='141' T='375' />
<Point X='349' Y='149' T='385' />
<Point X='345' Y='157' T='396' />
<Point X='341' Y='166' T='408' />
<Point X='337' Y='174' T='425' />
<Point X='333' Y='181' T='434' />
<Point X='329' Y='187' T='442' />
<Point X='325' Y='195' T='460' />
<Point X='322' Y='200' T='465' />
<Point X='318' Y='206' T='479' />
<Point X='315' Y='212' T='490' />
<Point X='311' Y='220' T='500' />
<Point X='308' Y='225' T='514' />
<Point X='304' Y='231' T='527' />
<Point X='302' Y='237' T='537' />
<Point X='301' Y='242' T='552' />
<Point X='300' Y='246' T='561' />
<Point X='298' Y='251' T='571' />
<Point X='297' Y='255' T='581' />
<Point X='295' Y='261' T='590' />
</Stroke>
<Stroke index = '2' >
<Point X='194' Y='54' T='27' />
<Point X='194' Y='54' T='40' />
<Point X='194' Y='54' T='50' />
<Point X='193' Y='54' T='57' />
<Point X='193' Y='54' T='82' />
<Point X='192' Y='55' T='100' />
<Point X='192' Y='57' T='110' />
<Point X='192' Y='62' T='124' />
<Point X='192' Y='67' T='140' />
<Point X='192' Y='71' T='150' />
<Point X='192' Y='75' T='158' />
<Point X='193' Y='78' T='175' />
<Point X='193' Y='83' T='184' />
<Point X='194' Y='88' T='195' />
<Point X='194' Y='93' T='208' />
<Point X='194' Y='97' T='219' />
<Point X='194' Y='101' T='228' />
<Point X='194' Y='107' T='242' />
<Point X='193' Y='113' T='254' />
<Point X='193' Y='118' T='261' />
<Point X='193' Y='126' T='277' />
<Point X='193' Y='133' T='289' />
<Point X='194' Y='140' T='302' />
<Point X='194' Y='149' T='311' />
<Point X='194' Y='157' T='325' />
<Point X='194' Y='165' T='337' />
<Point X='193' Y='173' T='347' />
<Point X='193' Y='181' T='357' />
<Point X='192' Y='191' T='366' />
<Point X='192' Y='199' T='373' />
<Point X='191' Y='209' T='384' />
<Point X='190' Y='219' T='396' />
<Point X='189' Y='228' T='407' />
<Point X='187' Y='238' T='423' />
<Point X='186' Y='244' T='432' />
<Point X='184' Y='253' T='440' />
<Point X='182' Y='261' T='459' />
<Point X='181' Y='266' T='464' />
<Point X='179' Y='273' T='478' />
<Point X='177' Y='279' T='489' />
<Point X='176' Y='285' T='499' />
<Point X='175' Y='291' T='512' />
<Point X='175' Y='297' T='525' />
<Point X='175' Y='303' T='535' />
<Point X='174' Y='307' T='551' />
<Point X='174' Y='311' T='560' />
<Point X='174' Y='316' T='569' />
<Point X='174' Y='321' T='579' />
<Point X='174' Y='326' T='588' />
</Stroke>
<Stroke index = '5' >
<Point X='621' Y='202' T='13' />
<Point X='620' Y='202' T='24' />
<Point X='620' Y='202' T='57' />
<Point X='619' Y='202' T='66' />
<Point X='619' Y='202' T='80' />
<Point X='618' Y='203' T='99' />
<Point X='616' Y='204' T='109' />
<Point X='613' Y='209' T='123' />
<Point X='611' Y='212' T='138' />
<Point X='609' Y='216' T='148' />
<Point X='606' Y='220' T='157' />
<Point X='603' Y='223' T='174' />
<Point X='600' Y='226' T='184' />
<Point X='597' Y='230' T='194' />
<Point X='594' Y='234' T='207' />
<Point X='591' Y='239' T='218' />
<Point X='589' Y='242' T='227' />
<Point X='586' Y='246' T='241' />
<Point X='584' Y='250' T='253' />
<Point X='580' Y='255' T='260' />
<Point X='576' Y='261' T='276' />
<Point X='573' Y='266' T='287' />
<Point X='569' Y='272' T='299' />
<Point X='564' Y='280' T='310' />
<Point X='559' Y='285' T='324' />
<Point X='554' Y='293' T='336' />
<Point X='550' Y='299' T='347' />
<Point X='545' Y='305' T='357' />
<Point X='540' Y='311' T='366' />
<Point X='534' Y='319' T='373' />
<Point X='528' Y='326' T='383' />
<Point X='522' Y='332' T='395' />
<Point X='515' Y='340' T='406' />
<Point X='509' Y='346' T='422' />
<Point X='505' Y='350' T='432' />
<Point X='501' Y='354' T='440' />
<Point X='497' Y='358' T='459' />
<Point X='493' Y='362' T='463' />
<Point X='491' Y='366' T='476' />
<Point X='489' Y='369' T='487' />
<Point X='487' Y='372' T='498' />
<Point X='484' Y='375' T='512' />
<Point X='482' Y='379' T='524' />
<Point X='479' Y='382' T='534' />
<Point X='477' Y='385' T='549' />
<Point X='475' Y='389' T='559' />
<Point X='473' Y='392' T='568' />
<Point X='470' Y='396' T='577' />
<Point X='468' Y='402' T='587' />
</Stroke>
<Stroke index = '1' >
<Point X='0' Y='546' T='0' />
<Point X='0' Y='545' T='22' />
<Point X='0' Y='545' T='38' />
<Point X='1' Y='544' T='49' />
<Point X='1' Y='544' T='55' />
<Point X='2' Y='543' T='65' />
<Point X='2' Y='543' T='79' />
<Point X='3' Y='542' T='98' />
<Point X='5' Y='541' T='108' />
<Point X='8' Y='538' T='122' />
<Point X='10' Y='536' T='136' />
<Point X='12' Y='534' T='148' />
<Point X='13' Y='532' T='157' />
<Point X='15' Y='530' T='172' />
<Point X='17' Y='529' T='183' />
<Point X='19' Y='527' T='193' />
<Point X='21' Y='526' T='206' />
<Point X='22' Y='525' T='217' />
<Point X='23' Y='525' T='226' />
<Point X='25' Y='524' T='240' />
<Point X='26' Y='523' T='251' />
<Point X='28' Y='522' T='259' />
<Point X='30' Y='521' T='274' />
<Point X='33' Y='519' T='286' />
<Point X='36' Y='518' T='298' />
<Point X='39' Y='516' T='309' />
<Point X='42' Y='515' T='322' />
<Point X='45' Y='513' T='335' />
<Point X='47' Y='512' T='345' />
<Point X='50' Y='510' T='357' />
<Point X='54' Y='509' T='365' />
<Point X='57' Y='507' T='372' />
<Point X='61' Y='505' T='382' />
<Point X='65' Y='504' T='395' />
<Point X='68' Y='502' T='406' />
<Point X='72' Y='501' T='422' />
<Point X='75' Y='500' T='430' />
<Point X='78' Y='499' T='439' />
<Point X='81' Y='498' T='457' />
<Point X='84' Y='497' T='462' />
<Point X='87' Y='497' T='475' />
<Point X='90' Y='496' T='486' />
<Point X='93' Y='494' T='496' />
<Point X='96' Y='493' T='510' />
<Point X='100' Y='492' T='523' />
<Point X='103' Y='491' T='533' />
<Point X='106' Y='490' T='548' />
<Point X='108' Y='490' T='557' />
<Point X='110' Y='490' T='566' />
<Point X='112' Y='490' T='576' />
<Point X='116' Y='489' T='586' />
</Stroke>

</Gesture>
