<?xml version='1.0' encoding='utf-8' standalone='yes'?>
<Gesture Name ='1_1_6' Subject = 'test'  Speed = 'MEDIUM' NumPts = '286' InputType='finger' >

<Stroke index = '1' >
<Point X='3' Y='532' T='0' />
<Point X='3' Y='532' T='14' />
<Point X='2' Y='532' T='22' />
<Point X='2' Y='532' T='40' />
<Point X='1' Y='532' T='47' />
<Point X='1' Y='532' T='56' />
<Point X='0' Y='532' T='68' />
<Point X='0' Y='531' T='91' />
<Point X='0' Y='531' T='124' />
<Point X='0' Y='530' T='134' />
<Point X='0' Y='529' T='158' />
<Point X='1' Y='529' T='168' />
<Point X='2' Y='528' T='193' />
<Point X='2' Y='527' T='203' />
<Point X='3' Y='526' T='221' />
<Point X='4' Y='525' T='234' />
<Point X='5' Y='524' T='246' />
<Point X='8' Y='522' T='260' />
<Point X='10' Y='520' T='276' />
<Point X='12' Y='519' T='282' />
<Point X='14' Y='518' T='297' />
<Point X='16' Y='516' T='308' />
<Point X='18' Y='515' T='326' />
<Point X='20' Y='513' T='335' />
<Point X='22' Y='512' T='341' />
<Point X='24' Y='510' T='358' />
<Point X='26' Y='509' T='365' />
<Point X='29' Y='507' T='375' />
<Point X='33' Y='505' T='392' />
<Point X='36' Y='504' T='405' />
<Point X='39' Y='502' T='413' />
<Point X='41' Y='501' T='424' />
<Point X='43' Y='499' T='437' />
<Point X='46' Y='498' T='446' />
<Point X='49' Y='496' T='457' />
<Point X='53' Y='494' T='467' />
<Point X='57' Y='492' T='476' />
<Point X='61' Y='491' T='492' />
<Point X='64' Y='489' T='496' />
<Point X='66' Y='488' T='509' />
<Point X='70' Y='486' T='527' />
<Point X='73' Y='485' T='536' />
<Point X='77' Y='484' T='544' />
<Point X='80' Y='483' T='559' />
<Point X='82' Y='482' T='577' />
<Point X='85' Y='481' T='583' />
<Point X='88' Y='480' T='594' />
<Point X='91' Y='479' T='610' />
<Point X='95' Y='478' T='618' />
<Point X='99' Y='477' T='626' />
<Point X='103' Y='476' T='639' />
<Point X='106' Y='474' T='650' />
<Point X='111' Y='473' T='660' />
<Point X='115' Y='472' T='674' />
<Point X='119' Y='471' T='683' />
<Point X='121' Y='471' T='695' />
<Point X='124' Y='471' T='710' />
<Point X='127' Y='471' T='714' />
<Point X='129' Y='471' T='727' />
<Point X='131' Y='471' T='744' />
</Stroke>
<Stroke index = '3' >
<Point X='355' Y='0' T='11' />
<Point X='354' Y='0' T='15' />
<Point X='354' Y='0' T='23' />
<Point X='353' Y='0' T='49' />
<Point X='353' Y='0' T='92' />
<Point X='352' Y='0' T='111' />
<Point X='352' Y='0' T='125' />
<Point X='352' Y='0' T='136' />
<Point X='351' Y='1' T='160' />
<Point X='351' Y='2' T='169' />
<Point X='350' Y='7' T='194' />
<Point X='349' Y='10' T='204' />
<Point X='349' Y='14' T='223' />
<Point X='348' Y='17' T='235' />
<Point X='347' Y='21' T='248' />
<Point X='344' Y='31' T='261' />
<Point X='343' Y='35' T='276' />
<Point X='342' Y='39' T='283' />
<Point X='340' Y='44' T='298' />
<Point X='339' Y='49' T='309' />
<Point X='338' Y='54' T='327' />
<Point X='337' Y='59' T='335' />
<Point X='336' Y='64' T='342' />
<Point X='335' Y='71' T='359' />
<Point X='334' Y='77' T='367' />
<Point X='333' Y='83' T='376' />
<Point X='332' Y='91' T='393' />
<Point X='331' Y='97' T='406' />
<Point X='330' Y='103' T='413' />
<Point X='329' Y='109' T='425' />
<Point X='328' Y='117' T='438' />
<Point X='326' Y='122' T='447' />
<Point X='324' Y='127' T='459' />
<Point X='321' Y='134' T='469' />
<Point X='318' Y='140' T='476' />
<Point X='316' Y='146' T='492' />
<Point X='314' Y='152' T='497' />
<Point X='312' Y='160' T='510' />
<Point X='311' Y='165' T='528' />
<Point X='309' Y='170' T='538' />
<Point X='308' Y='175' T='545' />
<Point X='306' Y='181' T='559' />
<Point X='303' Y='187' T='577' />
<Point X='301' Y='192' T='584' />
<Point X='298' Y='198' T='595' />
<Point X='296' Y='204' T='611' />
<Point X='294' Y='210' T='619' />
<Point X='293' Y='215' T='628' />
<Point X='292' Y='222' T='642' />
<Point X='291' Y='228' T='651' />
<Point X='290' Y='233' T='661' />
<Point X='289' Y='239' T='675' />
<Point X='288' Y='245' T='684' />
<Point X='286' Y='250' T='695' />
<Point X='285' Y='254' T='711' />
<Point X='283' Y='259' T='714' />
<Point X='281' Y='265' T='727' />
<Point X='279' Y='270' T='745' />
</Stroke>
<Stroke index = '4' >
<Point X='463' Y='52' T='24' />
<Point X='463' Y='52' T='40' />
<Point X='463' Y='52' T='93' />
<Point X='463' Y='52' T='101' />
<Point X='463' Y='53' T='112' />
<Point X='462' Y='53' T='126' />
<Point X='462' Y='54' T='136' />
<Point X='461' Y='57' T='160' />
<Point X='461' Y='58' T='170' />
<Point X='460' Y='61' T='195' />
<Point X='460' Y='63' T='205' />
<Point X='459' Y='67' T='223' />
<Point X='458' Y='72' T='236' />
<Point X='457' Y='77' T='248' />
<Point X='456' Y='84' T='262' />
<Point X='454' Y='88' T='278' />
<Point X='452' Y='93' T='284' />
<Point X='450' Y='98' T='299' />
<Point X='448' Y='102' T='309' />
<Point X='445' Y='105' T='328' />
<Point X='443' Y='110' T='336' />
<Point X='440' Y='116' T='343' />
<Point X='439' Y='122' T='359' />
<Point X='437' Y='127' T='367' />
<Point X='435' Y='134' T='376' />
<Point X='433' Y='140' T='395' />
<Point X='431' Y='145' T='408' />
<Point X='428' Y='150' T='414' />
<Point X='424' Y='156' T='427' />
<Point X='421' Y='161' T='439' />
<Point X='418' Y='166' T='448' />
<Point X='416' Y='170' T='460' />
<Point X='414' Y='177' T='469' />
<Point X='411' Y='183' T='477' />
<Point X='408' Y='188' T='494' />
<Point X='404' Y='193' T='497' />
<Point X='400' Y='199' T='510' />
<Point X='397' Y='204' T='528' />
<Point X='395' Y='209' T='539' />
<Point X='393' Y='213' T='545' />
<Point X='390' Y='218' T='560' />
<Point X='387' Y='224' T='577' />
<Point X='384' Y='228' T='585' />
<Point X='381' Y='232' T='595' />
<Point X='378' Y='236' T='612' />
<Point X='375' Y='242' T='620' />
<Point X='374' Y='247' T='630' />
<Point X='372' Y='251' T='642' />
<Point X='370' Y='255' T='652' />
<Point X='368' Y='260' T='663' />
<Point X='364' Y='266' T='676' />
<Point X='362' Y='270' T='685' />
<Point X='359' Y='273' T='695' />
<Point X='357' Y='278' T='711' />
<Point X='355' Y='283' T='714' />
<Point X='354' Y='288' T='728' />
<Point X='353' Y='292' T='745' />
</Stroke>
<Stroke index = '2' >
<Point X='171' Y='59' T='52' />
<Point X='170' Y='59' T='68' />
<Point X='170' Y='59' T='94' />
<Point X='170' Y='60' T='101' />
<Point X='169' Y='61' T='112' />
<Point X='169' Y='62' T='126' />
<Point X='169' Y='63' T='137' />
<Point X='169' Y='64' T='160' />
<Point X='168' Y='66' T='170' />
<Point X='168' Y='70' T='195' />
<Point X='168' Y='74' T='208' />
<Point X='168' Y='77' T='225' />
<Point X='168' Y='80' T='236' />
<Point X='168' Y='83' T='249' />
<Point X='168' Y='92' T='263' />
<Point X='168' Y='97' T='278' />
<Point X='168' Y='102' T='284' />
<Point X='168' Y='106' T='301' />
<Point X='168' Y='112' T='309' />
<Point X='168' Y='117' T='328' />
<Point X='168' Y='122' T='337' />
<Point X='168' Y='127' T='343' />
<Point X='168' Y='133' T='360' />
<Point X='168' Y='140' T='368' />
<Point X='168' Y='145' T='377' />
<Point X='168' Y='152' T='395' />
<Point X='169' Y='159' T='408' />
<Point X='169' Y='164' T='415' />
<Point X='169' Y='170' T='428' />
<Point X='169' Y='177' T='442' />
<Point X='169' Y='183' T='449' />
<Point X='170' Y='189' T='461' />
<Point X='170' Y='196' T='470' />
<Point X='170' Y='203' T='477' />
<Point X='170' Y='209' T='494' />
<Point X='170' Y='215' T='498' />
<Point X='170' Y='223' T='511' />
<Point X='170' Y='227' T='529' />
<Point X='169' Y='233' T='539' />
<Point X='169' Y='239' T='546' />
<Point X='169' Y='245' T='560' />
<Point X='168' Y='249' T='577' />
<Point X='168' Y='255' T='586' />
<Point X='168' Y='261' T='596' />
<Point X='168' Y='267' T='612' />
<Point X='168' Y='273' T='622' />
<Point X='168' Y='279' T='630' />
<Point X='168' Y='286' T='643' />
<Point X='168' Y='291' T='653' />
<Point X='168' Y='296' T='665' />
<Point X='168' Y='301' T='676' />
<Point X='168' Y='306' T='686' />
<Point X='168' Y='311' T='696' />
<Point X='168' Y='315' T='711' />
<Point X='168' Y='319' T='715' />
<Point X='168' Y='325' T='729' />
<Point X='168' Y='331' T='746' />
</Stroke>
<Stroke index = '5' >
<Point X='581' Y='171' T='103' />
<Point X='580' Y='171' T='113' />
<Point X='580' Y='171' T='127' />
<Point X='579' Y='171' T='139' />
<Point X='578' Y='172' T='160' />
<Point X='577' Y='174' T='172' />
<Point X='572' Y='180' T='195' />
<Point X='570' Y='183' T='209' />
<Point X='568' Y='185' T='226' />
<Point X='566' Y='187' T='237' />
<Point X='564' Y='191' T='249' />
<Point X='559' Y='199' T='264' />
<Point X='556' Y='204' T='279' />
<Point X='553' Y='207' T='285' />
<Point X='550' Y='209' T='302' />
<Point X='547' Y='213' T='310' />
<Point X='544' Y='217' T='328' />
<Point X='541' Y='221' T='338' />
<Point X='539' Y='225' T='343' />
<Point X='537' Y='229' T='360' />
<Point X='534' Y='232' T='369' />
<Point X='529' Y='238' T='378' />
<Point X='525' Y='243' T='396' />
<Point X='522' Y='248' T='409' />
<Point X='519' Y='252' T='416' />
<Point X='516' Y='256' T='430' />
<Point X='512' Y='261' T='443' />
<Point X='508' Y='265' T='450' />
<Point X='505' Y='269' T='462' />
<Point X='502' Y='272' T='471' />
<Point X='500' Y='276' T='478' />
<Point X='496' Y='281' T='494' />
<Point X='492' Y='285' T='498' />
<Point X='488' Y='289' T='511' />
<Point X='485' Y='293' T='530' />
<Point X='481' Y='297' T='541' />
<Point X='478' Y='301' T='547' />
<Point X='474' Y='305' T='561' />
<Point X='471' Y='309' T='578' />
<Point X='467' Y='313' T='588' />
<Point X='464' Y='316' T='596' />
<Point X='461' Y='320' T='613' />
<Point X='458' Y='325' T='623' />
<Point X='456' Y='329' T='631' />
<Point X='453' Y='332' T='644' />
<Point X='450' Y='335' T='654' />
<Point X='447' Y='339' T='666' />
<Point X='443' Y='344' T='677' />
<Point X='441' Y='348' T='687' />
<Point X='439' Y='352' T='696' />
<Point X='437' Y='354' T='711' />
<Point X='436' Y='357' T='716' />
<Point X='434' Y='361' T='729' />
<Point X='432' Y='365' T='746' />
</Stroke>

</Gesture>
