<?xml version='1.0' encoding='utf-8' standalone='yes'?>
<Gesture Name ='1_1_14' Subject = 'test'  Speed = 'MEDIUM' NumPts = '129' InputType='finger' >

<Stroke index = '2' >
<Point X='177' Y='58' T='212' />
<Point X='177' Y='59' T='279' />
<Point X='177' Y='59' T='299' />
<Point X='177' Y='60' T='309' />
<Point X='178' Y='65' T='329' />
<Point X='178' Y='68' T='335' />
<Point X='179' Y='70' T='347' />
<Point X='179' Y='73' T='362' />
<Point X='180' Y='77' T='370' />
<Point X='180' Y='82' T='381' />
<Point X='181' Y='92' T='410' />
<Point X='182' Y='97' T='420' />
<Point X='182' Y='105' T='431' />
<Point X='183' Y='120' T='457' />
<Point X='184' Y='138' T='475' />
<Point X='184' Y='149' T='486' />
<Point X='185' Y='170' T='513' />
<Point X='186' Y='192' T='534' />
<Point X='186' Y='215' T='554' />
<Point X='187' Y='239' T='580' />
<Point X='189' Y='263' T='602' />
<Point X='191' Y='287' T='621' />
</Stroke>
<Stroke index = '1' >
<Point X='0' Y='530' T='194' />
<Point X='0' Y='529' T='197' />
<Point X='0' Y='529' T='209' />
<Point X='0' Y='528' T='233' />
<Point X='0' Y='528' T='242' />
<Point X='0' Y='527' T='257' />
<Point X='0' Y='527' T='265' />
<Point X='0' Y='526' T='278' />
<Point X='2' Y='526' T='298' />
<Point X='3' Y='525' T='308' />
<Point X='6' Y='524' T='328' />
<Point X='8' Y='523' T='335' />
<Point X='9' Y='522' T='347' />
<Point X='11' Y='522' T='361' />
<Point X='12' Y='521' T='369' />
<Point X='13' Y='521' T='381' />
<Point X='16' Y='520' T='410' />
<Point X='17' Y='519' T='420' />
<Point X='19' Y='518' T='431' />
<Point X='25' Y='516' T='457' />
<Point X='33' Y='514' T='474' />
<Point X='36' Y='512' T='485' />
<Point X='45' Y='509' T='512' />
<Point X='54' Y='506' T='533' />
<Point X='63' Y='503' T='552' />
<Point X='75' Y='500' T='579' />
<Point X='87' Y='498' T='601' />
<Point X='99' Y='497' T='618' />
</Stroke>
<Stroke index = '3' >
<Point X='356' Y='0' T='180' />
<Point X='356' Y='0' T='191' />
<Point X='356' Y='0' T='232' />
<Point X='355' Y='0' T='241' />
<Point X='355' Y='0' T='256' />
<Point X='355' Y='1' T='264' />
<Point X='355' Y='3' T='278' />
<Point X='354' Y='4' T='297' />
<Point X='354' Y='6' T='307' />
<Point X='354' Y='10' T='327' />
<Point X='353' Y='12' T='334' />
<Point X='353' Y='17' T='346' />
<Point X='353' Y='22' T='361' />
<Point X='352' Y='26' T='368' />
<Point X='352' Y='31' T='380' />
<Point X='352' Y='44' T='409' />
<Point X='351' Y='49' T='419' />
<Point X='350' Y='56' T='430' />
<Point X='348' Y='71' T='456' />
<Point X='346' Y='89' T='474' />
<Point X='345' Y='98' T='483' />
<Point X='341' Y='117' T='511' />
<Point X='335' Y='137' T='533' />
<Point X='330' Y='157' T='551' />
<Point X='326' Y='179' T='578' />
<Point X='323' Y='202' T='600' />
<Point X='316' Y='226' T='618' />
</Stroke>
<Stroke index = '4' >
<Point X='482' Y='46' T='163' />
<Point X='482' Y='46' T='188' />
<Point X='481' Y='46' T='196' />
<Point X='481' Y='46' T='208' />
<Point X='480' Y='46' T='232' />
<Point X='479' Y='46' T='240' />
<Point X='479' Y='47' T='255' />
<Point X='479' Y='48' T='263' />
<Point X='479' Y='49' T='277' />
<Point X='478' Y='50' T='296' />
<Point X='478' Y='51' T='307' />
<Point X='477' Y='55' T='326' />
<Point X='476' Y='59' T='333' />
<Point X='476' Y='63' T='344' />
<Point X='475' Y='67' T='361' />
<Point X='475' Y='71' T='368' />
<Point X='474' Y='75' T='379' />
<Point X='472' Y='86' T='408' />
<Point X='471' Y='91' T='418' />
<Point X='470' Y='97' T='429' />
<Point X='464' Y='112' T='455' />
<Point X='455' Y='130' T='472' />
<Point X='452' Y='136' T='482' />
<Point X='444' Y='155' T='509' />
<Point X='434' Y='174' T='531' />
<Point X='426' Y='194' T='550' />
<Point X='415' Y='216' T='576' />
<Point X='406' Y='237' T='600' />
<Point X='397' Y='258' T='617' />
</Stroke>
<Stroke index = '5' >
<Point X='574' Y='159' T='0' />
<Point X='571' Y='153' T='177' />
<Point X='571' Y='153' T='276' />
<Point X='571' Y='154' T='295' />
<Point X='570' Y='154' T='305' />
<Point X='569' Y='156' T='325' />
<Point X='567' Y='158' T='333' />
<Point X='565' Y='162' T='343' />
<Point X='562' Y='167' T='360' />
<Point X='560' Y='172' T='367' />
<Point X='559' Y='176' T='378' />
<Point X='555' Y='185' T='407' />
<Point X='553' Y='191' T='418' />
<Point X='550' Y='196' T='428' />
<Point X='541' Y='210' T='453' />
<Point X='533' Y='225' T='471' />
<Point X='527' Y='234' T='482' />
<Point X='517' Y='251' T='508' />
<Point X='508' Y='268' T='531' />
<Point X='498' Y='285' T='549' />
<Point X='490' Y='303' T='575' />
<Point X='479' Y='322' T='599' />
<Point X='472' Y='341' T='616' />
</Stroke>

</Gesture>
