<?xml version='1.0' encoding='utf-8' standalone='yes'?>
<Gesture Name ='1_1_11' Subject = 'test'  Speed = 'MEDIUM' NumPts = '275' InputType='finger' >

<Stroke index = '3' >
<Point X='346' Y='0' T='0' />
<Point X='346' Y='0' T='23' />
<Point X='346' Y='0' T='38' />
<Point X='346' Y='0' T='146' />
<Point X='345' Y='1' T='159' />
<Point X='345' Y='3' T='171' />
<Point X='344' Y='5' T='182' />
<Point X='344' Y='8' T='201' />
<Point X='343' Y='11' T='209' />
<Point X='342' Y='15' T='216' />
<Point X='342' Y='19' T='226' />
<Point X='341' Y='23' T='239' />
<Point X='340' Y='27' T='256' />
<Point X='338' Y='32' T='267' />
<Point X='337' Y='38' T='274' />
<Point X='335' Y='45' T='286' />
<Point X='332' Y='51' T='296' />
<Point X='329' Y='58' T='308' />
<Point X='326' Y='64' T='320' />
<Point X='323' Y='70' T='327' />
<Point X='321' Y='75' T='339' />
<Point X='319' Y='81' T='357' />
<Point X='317' Y='86' T='366' />
<Point X='316' Y='91' T='374' />
<Point X='314' Y='97' T='390' />
<Point X='312' Y='103' T='400' />
<Point X='309' Y='109' T='408' />
<Point X='307' Y='114' T='420' />
<Point X='304' Y='119' T='430' />
<Point X='302' Y='125' T='441' />
<Point X='300' Y='130' T='458' />
<Point X='298' Y='135' T='469' />
<Point X='297' Y='139' T='478' />
<Point X='295' Y='144' T='490' />
<Point X='293' Y='152' T='509' />
<Point X='291' Y='156' T='524' />
<Point X='289' Y='160' T='533' />
<Point X='287' Y='165' T='548' />
<Point X='285' Y='170' T='558' />
<Point X='283' Y='174' T='569' />
<Point X='281' Y='178' T='580' />
<Point X='279' Y='184' T='591' />
<Point X='278' Y='189' T='605' />
<Point X='276' Y='195' T='616' />
<Point X='275' Y='200' T='625' />
<Point X='273' Y='205' T='641' />
<Point X='272' Y='210' T='653' />
<Point X='270' Y='215' T='663' />
<Point X='268' Y='219' T='674' />
<Point X='266' Y='222' T='685' />
<Point X='265' Y='226' T='693' />
<Point X='263' Y='229' T='704' />
<Point X='262' Y='233' T='713' />
<Point X='261' Y='237' T='725' />
</Stroke>
<Stroke index = '2' >
<Point X='174' Y='51' T='60' />
<Point X='174' Y='51' T='71' />
<Point X='174' Y='51' T='107' />
<Point X='174' Y='51' T='148' />
<Point X='174' Y='52' T='163' />
<Point X='174' Y='54' T='174' />
<Point X='174' Y='57' T='185' />
<Point X='174' Y='60' T='205' />
<Point X='174' Y='64' T='212' />
<Point X='174' Y='67' T='218' />
<Point X='174' Y='70' T='229' />
<Point X='174' Y='73' T='241' />
<Point X='174' Y='77' T='259' />
<Point X='174' Y='82' T='269' />
<Point X='174' Y='88' T='276' />
<Point X='174' Y='94' T='288' />
<Point X='174' Y='102' T='299' />
<Point X='174' Y='109' T='310' />
<Point X='173' Y='115' T='323' />
<Point X='172' Y='123' T='329' />
<Point X='171' Y='129' T='340' />
<Point X='170' Y='135' T='358' />
<Point X='169' Y='141' T='370' />
<Point X='168' Y='147' T='377' />
<Point X='168' Y='153' T='393' />
<Point X='167' Y='159' T='403' />
<Point X='166' Y='166' T='410' />
<Point X='166' Y='172' T='423' />
<Point X='165' Y='178' T='434' />
<Point X='164' Y='184' T='443' />
<Point X='164' Y='190' T='461' />
<Point X='163' Y='195' T='470' />
<Point X='162' Y='199' T='483' />
<Point X='162' Y='204' T='491' />
<Point X='161' Y='214' T='512' />
<Point X='160' Y='218' T='527' />
<Point X='160' Y='222' T='534' />
<Point X='160' Y='228' T='551' />
<Point X='160' Y='233' T='560' />
<Point X='160' Y='237' T='570' />
<Point X='160' Y='242' T='581' />
<Point X='159' Y='247' T='594' />
<Point X='159' Y='253' T='607' />
<Point X='159' Y='258' T='619' />
<Point X='159' Y='263' T='626' />
<Point X='159' Y='268' T='644' />
<Point X='159' Y='273' T='657' />
<Point X='159' Y='277' T='667' />
<Point X='159' Y='281' T='677' />
<Point X='159' Y='285' T='688' />
<Point X='159' Y='289' T='694' />
<Point X='159' Y='293' T='706' />
<Point X='159' Y='296' T='716' />
<Point X='160' Y='300' T='727' />
</Stroke>
<Stroke index = '1' >
<Point X='0' Y='501' T='28' />
<Point X='0' Y='501' T='41' />
<Point X='0' Y='500' T='46' />
<Point X='0' Y='500' T='58' />
<Point X='0' Y='499' T='69' />
<Point X='0' Y='499' T='80' />
<Point X='0' Y='498' T='96' />
<Point X='0' Y='498' T='107' />
<Point X='0' Y='497' T='114' />
<Point X='0' Y='497' T='125' />
<Point X='1' Y='496' T='135' />
<Point X='1' Y='496' T='146' />
<Point X='2' Y='495' T='162' />
<Point X='3' Y='494' T='172' />
<Point X='4' Y='493' T='184' />
<Point X='5' Y='492' T='203' />
<Point X='6' Y='491' T='212' />
<Point X='7' Y='490' T='216' />
<Point X='9' Y='489' T='227' />
<Point X='10' Y='488' T='240' />
<Point X='12' Y='487' T='258' />
<Point X='14' Y='485' T='269' />
<Point X='16' Y='482' T='275' />
<Point X='19' Y='480' T='288' />
<Point X='22' Y='478' T='299' />
<Point X='24' Y='476' T='309' />
<Point X='26' Y='474' T='321' />
<Point X='28' Y='473' T='328' />
<Point X='29' Y='472' T='339' />
<Point X='31' Y='471' T='358' />
<Point X='33' Y='470' T='368' />
<Point X='35' Y='469' T='376' />
<Point X='37' Y='467' T='392' />
<Point X='41' Y='466' T='402' />
<Point X='44' Y='464' T='410' />
<Point X='46' Y='462' T='422' />
<Point X='49' Y='460' T='432' />
<Point X='51' Y='459' T='443' />
<Point X='54' Y='457' T='460' />
<Point X='57' Y='455' T='469' />
<Point X='60' Y='453' T='481' />
<Point X='63' Y='452' T='491' />
<Point X='69' Y='449' T='511' />
<Point X='72' Y='447' T='526' />
<Point X='75' Y='446' T='534' />
<Point X='78' Y='444' T='550' />
<Point X='81' Y='442' T='560' />
<Point X='85' Y='440' T='570' />
<Point X='89' Y='438' T='580' />
<Point X='92' Y='435' T='594' />
<Point X='96' Y='433' T='607' />
<Point X='101' Y='430' T='618' />
<Point X='105' Y='427' T='626' />
<Point X='109' Y='425' T='644' />
<Point X='113' Y='422' T='656' />
<Point X='118' Y='420' T='666' />
<Point X='122' Y='418' T='676' />
<Point X='126' Y='416' T='687' />
<Point X='129' Y='415' T='694' />
<Point X='131' Y='414' T='705' />
<Point X='133' Y='414' T='715' />
<Point X='134' Y='414' T='727' />
</Stroke>
<Stroke index = '4' >
<Point X='447' Y='52' T='2' />
<Point X='447' Y='53' T='161' />
<Point X='447' Y='54' T='172' />
<Point X='446' Y='56' T='183' />
<Point X='445' Y='59' T='202' />
<Point X='445' Y='62' T='210' />
<Point X='444' Y='65' T='216' />
<Point X='443' Y='68' T='226' />
<Point X='442' Y='71' T='240' />
<Point X='440' Y='75' T='257' />
<Point X='438' Y='80' T='268' />
<Point X='435' Y='86' T='274' />
<Point X='432' Y='91' T='287' />
<Point X='428' Y='97' T='297' />
<Point X='424' Y='105' T='308' />
<Point X='421' Y='110' T='321' />
<Point X='418' Y='115' T='327' />
<Point X='415' Y='120' T='339' />
<Point X='410' Y='126' T='357' />
<Point X='407' Y='130' T='367' />
<Point X='404' Y='134' T='375' />
<Point X='402' Y='139' T='391' />
<Point X='399' Y='144' T='402' />
<Point X='397' Y='150' T='408' />
<Point X='394' Y='154' T='421' />
<Point X='390' Y='159' T='431' />
<Point X='387' Y='164' T='442' />
<Point X='384' Y='170' T='459' />
<Point X='381' Y='174' T='469' />
<Point X='380' Y='177' T='480' />
<Point X='378' Y='181' T='490' />
<Point X='374' Y='190' T='509' />
<Point X='372' Y='193' T='526' />
<Point X='370' Y='196' T='533' />
<Point X='367' Y='199' T='549' />
<Point X='365' Y='203' T='559' />
<Point X='362' Y='208' T='569' />
<Point X='360' Y='213' T='580' />
<Point X='359' Y='216' T='593' />
<Point X='357' Y='219' T='605' />
<Point X='355' Y='223' T='617' />
<Point X='352' Y='228' T='625' />
<Point X='349' Y='232' T='643' />
<Point X='347' Y='236' T='654' />
<Point X='345' Y='239' T='664' />
<Point X='343' Y='241' T='676' />
<Point X='341' Y='244' T='686' />
<Point X='340' Y='248' T='693' />
<Point X='339' Y='252' T='704' />
<Point X='339' Y='255' T='715' />
<Point X='338' Y='258' T='726' />
</Stroke>
<Stroke index = '5' >
<Point X='550' Y='150' T='-194' />
<Point X='550' Y='152' T='79' />
<Point X='550' Y='152' T='94' />
<Point X='550' Y='152' T='105' />
<Point X='550' Y='152' T='112' />
<Point X='550' Y='152' T='168' />
<Point X='550' Y='153' T='181' />
<Point X='549' Y='154' T='200' />
<Point X='549' Y='155' T='209' />
<Point X='548' Y='157' T='214' />
<Point X='547' Y='161' T='225' />
<Point X='545' Y='165' T='238' />
<Point X='542' Y='169' T='255' />
<Point X='539' Y='173' T='266' />
<Point X='534' Y='177' T='273' />
<Point X='529' Y='183' T='285' />
<Point X='525' Y='190' T='296' />
<Point X='520' Y='195' T='307' />
<Point X='515' Y='200' T='318' />
<Point X='509' Y='206' T='325' />
<Point X='506' Y='211' T='338' />
<Point X='503' Y='215' T='355' />
<Point X='500' Y='219' T='366' />
<Point X='497' Y='222' T='374' />
<Point X='493' Y='226' T='389' />
<Point X='489' Y='231' T='399' />
<Point X='487' Y='234' T='407' />
<Point X='485' Y='237' T='418' />
<Point X='482' Y='240' T='430' />
<Point X='479' Y='244' T='441' />
<Point X='475' Y='248' T='456' />
<Point X='471' Y='253' T='468' />
<Point X='468' Y='256' T='475' />
<Point X='466' Y='259' T='489' />
<Point X='461' Y='264' T='508' />
<Point X='458' Y='267' T='523' />
<Point X='455' Y='271' T='531' />
<Point X='452' Y='275' T='547' />
<Point X='450' Y='277' T='557' />
<Point X='447' Y='279' T='567' />
<Point X='445' Y='282' T='580' />
<Point X='443' Y='284' T='591' />
<Point X='441' Y='288' T='603' />
<Point X='438' Y='292' T='614' />
<Point X='435' Y='295' T='624' />
<Point X='433' Y='298' T='641' />
<Point X='430' Y='300' T='652' />
<Point X='428' Y='302' T='661' />
<Point X='426' Y='303' T='674' />
<Point X='425' Y='305' T='685' />
<Point X='423' Y='308' T='691' />
<Point X='421' Y='311' T='702' />
<Point X='419' Y='316' T='712' />
<Point X='416' Y='321' T='725' />
</Stroke>

</Gesture>
