<?xml version='1.0' encoding='utf-8' standalone='yes'?>
<Gesture Name ='1_1_18' Subject = 'test'  Speed = 'MEDIUM' NumPts = '167' InputType='finger' >

<Stroke index = '1' >
<Point X='5' Y='524' T='0' />
<Point X='3' Y='523' T='28' />
<Point X='2' Y='522' T='55' />
<Point X='2' Y='521' T='63' />
<Point X='1' Y='521' T='75' />
<Point X='1' Y='520' T='90' />
<Point X='0' Y='520' T='96' />
<Point X='0' Y='519' T='109' />
<Point X='0' Y='519' T='116' />
<Point X='0' Y='518' T='126' />
<Point X='0' Y='518' T='138' />
<Point X='0' Y='517' T='150' />
<Point X='0' Y='517' T='161' />
<Point X='1' Y='516' T='174' />
<Point X='1' Y='515' T='184' />
<Point X='2' Y='514' T='196' />
<Point X='4' Y='511' T='223' />
<Point X='5' Y='510' T='233' />
<Point X='7' Y='509' T='243' />
<Point X='9' Y='508' T='253' />
<Point X='11' Y='507' T='269' />
<Point X='14' Y='506' T='280' />
<Point X='17' Y='504' T='288' />
<Point X='20' Y='503' T='299' />
<Point X='23' Y='502' T='310' />
<Point X='26' Y='502' T='320' />
<Point X='30' Y='501' T='331' />
<Point X='34' Y='501' T='352' />
<Point X='39' Y='501' T='363' />
<Point X='44' Y='500' T='369' />
<Point X='51' Y='499' T='384' />
<Point X='59' Y='497' T='391' />
<Point X='67' Y='495' T='405' />
<Point X='75' Y='494' T='420' />
<Point X='89' Y='493' T='434' />
<Point X='96' Y='493' T='447' />
<Point X='101' Y='495' T='455' />
<Point X='106' Y='497' T='469' />
</Stroke>
<Stroke index = '5' >
<Point X='565' Y='148' T='18' />
<Point X='565' Y='148' T='29' />
<Point X='564' Y='147' T='57' />
<Point X='564' Y='147' T='65' />
<Point X='564' Y='147' T='76' />
<Point X='563' Y='147' T='117' />
<Point X='563' Y='147' T='151' />
<Point X='562' Y='148' T='162' />
<Point X='562' Y='149' T='175' />
<Point X='561' Y='152' T='186' />
<Point X='560' Y='156' T='197' />
<Point X='557' Y='162' T='224' />
<Point X='554' Y='165' T='234' />
<Point X='550' Y='169' T='243' />
<Point X='546' Y='175' T='254' />
<Point X='543' Y='181' T='270' />
<Point X='540' Y='186' T='281' />
<Point X='535' Y='194' T='289' />
<Point X='530' Y='201' T='300' />
<Point X='525' Y='208' T='312' />
<Point X='521' Y='216' T='321' />
<Point X='517' Y='224' T='332' />
<Point X='512' Y='231' T='353' />
<Point X='506' Y='241' T='364' />
<Point X='502' Y='249' T='370' />
<Point X='497' Y='260' T='385' />
<Point X='491' Y='268' T='393' />
<Point X='484' Y='284' T='406' />
<Point X='480' Y='291' T='422' />
<Point X='469' Y='314' T='435' />
<Point X='463' Y='328' T='447' />
<Point X='460' Y='335' T='456' />
<Point X='456' Y='349' T='469' />
</Stroke>
<Stroke index = '4' >
<Point X='474' Y='38' T='32' />
<Point X='474' Y='38' T='57' />
<Point X='474' Y='38' T='92' />
<Point X='473' Y='38' T='119' />
<Point X='473' Y='38' T='140' />
<Point X='472' Y='39' T='152' />
<Point X='472' Y='40' T='164' />
<Point X='471' Y='42' T='176' />
<Point X='471' Y='45' T='187' />
<Point X='469' Y='49' T='197' />
<Point X='466' Y='57' T='225' />
<Point X='465' Y='60' T='236' />
<Point X='463' Y='65' T='245' />
<Point X='461' Y='72' T='255' />
<Point X='459' Y='78' T='271' />
<Point X='457' Y='84' T='283' />
<Point X='454' Y='93' T='289' />
<Point X='450' Y='99' T='301' />
<Point X='445' Y='107' T='313' />
<Point X='441' Y='117' T='323' />
<Point X='438' Y='122' T='333' />
<Point X='434' Y='133' T='354' />
<Point X='431' Y='141' T='364' />
<Point X='425' Y='153' T='372' />
<Point X='421' Y='161' T='385' />
<Point X='415' Y='177' T='393' />
<Point X='410' Y='185' T='407' />
<Point X='402' Y='203' T='423' />
<Point X='392' Y='226' T='436' />
<Point X='388' Y='236' T='449' />
<Point X='382' Y='250' T='457' />
<Point X='378' Y='261' T='470' />
</Stroke>
<Stroke index = '3' >
<Point X='358' Y='1' T='34' />
<Point X='358' Y='1' T='58' />
<Point X='358' Y='1' T='65' />
<Point X='358' Y='0' T='77' />
<Point X='358' Y='0' T='110' />
<Point X='357' Y='0' T='127' />
<Point X='357' Y='1' T='152' />
<Point X='356' Y='2' T='164' />
<Point X='356' Y='4' T='176' />
<Point X='356' Y='8' T='187' />
<Point X='355' Y='11' T='199' />
<Point X='354' Y='18' T='225' />
<Point X='353' Y='23' T='236' />
<Point X='352' Y='29' T='246' />
<Point X='350' Y='35' T='256' />
<Point X='348' Y='42' T='272' />
<Point X='345' Y='51' T='283' />
<Point X='342' Y='58' T='289' />
<Point X='339' Y='66' T='302' />
<Point X='337' Y='75' T='314' />
<Point X='335' Y='83' T='323' />
<Point X='334' Y='92' T='334' />
<Point X='332' Y='100' T='354' />
<Point X='330' Y='110' T='366' />
<Point X='327' Y='120' T='372' />
<Point X='324' Y='132' T='387' />
<Point X='321' Y='143' T='393' />
<Point X='318' Y='157' T='409' />
<Point X='315' Y='169' T='423' />
<Point X='311' Y='194' T='437' />
<Point X='309' Y='206' T='449' />
<Point X='305' Y='217' T='457' />
<Point X='301' Y='229' T='472' />
</Stroke>
<Stroke index = '2' >
<Point X='180' Y='48' T='61' />
<Point X='180' Y='48' T='67' />
<Point X='180' Y='48' T='111' />
<Point X='179' Y='48' T='119' />
<Point X='179' Y='48' T='141' />
<Point X='178' Y='49' T='152' />
<Point X='178' Y='51' T='165' />
<Point X='178' Y='53' T='178' />
<Point X='178' Y='56' T='188' />
<Point X='178' Y='58' T='200' />
<Point X='178' Y='65' T='226' />
<Point X='178' Y='70' T='237' />
<Point X='178' Y='75' T='246' />
<Point X='178' Y='81' T='257' />
<Point X='178' Y='89' T='273' />
<Point X='178' Y='97' T='285' />
<Point X='178' Y='107' T='291' />
<Point X='178' Y='116' T='303' />
<Point X='178' Y='124' T='314' />
<Point X='178' Y='134' T='323' />
<Point X='177' Y='142' T='335' />
<Point X='177' Y='154' T='355' />
<Point X='178' Y='163' T='367' />
<Point X='178' Y='179' T='374' />
<Point X='179' Y='188' T='388' />
<Point X='181' Y='206' T='395' />
<Point X='181' Y='219' T='409' />
<Point X='182' Y='236' T='424' />
<Point X='183' Y='266' T='438' />
<Point X='183' Y='277' T='450' />
<Point X='182' Y='291' T='458' />
</Stroke>

</Gesture>
