<?xml version='1.0' encoding='utf-8' standalone='yes'?>
<Gesture Name ='1_1_2' Subject = 'test'  Speed = 'MEDIUM' NumPts = '240' InputType='finger' >

<Stroke index = '1' >
<Point X='0' Y='517' T='86' />
<Point X='0' Y='516' T='92' />
<Point X='0' Y='516' T='118' />
<Point X='0' Y='515' T='137' />
<Point X='0' Y='515' T='147' />
<Point X='0' Y='514' T='163' />
<Point X='1' Y='514' T='206' />
<Point X='1' Y='514' T='216' />
<Point X='2' Y='513' T='228' />
<Point X='3' Y='513' T='241' />
<Point X='4' Y='513' T='249' />
<Point X='7' Y='512' T='275' />
<Point X='8' Y='511' T='284' />
<Point X='9' Y='511' T='298' />
<Point X='10' Y='510' T='309' />
<Point X='11' Y='510' T='316' />
<Point X='13' Y='509' T='343' />
<Point X='15' Y='508' T='360' />
<Point X='18' Y='507' T='375' />
<Point X='21' Y='505' T='388' />
<Point X='23' Y='504' T='403' />
<Point X='26' Y='502' T='413' />
<Point X='31' Y='499' T='431' />
<Point X='33' Y='498' T='442' />
<Point X='36' Y='497' T='463' />
<Point X='39' Y='496' T='474' />
<Point X='42' Y='496' T='481' />
<Point X='46' Y='495' T='495' />
<Point X='51' Y='494' T='508' />
<Point X='54' Y='494' T='529' />
<Point X='57' Y='493' T='536' />
<Point X='61' Y='493' T='546' />
<Point X='64' Y='493' T='561' />
<Point X='71' Y='492' T='588' />
<Point X='79' Y='491' T='603' />
<Point X='83' Y='491' T='610' />
<Point X='91' Y='491' T='634' />
<Point X='95' Y='490' T='646' />
<Point X='99' Y='490' T='664' />
<Point X='112' Y='487' T='693' />
<Point X='117' Y='486' T='709' />
<Point X='121' Y='485' T='714' />
<Point X='126' Y='485' T='734' />
<Point X='129' Y='484' T='745' />
<Point X='135' Y='484' T='763' />
<Point X='141' Y='484' T='790' />
<Point X='149' Y='484' T='808' />
<Point X='152' Y='484' T='819' />
</Stroke>
<Stroke index = '2' >
<Point X='199' Y='43' T='95' />
<Point X='199' Y='43' T='110' />
<Point X='199' Y='43' T='139' />
<Point X='199' Y='44' T='148' />
<Point X='198' Y='45' T='165' />
<Point X='198' Y='47' T='180' />
<Point X='197' Y='48' T='207' />
<Point X='197' Y='49' T='217' />
<Point X='196' Y='51' T='229' />
<Point X='196' Y='53' T='242' />
<Point X='196' Y='56' T='250' />
<Point X='196' Y='63' T='275' />
<Point X='195' Y='67' T='285' />
<Point X='195' Y='70' T='298' />
<Point X='194' Y='74' T='310' />
<Point X='194' Y='78' T='316' />
<Point X='193' Y='86' T='344' />
<Point X='193' Y='89' T='361' />
<Point X='192' Y='98' T='375' />
<Point X='192' Y='104' T='390' />
<Point X='192' Y='109' T='405' />
<Point X='192' Y='115' T='414' />
<Point X='192' Y='128' T='432' />
<Point X='192' Y='134' T='443' />
<Point X='192' Y='142' T='463' />
<Point X='191' Y='149' T='474' />
<Point X='191' Y='155' T='481' />
<Point X='191' Y='163' T='495' />
<Point X='190' Y='176' T='509' />
<Point X='190' Y='183' T='530' />
<Point X='190' Y='190' T='536' />
<Point X='190' Y='196' T='547' />
<Point X='189' Y='202' T='562' />
<Point X='189' Y='215' T='591' />
<Point X='189' Y='229' T='605' />
<Point X='189' Y='235' T='612' />
<Point X='189' Y='247' T='634' />
<Point X='190' Y='254' T='647' />
<Point X='190' Y='260' T='664' />
<Point X='191' Y='280' T='695' />
<Point X='191' Y='286' T='710' />
<Point X='192' Y='292' T='716' />
<Point X='192' Y='297' T='734' />
<Point X='193' Y='302' T='746' />
<Point X='193' Y='311' T='763' />
<Point X='194' Y='320' T='792' />
<Point X='195' Y='329' T='809' />
<Point X='197' Y='335' T='821' />
</Stroke>
<Stroke index = '5' >
<Point X='596' Y='191' T='121' />
<Point X='595' Y='191' T='140' />
<Point X='594' Y='191' T='149' />
<Point X='594' Y='192' T='165' />
<Point X='593' Y='194' T='180' />
<Point X='591' Y='196' T='209' />
<Point X='590' Y='197' T='217' />
<Point X='589' Y='198' T='230' />
<Point X='587' Y='200' T='242' />
<Point X='585' Y='203' T='251' />
<Point X='580' Y='210' T='275' />
<Point X='578' Y='213' T='285' />
<Point X='575' Y='216' T='299' />
<Point X='573' Y='218' T='311' />
<Point X='571' Y='221' T='317' />
<Point X='566' Y='228' T='345' />
<Point X='564' Y='232' T='362' />
<Point X='559' Y='237' T='376' />
<Point X='556' Y='241' T='390' />
<Point X='554' Y='246' T='406' />
<Point X='551' Y='251' T='415' />
<Point X='545' Y='260' T='434' />
<Point X='541' Y='265' T='443' />
<Point X='537' Y='271' T='464' />
<Point X='534' Y='276' T='475' />
<Point X='532' Y='280' T='482' />
<Point X='530' Y='284' T='496' />
<Point X='523' Y='294' T='509' />
<Point X='520' Y='298' T='531' />
<Point X='517' Y='301' T='537' />
<Point X='515' Y='305' T='548' />
<Point X='512' Y='310' T='563' />
<Point X='509' Y='318' T='593' />
<Point X='505' Y='325' T='605' />
<Point X='502' Y='329' T='612' />
<Point X='497' Y='338' T='634' />
<Point X='495' Y='341' T='648' />
<Point X='493' Y='345' T='665' />
<Point X='486' Y='357' T='696' />
<Point X='484' Y='360' T='711' />
<Point X='481' Y='363' T='716' />
<Point X='478' Y='367' T='735' />
<Point X='476' Y='370' T='746' />
<Point X='472' Y='376' T='764' />
<Point X='471' Y='381' T='794' />
<Point X='470' Y='385' T='810' />
<Point X='469' Y='388' T='821' />
</Stroke>
<Stroke index = '4' >
<Point X='510' Y='61' T='0' />
<Point X='509' Y='61' T='17' />
<Point X='509' Y='61' T='25' />
<Point X='509' Y='61' T='162' />
<Point X='509' Y='63' T='178' />
<Point X='508' Y='65' T='205' />
<Point X='508' Y='67' T='214' />
<Point X='507' Y='69' T='226' />
<Point X='507' Y='70' T='239' />
<Point X='506' Y='72' T='247' />
<Point X='502' Y='81' T='273' />
<Point X='499' Y='86' T='282' />
<Point X='497' Y='89' T='296' />
<Point X='495' Y='93' T='307' />
<Point X='493' Y='96' T='314' />
<Point X='489' Y='105' T='341' />
<Point X='487' Y='108' T='356' />
<Point X='483' Y='114' T='372' />
<Point X='481' Y='119' T='384' />
<Point X='478' Y='125' T='401' />
<Point X='475' Y='130' T='411' />
<Point X='470' Y='139' T='429' />
<Point X='468' Y='145' T='441' />
<Point X='465' Y='151' T='460' />
<Point X='463' Y='156' T='472' />
<Point X='459' Y='161' T='478' />
<Point X='455' Y='167' T='493' />
<Point X='450' Y='177' T='506' />
<Point X='448' Y='182' T='526' />
<Point X='445' Y='188' T='534' />
<Point X='443' Y='193' T='545' />
<Point X='440' Y='198' T='559' />
<Point X='432' Y='209' T='586' />
<Point X='427' Y='219' T='601' />
<Point X='425' Y='224' T='610' />
<Point X='420' Y='234' T='631' />
<Point X='418' Y='238' T='644' />
<Point X='415' Y='243' T='661' />
<Point X='407' Y='259' T='688' />
<Point X='405' Y='264' T='707' />
<Point X='403' Y='269' T='713' />
<Point X='401' Y='273' T='733' />
<Point X='399' Y='277' T='743' />
<Point X='395' Y='284' T='760' />
<Point X='391' Y='291' T='788' />
<Point X='389' Y='298' T='804' />
<Point X='388' Y='301' T='818' />
</Stroke>
<Stroke index = '3' >
<Point X='389' Y='1' T='12' />
<Point X='389' Y='1' T='19' />
<Point X='389' Y='0' T='40' />
<Point X='389' Y='0' T='82' />
<Point X='389' Y='0' T='91' />
<Point X='388' Y='0' T='109' />
<Point X='388' Y='0' T='163' />
<Point X='388' Y='0' T='179' />
<Point X='387' Y='2' T='206' />
<Point X='387' Y='3' T='215' />
<Point X='386' Y='4' T='227' />
<Point X='386' Y='6' T='240' />
<Point X='385' Y='9' T='248' />
<Point X='384' Y='16' T='273' />
<Point X='383' Y='20' T='283' />
<Point X='382' Y='24' T='297' />
<Point X='381' Y='27' T='308' />
<Point X='380' Y='31' T='315' />
<Point X='377' Y='39' T='343' />
<Point X='376' Y='43' T='359' />
<Point X='373' Y='51' T='373' />
<Point X='371' Y='56' T='387' />
<Point X='370' Y='61' T='402' />
<Point X='368' Y='66' T='412' />
<Point X='365' Y='78' T='431' />
<Point X='364' Y='84' T='441' />
<Point X='362' Y='89' T='462' />
<Point X='360' Y='95' T='473' />
<Point X='358' Y='102' T='480' />
<Point X='356' Y='108' T='493' />
<Point X='351' Y='119' T='508' />
<Point X='349' Y='126' T='527' />
<Point X='348' Y='131' T='535' />
<Point X='346' Y='137' T='545' />
<Point X='345' Y='143' T='560' />
<Point X='342' Y='154' T='588' />
<Point X='340' Y='166' T='603' />
<Point X='338' Y='171' T='610' />
<Point X='335' Y='182' T='633' />
<Point X='333' Y='188' T='645' />
<Point X='331' Y='194' T='663' />
<Point X='326' Y='212' T='692' />
<Point X='325' Y='217' T='708' />
<Point X='324' Y='223' T='714' />
<Point X='323' Y='228' T='733' />
<Point X='322' Y='233' T='744' />
<Point X='321' Y='240' T='762' />
<Point X='319' Y='248' T='789' />
<Point X='318' Y='256' T='807' />
<Point X='318' Y='259' T='819' />
</Stroke>

</Gesture>
