<?xml version='1.0' encoding='utf-8' standalone='yes'?>
<Gesture Name ='1_1_7' Subject = 'test'  Speed = 'MEDIUM' NumPts = '303' InputType='finger' >

<Stroke index = '4' >
<Point X='477' Y='63' T='35' />
<Point X='477' Y='63' T='41' />
<Point X='477' Y='63' T='66' />
<Point X='477' Y='63' T='130' />
<Point X='477' Y='64' T='142' />
<Point X='477' Y='65' T='152' />
<Point X='476' Y='66' T='166' />
<Point X='476' Y='67' T='177' />
<Point X='476' Y='69' T='189' />
<Point X='475' Y='71' T='198' />
<Point X='473' Y='74' T='224' />
<Point X='471' Y='78' T='234' />
<Point X='469' Y='82' T='245' />
<Point X='468' Y='86' T='255' />
<Point X='464' Y='93' T='278' />
<Point X='463' Y='96' T='293' />
<Point X='462' Y='100' T='307' />
<Point X='460' Y='105' T='319' />
<Point X='459' Y='110' T='329' />
<Point X='457' Y='114' T='342' />
<Point X='455' Y='119' T='354' />
<Point X='451' Y='125' T='361' />
<Point X='448' Y='131' T='376' />
<Point X='445' Y='136' T='389' />
<Point X='442' Y='143' T='397' />
<Point X='440' Y='149' T='405' />
<Point X='438' Y='154' T='418' />
<Point X='436' Y='158' T='426' />
<Point X='434' Y='163' T='444' />
<Point X='427' Y='174' T='460' />
<Point X='424' Y='179' T='472' />
<Point X='421' Y='185' T='484' />
<Point X='418' Y='191' T='493' />
<Point X='416' Y='197' T='509' />
<Point X='413' Y='202' T='521' />
<Point X='409' Y='208' T='529' />
<Point X='406' Y='214' T='541' />
<Point X='403' Y='218' T='553' />
<Point X='400' Y='223' T='561' />
<Point X='398' Y='228' T='578' />
<Point X='395' Y='234' T='588' />
<Point X='392' Y='239' T='595' />
<Point X='388' Y='244' T='610' />
<Point X='383' Y='250' T='618' />
<Point X='380' Y='256' T='631' />
<Point X='377' Y='261' T='644' />
<Point X='372' Y='270' T='663' />
<Point X='369' Y='276' T='678' />
<Point X='366' Y='280' T='692' />
<Point X='363' Y='284' T='702' />
<Point X='360' Y='288' T='718' />
<Point X='358' Y='293' T='730' />
<Point X='354' Y='302' T='744' />
<Point X='352' Y='306' T='756' />
<Point X='349' Y='311' T='764' />
<Point X='346' Y='316' T='779' />
<Point X='344' Y='320' T='792' />
<Point X='342' Y='323' T='800' />
<Point X='340' Y='325' T='815' />
</Stroke>
<Stroke index = '5' >
<Point X='583' Y='174' T='0' />
<Point X='581' Y='174' T='39' />
<Point X='581' Y='174' T='51' />
<Point X='580' Y='174' T='78' />
<Point X='580' Y='174' T='121' />
<Point X='579' Y='174' T='129' />
<Point X='579' Y='174' T='140' />
<Point X='578' Y='174' T='150' />
<Point X='578' Y='175' T='164' />
<Point X='577' Y='175' T='176' />
<Point X='576' Y='176' T='186' />
<Point X='574' Y='177' T='196' />
<Point X='569' Y='182' T='221' />
<Point X='567' Y='185' T='232' />
<Point X='565' Y='189' T='243' />
<Point X='563' Y='193' T='253' />
<Point X='559' Y='198' T='276' />
<Point X='556' Y='201' T='291' />
<Point X='552' Y='205' T='303' />
<Point X='548' Y='211' T='315' />
<Point X='546' Y='215' T='325' />
<Point X='544' Y='219' T='340' />
<Point X='541' Y='225' T='352' />
<Point X='538' Y='231' T='359' />
<Point X='535' Y='236' T='374' />
<Point X='532' Y='241' T='386' />
<Point X='528' Y='247' T='395' />
<Point X='525' Y='252' T='403' />
<Point X='523' Y='257' T='416' />
<Point X='521' Y='261' T='424' />
<Point X='518' Y='266' T='443' />
<Point X='510' Y='277' T='458' />
<Point X='506' Y='281' T='470' />
<Point X='503' Y='286' T='481' />
<Point X='499' Y='291' T='491' />
<Point X='495' Y='297' T='507' />
<Point X='491' Y='301' T='518' />
<Point X='488' Y='305' T='527' />
<Point X='485' Y='310' T='539' />
<Point X='482' Y='314' T='551' />
<Point X='480' Y='319' T='559' />
<Point X='478' Y='322' T='575' />
<Point X='475' Y='325' T='586' />
<Point X='471' Y='330' T='593' />
<Point X='467' Y='335' T='609' />
<Point X='464' Y='339' T='616' />
<Point X='461' Y='343' T='628' />
<Point X='459' Y='346' T='642' />
<Point X='452' Y='354' T='661' />
<Point X='449' Y='358' T='676' />
<Point X='446' Y='362' T='689' />
<Point X='444' Y='364' T='699' />
<Point X='442' Y='367' T='715' />
<Point X='440' Y='370' T='727' />
<Point X='436' Y='378' T='741' />
<Point X='433' Y='381' T='754' />
<Point X='430' Y='384' T='762' />
<Point X='428' Y='387' T='777' />
<Point X='425' Y='389' T='790' />
<Point X='423' Y='393' T='798' />
<Point X='421' Y='397' T='813' />
</Stroke>
<Stroke index = '3' >
<Point X='364' Y='0' T='55' />
<Point X='364' Y='0' T='80' />
<Point X='364' Y='0' T='91' />
<Point X='363' Y='0' T='97' />
<Point X='363' Y='0' T='105' />
<Point X='363' Y='1' T='122' />
<Point X='362' Y='1' T='131' />
<Point X='362' Y='2' T='143' />
<Point X='362' Y='3' T='152' />
<Point X='361' Y='5' T='167' />
<Point X='361' Y='6' T='178' />
<Point X='360' Y='7' T='190' />
<Point X='360' Y='9' T='198' />
<Point X='359' Y='14' T='224' />
<Point X='359' Y='18' T='235' />
<Point X='358' Y='21' T='245' />
<Point X='358' Y='25' T='257' />
<Point X='356' Y='32' T='278' />
<Point X='356' Y='36' T='294' />
<Point X='355' Y='41' T='307' />
<Point X='354' Y='45' T='319' />
<Point X='353' Y='50' T='331' />
<Point X='351' Y='54' T='343' />
<Point X='350' Y='60' T='355' />
<Point X='348' Y='66' T='362' />
<Point X='346' Y='71' T='376' />
<Point X='344' Y='77' T='391' />
<Point X='342' Y='83' T='400' />
<Point X='340' Y='89' T='407' />
<Point X='339' Y='95' T='419' />
<Point X='337' Y='100' T='428' />
<Point X='336' Y='106' T='444' />
<Point X='333' Y='116' T='461' />
<Point X='332' Y='123' T='473' />
<Point X='330' Y='129' T='484' />
<Point X='327' Y='135' T='494' />
<Point X='324' Y='143' T='510' />
<Point X='322' Y='150' T='522' />
<Point X='320' Y='156' T='529' />
<Point X='318' Y='162' T='542' />
<Point X='316' Y='168' T='554' />
<Point X='315' Y='174' T='562' />
<Point X='313' Y='180' T='579' />
<Point X='311' Y='187' T='589' />
<Point X='308' Y='194' T='596' />
<Point X='305' Y='200' T='611' />
<Point X='301' Y='209' T='619' />
<Point X='298' Y='215' T='631' />
<Point X='296' Y='222' T='645' />
<Point X='292' Y='236' T='663' />
<Point X='289' Y='242' T='679' />
<Point X='286' Y='250' T='693' />
<Point X='283' Y='257' T='703' />
<Point X='280' Y='262' T='719' />
<Point X='277' Y='268' T='730' />
<Point X='274' Y='281' T='744' />
<Point X='273' Y='288' T='757' />
<Point X='271' Y='294' T='764' />
<Point X='270' Y='299' T='780' />
<Point X='269' Y='304' T='793' />
<Point X='268' Y='307' T='801' />
<Point X='267' Y='311' T='815' />
</Stroke>
<Stroke index = '2' >
<Point X='170' Y='60' T='82' />
<Point X='170' Y='60' T='98' />
<Point X='170' Y='60' T='106' />
<Point X='170' Y='60' T='131' />
<Point X='170' Y='61' T='143' />
<Point X='170' Y='63' T='153' />
<Point X='170' Y='64' T='168' />
<Point X='170' Y='66' T='179' />
<Point X='170' Y='68' T='192' />
<Point X='170' Y='69' T='198' />
<Point X='170' Y='72' T='226' />
<Point X='170' Y='75' T='235' />
<Point X='170' Y='78' T='245' />
<Point X='171' Y='83' T='257' />
<Point X='171' Y='90' T='279' />
<Point X='171' Y='93' T='295' />
<Point X='171' Y='97' T='309' />
<Point X='171' Y='102' T='320' />
<Point X='171' Y='107' T='331' />
<Point X='171' Y='112' T='344' />
<Point X='171' Y='117' T='356' />
<Point X='171' Y='123' T='363' />
<Point X='171' Y='129' T='377' />
<Point X='171' Y='135' T='392' />
<Point X='171' Y='141' T='400' />
<Point X='171' Y='148' T='408' />
<Point X='171' Y='154' T='420' />
<Point X='171' Y='159' T='429' />
<Point X='171' Y='165' T='445' />
<Point X='170' Y='177' T='462' />
<Point X='170' Y='184' T='475' />
<Point X='170' Y='191' T='484' />
<Point X='169' Y='197' T='497' />
<Point X='169' Y='206' T='511' />
<Point X='169' Y='213' T='523' />
<Point X='169' Y='219' T='530' />
<Point X='169' Y='225' T='543' />
<Point X='169' Y='233' T='554' />
<Point X='168' Y='238' T='563' />
<Point X='167' Y='244' T='579' />
<Point X='166' Y='252' T='590' />
<Point X='165' Y='259' T='596' />
<Point X='164' Y='267' T='612' />
<Point X='163' Y='276' T='619' />
<Point X='162' Y='282' T='631' />
<Point X='161' Y='289' T='645' />
<Point X='159' Y='302' T='665' />
<Point X='158' Y='307' T='680' />
<Point X='158' Y='313' T='695' />
<Point X='157' Y='319' T='704' />
<Point X='156' Y='323' T='719' />
<Point X='156' Y='327' T='731' />
<Point X='154' Y='338' T='745' />
<Point X='154' Y='343' T='759' />
<Point X='154' Y='346' T='765' />
<Point X='154' Y='351' T='781' />
<Point X='155' Y='357' T='794' />
<Point X='156' Y='361' T='803' />
<Point X='157' Y='364' T='816' />
</Stroke>
<Stroke index = '1' >
<Point X='1' Y='540' T='32' />
<Point X='0' Y='540' T='40' />
<Point X='0' Y='539' T='53' />
<Point X='0' Y='539' T='63' />
<Point X='0' Y='538' T='90' />
<Point X='0' Y='538' T='96' />
<Point X='0' Y='537' T='121' />
<Point X='0' Y='537' T='141' />
<Point X='0' Y='536' T='151' />
<Point X='0' Y='536' T='165' />
<Point X='0' Y='535' T='177' />
<Point X='1' Y='535' T='188' />
<Point X='1' Y='534' T='197' />
<Point X='3' Y='533' T='223' />
<Point X='3' Y='532' T='233' />
<Point X='4' Y='532' T='244' />
<Point X='4' Y='531' T='254' />
<Point X='6' Y='529' T='277' />
<Point X='7' Y='528' T='292' />
<Point X='8' Y='527' T='306' />
<Point X='9' Y='526' T='316' />
<Point X='11' Y='525' T='326' />
<Point X='13' Y='523' T='341' />
<Point X='16' Y='522' T='353' />
<Point X='18' Y='520' T='360' />
<Point X='20' Y='519' T='375' />
<Point X='22' Y='518' T='387' />
<Point X='23' Y='517' T='396' />
<Point X='24' Y='516' T='404' />
<Point X='26' Y='515' T='417' />
<Point X='27' Y='515' T='425' />
<Point X='29' Y='514' T='444' />
<Point X='32' Y='513' T='459' />
<Point X='35' Y='513' T='472' />
<Point X='38' Y='512' T='483' />
<Point X='40' Y='511' T='493' />
<Point X='43' Y='510' T='507' />
<Point X='45' Y='509' T='520' />
<Point X='48' Y='508' T='527' />
<Point X='51' Y='507' T='540' />
<Point X='54' Y='506' T='552' />
<Point X='58' Y='505' T='560' />
<Point X='61' Y='504' T='576' />
<Point X='64' Y='503' T='587' />
<Point X='68' Y='501' T='594' />
<Point X='72' Y='500' T='610' />
<Point X='77' Y='498' T='618' />
<Point X='82' Y='497' T='629' />
<Point X='85' Y='496' T='643' />
<Point X='91' Y='494' T='662' />
<Point X='94' Y='493' T='677' />
<Point X='97' Y='491' T='690' />
<Point X='100' Y='490' T='700' />
<Point X='103' Y='489' T='717' />
<Point X='107' Y='487' T='728' />
<Point X='116' Y='484' T='743' />
<Point X='121' Y='482' T='756' />
<Point X='126' Y='481' T='763' />
<Point X='130' Y='480' T='778' />
<Point X='135' Y='479' T='791' />
<Point X='139' Y='478' T='799' />
<Point X='143' Y='477' T='814' />
</Stroke>

</Gesture>
