<?xml version='1.0' encoding='utf-8' standalone='yes'?>
<Gesture Name ='1_1_16' Subject = 'test'  Speed = 'MEDIUM' NumPts = '149' InputType='finger' >

<Stroke index = '1' >
<Point X='7' Y='504' T='0' />
<Point X='5' Y='504' T='34' />
<Point X='4' Y='503' T='57' />
<Point X='4' Y='502' T='62' />
<Point X='3' Y='501' T='70' />
<Point X='2' Y='501' T='83' />
<Point X='2' Y='500' T='92' />
<Point X='1' Y='500' T='103' />
<Point X='1' Y='499' T='115' />
<Point X='0' Y='499' T='125' />
<Point X='0' Y='498' T='138' />
<Point X='0' Y='498' T='148' />
<Point X='0' Y='497' T='158' />
<Point X='1' Y='496' T='171' />
<Point X='2' Y='495' T='184' />
<Point X='4' Y='494' T='197' />
<Point X='6' Y='492' T='204' />
<Point X='8' Y='491' T='218' />
<Point X='10' Y='489' T='234' />
<Point X='12' Y='488' T='241' />
<Point X='14' Y='486' T='251' />
<Point X='17' Y='485' T='269' />
<Point X='19' Y='483' T='277' />
<Point X='22' Y='482' T='290' />
<Point X='24' Y='481' T='304' />
<Point X='32' Y='477' T='330' />
<Point X='37' Y='475' T='344' />
<Point X='41' Y='474' T='352' />
<Point X='50' Y='470' T='375' />
<Point X='54' Y='468' T='388' />
<Point X='60' Y='466' T='402' />
<Point X='71' Y='462' T='431' />
<Point X='88' Y='458' T='451' />
<Point X='106' Y='454' T='466' />
</Stroke>
<Stroke index = '5' >
<Point X='584' Y='152' T='17' />
<Point X='584' Y='152' T='34' />
<Point X='584' Y='151' T='58' />
<Point X='584' Y='151' T='64' />
<Point X='584' Y='150' T='72' />
<Point X='584' Y='150' T='84' />
<Point X='584' Y='150' T='93' />
<Point X='584' Y='150' T='116' />
<Point X='583' Y='150' T='126' />
<Point X='583' Y='150' T='139' />
<Point X='582' Y='150' T='149' />
<Point X='581' Y='151' T='159' />
<Point X='580' Y='152' T='172' />
<Point X='579' Y='153' T='185' />
<Point X='578' Y='154' T='197' />
<Point X='576' Y='156' T='206' />
<Point X='574' Y='160' T='218' />
<Point X='572' Y='164' T='235' />
<Point X='570' Y='169' T='241' />
<Point X='568' Y='173' T='252' />
<Point X='566' Y='176' T='271' />
<Point X='564' Y='180' T='279' />
<Point X='559' Y='185' T='291' />
<Point X='555' Y='191' T='304' />
<Point X='543' Y='209' T='331' />
<Point X='538' Y='215' T='346' />
<Point X='532' Y='222' T='353' />
<Point X='522' Y='237' T='376' />
<Point X='516' Y='244' T='390' />
<Point X='510' Y='252' T='404' />
<Point X='501' Y='266' T='432' />
<Point X='490' Y='283' T='452' />
<Point X='477' Y='302' T='470' />
</Stroke>
<Stroke index = '3' >
<Point X='372' Y='0' T='66' />
<Point X='372' Y='0' T='72' />
<Point X='372' Y='0' T='85' />
<Point X='371' Y='0' T='93' />
<Point X='371' Y='0' T='104' />
<Point X='370' Y='0' T='117' />
<Point X='370' Y='0' T='128' />
<Point X='369' Y='0' T='140' />
<Point X='368' Y='0' T='150' />
<Point X='367' Y='2' T='160' />
<Point X='366' Y='4' T='173' />
<Point X='365' Y='6' T='186' />
<Point X='364' Y='8' T='199' />
<Point X='364' Y='10' T='208' />
<Point X='363' Y='14' T='220' />
<Point X='363' Y='19' T='237' />
<Point X='362' Y='24' T='243' />
<Point X='362' Y='28' T='253' />
<Point X='361' Y='32' T='273' />
<Point X='360' Y='38' T='281' />
<Point X='359' Y='44' T='293' />
<Point X='357' Y='50' T='306' />
<Point X='351' Y='71' T='333' />
<Point X='348' Y='81' T='347' />
<Point X='345' Y='89' T='353' />
<Point X='341' Y='109' T='378' />
<Point X='340' Y='118' T='394' />
<Point X='338' Y='130' T='407' />
<Point X='334' Y='151' T='437' />
<Point X='325' Y='175' T='453' />
</Stroke>
<Stroke index = '4' >
<Point X='484' Y='35' T='60' />
<Point X='484' Y='35' T='84' />
<Point X='483' Y='35' T='127' />
<Point X='483' Y='36' T='139' />
<Point X='483' Y='38' T='149' />
<Point X='483' Y='40' T='160' />
<Point X='483' Y='43' T='172' />
<Point X='482' Y='46' T='185' />
<Point X='482' Y='48' T='198' />
<Point X='481' Y='50' T='206' />
<Point X='480' Y='53' T='220' />
<Point X='479' Y='58' T='236' />
<Point X='478' Y='63' T='243' />
<Point X='476' Y='68' T='252' />
<Point X='474' Y='72' T='272' />
<Point X='471' Y='76' T='280' />
<Point X='468' Y='83' T='292' />
<Point X='466' Y='89' T='305' />
<Point X='459' Y='110' T='331' />
<Point X='454' Y='118' T='346' />
<Point X='448' Y='129' T='353' />
<Point X='440' Y='147' T='377' />
<Point X='437' Y='154' T='390' />
<Point X='431' Y='163' T='405' />
<Point X='423' Y='180' T='435' />
<Point X='412' Y='201' T='453' />
</Stroke>
<Stroke index = '2' >
<Point X='190' Y='46' T='105' />
<Point X='190' Y='46' T='118' />
<Point X='190' Y='46' T='128' />
<Point X='190' Y='47' T='140' />
<Point X='189' Y='47' T='151' />
<Point X='189' Y='48' T='161' />
<Point X='188' Y='50' T='174' />
<Point X='188' Y='51' T='187' />
<Point X='188' Y='53' T='199' />
<Point X='188' Y='57' T='209' />
<Point X='188' Y='61' T='220' />
<Point X='189' Y='66' T='238' />
<Point X='189' Y='69' T='244' />
<Point X='189' Y='73' T='253' />
<Point X='190' Y='77' T='274' />
<Point X='190' Y='83' T='283' />
<Point X='190' Y='88' T='294' />
<Point X='190' Y='93' T='307' />
<Point X='191' Y='114' T='335' />
<Point X='191' Y='123' T='348' />
<Point X='192' Y='131' T='354' />
<Point X='193' Y='151' T='378' />
<Point X='193' Y='160' T='395' />
<Point X='194' Y='171' T='408' />
<Point X='194' Y='194' T='439' />
<Point X='194' Y='219' T='455' />
</Stroke>

</Gesture>
