<?xml version='1.0' encoding='utf-8' standalone='yes'?>
<Gesture Name ='1_1_9' Subject = 'test'  Speed = 'MEDIUM' NumPts = '292' InputType='finger' >

<Stroke index = '1' >
<Point X='0' Y='509' T='97' />
<Point X='0' Y='509' T='123' />
<Point X='0' Y='509' T='129' />
<Point X='0' Y='508' T='168' />
<Point X='0' Y='508' T='177' />
<Point X='0' Y='507' T='186' />
<Point X='0' Y='507' T='212' />
<Point X='1' Y='507' T='226' />
<Point X='1' Y='507' T='238' />
<Point X='2' Y='506' T='247' />
<Point X='3' Y='506' T='260' />
<Point X='4' Y='506' T='270' />
<Point X='5' Y='505' T='279' />
<Point X='6' Y='505' T='291' />
<Point X='8' Y='504' T='304' />
<Point X='9' Y='504' T='313' />
<Point X='10' Y='503' T='321' />
<Point X='12' Y='502' T='351' />
<Point X='13' Y='502' T='363' />
<Point X='14' Y='501' T='370' />
<Point X='16' Y='499' T='395' />
<Point X='18' Y='497' T='406' />
<Point X='22' Y='495' T='423' />
<Point X='30' Y='490' T='452' />
<Point X='32' Y='488' T='470' />
<Point X='33' Y='487' T='479' />
<Point X='35' Y='485' T='499' />
<Point X='37' Y='485' T='511' />
<Point X='39' Y='484' T='524' />
<Point X='46' Y='480' T='554' />
<Point X='48' Y='479' T='571' />
<Point X='51' Y='477' T='578' />
<Point X='55' Y='475' T='596' />
<Point X='57' Y='473' T='608' />
<Point X='59' Y='472' T='623' />
<Point X='61' Y='470' T='638' />
<Point X='63' Y='469' T='645' />
<Point X='66' Y='467' T='659' />
<Point X='70' Y='465' T='672' />
<Point X='73' Y='464' T='678' />
<Point X='75' Y='463' T='692' />
<Point X='78' Y='461' T='705' />
<Point X='80' Y='460' T='718' />
<Point X='83' Y='458' T='726' />
<Point X='86' Y='457' T='737' />
<Point X='89' Y='455' T='748' />
<Point X='93' Y='453' T='759' />
<Point X='96' Y='451' T='770' />
<Point X='100' Y='449' T='776' />
<Point X='103' Y='447' T='792' />
<Point X='107' Y='445' T='802' />
<Point X='112' Y='443' T='811' />
<Point X='115' Y='441' T='824' />
<Point X='119' Y='440' T='836' />
<Point X='123' Y='438' T='845' />
<Point X='127' Y='436' T='856' />
<Point X='131' Y='435' T='865' />
</Stroke>
<Stroke index = '2' >
<Point X='170' Y='55' T='94' />
<Point X='170' Y='55' T='121' />
<Point X='170' Y='56' T='138' />
<Point X='170' Y='57' T='168' />
<Point X='170' Y='58' T='175' />
<Point X='170' Y='59' T='185' />
<Point X='170' Y='60' T='203' />
<Point X='170' Y='61' T='212' />
<Point X='170' Y='62' T='225' />
<Point X='170' Y='63' T='237' />
<Point X='170' Y='64' T='246' />
<Point X='170' Y='66' T='258' />
<Point X='170' Y='69' T='269' />
<Point X='170' Y='72' T='278' />
<Point X='170' Y='76' T='290' />
<Point X='170' Y='79' T='302' />
<Point X='170' Y='82' T='311' />
<Point X='170' Y='84' T='321' />
<Point X='170' Y='91' T='350' />
<Point X='170' Y='95' T='363' />
<Point X='169' Y='99' T='369' />
<Point X='169' Y='106' T='394' />
<Point X='168' Y='109' T='405' />
<Point X='168' Y='114' T='422' />
<Point X='167' Y='126' T='451' />
<Point X='166' Y='130' T='469' />
<Point X='166' Y='134' T='478' />
<Point X='166' Y='142' T='498' />
<Point X='165' Y='145' T='510' />
<Point X='165' Y='148' T='523' />
<Point X='164' Y='161' T='553' />
<Point X='164' Y='165' T='570' />
<Point X='164' Y='169' T='576' />
<Point X='164' Y='177' T='595' />
<Point X='164' Y='182' T='607' />
<Point X='164' Y='186' T='622' />
<Point X='164' Y='189' T='638' />
<Point X='164' Y='193' T='645' />
<Point X='164' Y='197' T='659' />
<Point X='164' Y='202' T='671' />
<Point X='164' Y='206' T='677' />
<Point X='164' Y='209' T='692' />
<Point X='164' Y='213' T='704' />
<Point X='164' Y='218' T='717' />
<Point X='163' Y='223' T='726' />
<Point X='163' Y='228' T='737' />
<Point X='163' Y='232' T='746' />
<Point X='163' Y='237' T='758' />
<Point X='163' Y='243' T='770' />
<Point X='163' Y='248' T='775' />
<Point X='163' Y='253' T='790' />
<Point X='162' Y='259' T='802' />
<Point X='162' Y='265' T='811' />
<Point X='162' Y='270' T='824' />
<Point X='161' Y='275' T='836' />
<Point X='161' Y='279' T='845' />
<Point X='161' Y='285' T='855' />
<Point X='161' Y='290' T='865' />
</Stroke>
<Stroke index = '3' >
<Point X='350' Y='0' T='40' />
<Point X='350' Y='0' T='50' />
<Point X='350' Y='0' T='71' />
<Point X='350' Y='0' T='120' />
<Point X='349' Y='1' T='138' />
<Point X='349' Y='2' T='167' />
<Point X='348' Y='3' T='174' />
<Point X='348' Y='4' T='185' />
<Point X='347' Y='6' T='203' />
<Point X='347' Y='8' T='211' />
<Point X='346' Y='10' T='224' />
<Point X='346' Y='12' T='237' />
<Point X='345' Y='15' T='245' />
<Point X='345' Y='18' T='258' />
<Point X='344' Y='20' T='267' />
<Point X='344' Y='23' T='276' />
<Point X='343' Y='27' T='289' />
<Point X='342' Y='31' T='302' />
<Point X='340' Y='35' T='311' />
<Point X='339' Y='39' T='320' />
<Point X='336' Y='45' T='348' />
<Point X='335' Y='49' T='362' />
<Point X='333' Y='53' T='369' />
<Point X='331' Y='61' T='393' />
<Point X='330' Y='64' T='404' />
<Point X='329' Y='68' T='421' />
<Point X='326' Y='81' T='449' />
<Point X='325' Y='84' T='467' />
<Point X='324' Y='87' T='477' />
<Point X='321' Y='95' T='497' />
<Point X='320' Y='99' T='509' />
<Point X='318' Y='102' T='522' />
<Point X='314' Y='111' T='552' />
<Point X='312' Y='116' T='569' />
<Point X='310' Y='120' T='576' />
<Point X='309' Y='127' T='594' />
<Point X='308' Y='131' T='606' />
<Point X='307' Y='135' T='622' />
<Point X='307' Y='139' T='637' />
<Point X='306' Y='143' T='643' />
<Point X='305' Y='147' T='657' />
<Point X='304' Y='150' T='670' />
<Point X='303' Y='153' T='676' />
<Point X='302' Y='158' T='691' />
<Point X='300' Y='162' T='704' />
<Point X='299' Y='166' T='715' />
<Point X='297' Y='169' T='725' />
<Point X='295' Y='173' T='736' />
<Point X='292' Y='178' T='746' />
<Point X='290' Y='183' T='756' />
<Point X='289' Y='188' T='769' />
<Point X='287' Y='193' T='775' />
<Point X='286' Y='198' T='790' />
<Point X='284' Y='204' T='801' />
<Point X='283' Y='209' T='810' />
<Point X='281' Y='214' T='822' />
<Point X='278' Y='219' T='835' />
<Point X='276' Y='224' T='844' />
<Point X='274' Y='228' T='855' />
<Point X='272' Y='232' T='864' />
</Stroke>
<Stroke index = '4' >
<Point X='455' Y='57' T='27' />
<Point X='455' Y='57' T='49' />
<Point X='455' Y='57' T='91' />
<Point X='455' Y='58' T='118' />
<Point X='455' Y='58' T='128' />
<Point X='455' Y='59' T='137' />
<Point X='455' Y='60' T='165' />
<Point X='455' Y='60' T='173' />
<Point X='455' Y='61' T='184' />
<Point X='455' Y='62' T='201' />
<Point X='455' Y='62' T='209' />
<Point X='455' Y='63' T='223' />
<Point X='455' Y='64' T='235' />
<Point X='455' Y='66' T='244' />
<Point X='455' Y='67' T='256' />
<Point X='455' Y='69' T='267' />
<Point X='455' Y='73' T='275' />
<Point X='454' Y='76' T='288' />
<Point X='454' Y='79' T='301' />
<Point X='453' Y='81' T='310' />
<Point X='452' Y='84' T='319' />
<Point X='450' Y='89' T='347' />
<Point X='449' Y='93' T='361' />
<Point X='447' Y='97' T='369' />
<Point X='442' Y='103' T='392' />
<Point X='440' Y='105' T='403' />
<Point X='437' Y='108' T='421' />
<Point X='431' Y='121' T='447' />
<Point X='430' Y='124' T='465' />
<Point X='428' Y='126' T='475' />
<Point X='425' Y='131' T='496' />
<Point X='422' Y='135' T='508' />
<Point X='420' Y='139' T='522' />
<Point X='414' Y='147' T='549' />
<Point X='413' Y='150' T='568' />
<Point X='411' Y='153' T='575' />
<Point X='408' Y='162' T='593' />
<Point X='407' Y='165' T='605' />
<Point X='405' Y='167' T='620' />
<Point X='402' Y='170' T='636' />
<Point X='399' Y='173' T='643' />
<Point X='397' Y='177' T='656' />
<Point X='394' Y='181' T='670' />
<Point X='392' Y='185' T='675' />
<Point X='391' Y='187' T='690' />
<Point X='390' Y='190' T='703' />
<Point X='389' Y='192' T='714' />
<Point X='387' Y='196' T='724' />
<Point X='385' Y='201' T='735' />
<Point X='383' Y='205' T='744' />
<Point X='380' Y='209' T='755' />
<Point X='377' Y='212' T='767' />
<Point X='373' Y='217' T='774' />
<Point X='370' Y='223' T='788' />
<Point X='368' Y='227' T='799' />
<Point X='366' Y='231' T='809' />
<Point X='362' Y='236' T='822' />
<Point X='358' Y='241' T='833' />
<Point X='355' Y='246' T='843' />
<Point X='352' Y='249' T='854' />
<Point X='350' Y='252' T='863' />
</Stroke>
<Stroke index = '5' >
<Point X='557' Y='166' T='0' />
<Point X='557' Y='166' T='38' />
<Point X='557' Y='166' T='48' />
<Point X='557' Y='166' T='70' />
<Point X='557' Y='166' T='200' />
<Point X='557' Y='167' T='208' />
<Point X='556' Y='167' T='222' />
<Point X='556' Y='168' T='234' />
<Point X='555' Y='168' T='242' />
<Point X='555' Y='170' T='255' />
<Point X='554' Y='172' T='266' />
<Point X='553' Y='174' T='274' />
<Point X='552' Y='178' T='288' />
<Point X='549' Y='181' T='300' />
<Point X='546' Y='185' T='309' />
<Point X='544' Y='187' T='318' />
<Point X='539' Y='193' T='346' />
<Point X='536' Y='196' T='361' />
<Point X='534' Y='200' T='367' />
<Point X='530' Y='207' T='390' />
<Point X='528' Y='209' T='402' />
<Point X='525' Y='211' T='419' />
<Point X='516' Y='222' T='446' />
<Point X='514' Y='225' T='463' />
<Point X='512' Y='228' T='474' />
<Point X='508' Y='233' T='493' />
<Point X='505' Y='236' T='507' />
<Point X='502' Y='239' T='520' />
<Point X='496' Y='248' T='547' />
<Point X='495' Y='250' T='567' />
<Point X='493' Y='252' T='574' />
<Point X='490' Y='256' T='592' />
<Point X='487' Y='258' T='604' />
<Point X='484' Y='261' T='619' />
<Point X='481' Y='264' T='635' />
<Point X='479' Y='267' T='642' />
<Point X='477' Y='269' T='655' />
<Point X='475' Y='271' T='668' />
<Point X='473' Y='273' T='674' />
<Point X='471' Y='276' T='688' />
<Point X='468' Y='279' T='702' />
<Point X='465' Y='283' T='711' />
<Point X='462' Y='287' T='723' />
<Point X='459' Y='290' T='734' />
<Point X='456' Y='292' T='744' />
<Point X='454' Y='295' T='752' />
<Point X='451' Y='299' T='766' />
<Point X='447' Y='303' T='773' />
<Point X='444' Y='307' T='786' />
<Point X='440' Y='311' T='798' />
<Point X='437' Y='314' T='808' />
<Point X='435' Y='316' T='820' />
<Point X='432' Y='320' T='831' />
<Point X='430' Y='323' T='843' />
<Point X='427' Y='327' T='853' />
<Point X='424' Y='330' T='863' />
</Stroke>

</Gesture>
