<?xml version='1.0' encoding='utf-8' standalone='yes'?>
<Gesture Name ='1_1_12' Subject = 'test'  Speed = 'MEDIUM' NumPts = '196' InputType='finger' >

<Stroke index = '4' >
<Point X='457' Y='54' T='0' />
<Point X='458' Y='52' T='95' />
<Point X='458' Y='52' T='164' />
<Point X='458' Y='53' T='173' />
<Point X='458' Y='54' T='186' />
<Point X='458' Y='56' T='196' />
<Point X='458' Y='57' T='214' />
<Point X='458' Y='58' T='224' />
<Point X='458' Y='59' T='231' />
<Point X='458' Y='60' T='247' />
<Point X='458' Y='61' T='257' />
<Point X='458' Y='62' T='269' />
<Point X='458' Y='64' T='281' />
<Point X='458' Y='66' T='292' />
<Point X='458' Y='69' T='303' />
<Point X='457' Y='74' T='313' />
<Point X='457' Y='78' T='325' />
<Point X='456' Y='81' T='337' />
<Point X='456' Y='85' T='347' />
<Point X='455' Y='89' T='358' />
<Point X='454' Y='95' T='364' />
<Point X='453' Y='100' T='382' />
<Point X='452' Y='104' T='392' />
<Point X='451' Y='109' T='400' />
<Point X='448' Y='116' T='412' />
<Point X='445' Y='122' T='424' />
<Point X='442' Y='127' T='433' />
<Point X='437' Y='133' T='447' />
<Point X='434' Y='141' T='460' />
<Point X='431' Y='146' T='472' />
<Point X='428' Y='152' T='481' />
<Point X='423' Y='161' T='495' />
<Point X='418' Y='167' T='502' />
<Point X='412' Y='178' T='514' />
<Point X='405' Y='187' T='531' />
<Point X='395' Y='203' T='538' />
<Point X='388' Y='212' T='548' />
<Point X='378' Y='227' T='566' />
<Point X='373' Y='235' T='578' />
<Point X='366' Y='247' T='587' />
</Stroke>
<Stroke index = '2' >
<Point X='165' Y='65' T='85' />
<Point X='165' Y='65' T='114' />
<Point X='164' Y='65' T='129' />
<Point X='164' Y='65' T='141' />
<Point X='163' Y='65' T='165' />
<Point X='163' Y='65' T='174' />
<Point X='163' Y='66' T='187' />
<Point X='163' Y='66' T='197' />
<Point X='163' Y='67' T='215' />
<Point X='162' Y='67' T='225' />
<Point X='162' Y='68' T='233' />
<Point X='162' Y='70' T='248' />
<Point X='162' Y='72' T='259' />
<Point X='162' Y='74' T='269' />
<Point X='162' Y='77' T='282' />
<Point X='162' Y='79' T='294' />
<Point X='162' Y='81' T='305' />
<Point X='162' Y='83' T='315' />
<Point X='162' Y='86' T='327' />
<Point X='162' Y='90' T='339' />
<Point X='162' Y='95' T='348' />
<Point X='162' Y='100' T='359' />
<Point X='162' Y='104' T='366' />
<Point X='162' Y='109' T='382' />
<Point X='162' Y='115' T='394' />
<Point X='163' Y='122' T='400' />
<Point X='163' Y='128' T='413' />
<Point X='164' Y='137' T='426' />
<Point X='164' Y='143' T='433' />
<Point X='164' Y='151' T='448' />
<Point X='165' Y='160' T='461' />
<Point X='165' Y='166' T='474' />
<Point X='165' Y='176' T='483' />
<Point X='165' Y='184' T='496' />
<Point X='166' Y='195' T='502' />
<Point X='166' Y='205' T='514' />
<Point X='166' Y='220' T='531' />
<Point X='167' Y='230' T='539' />
<Point X='169' Y='248' T='549' />
<Point X='169' Y='257' T='567' />
<Point X='170' Y='272' T='580' />
<Point X='170' Y='281' T='588' />
</Stroke>
<Stroke index = '3' >
<Point X='323' Y='0' T='98' />
<Point X='323' Y='0' T='114' />
<Point X='323' Y='0' T='131' />
<Point X='322' Y='1' T='166' />
<Point X='322' Y='1' T='175' />
<Point X='322' Y='2' T='189' />
<Point X='322' Y='4' T='198' />
<Point X='322' Y='6' T='215' />
<Point X='322' Y='8' T='226' />
<Point X='322' Y='11' T='234' />
<Point X='322' Y='13' T='249' />
<Point X='322' Y='16' T='260' />
<Point X='322' Y='18' T='271' />
<Point X='322' Y='20' T='283' />
<Point X='321' Y='22' T='295' />
<Point X='321' Y='25' T='307' />
<Point X='321' Y='29' T='315' />
<Point X='321' Y='34' T='327' />
<Point X='320' Y='39' T='339' />
<Point X='320' Y='43' T='349' />
<Point X='319' Y='47' T='360' />
<Point X='318' Y='53' T='366' />
<Point X='317' Y='59' T='383' />
<Point X='316' Y='63' T='395' />
<Point X='314' Y='71' T='401' />
<Point X='313' Y='77' T='415' />
<Point X='312' Y='83' T='426' />
<Point X='311' Y='91' T='437' />
<Point X='309' Y='99' T='449' />
<Point X='309' Y='106' T='462' />
<Point X='308' Y='114' T='475' />
<Point X='307' Y='121' T='483' />
<Point X='306' Y='128' T='496' />
<Point X='305' Y='139' T='503' />
<Point X='304' Y='147' T='514' />
<Point X='301' Y='160' T='531' />
<Point X='298' Y='170' T='539' />
<Point X='293' Y='184' T='549' />
<Point X='291' Y='194' T='568' />
<Point X='288' Y='206' T='581' />
<Point X='286' Y='214' T='589' />
</Stroke>
<Stroke index = '1' >
<Point X='0' Y='549' T='133' />
<Point X='0' Y='549' T='142' />
<Point X='0' Y='549' T='216' />
<Point X='1' Y='549' T='227' />
<Point X='1' Y='549' T='235' />
<Point X='2' Y='549' T='250' />
<Point X='3' Y='549' T='261' />
<Point X='4' Y='549' T='271' />
<Point X='5' Y='549' T='284' />
<Point X='6' Y='549' T='296' />
<Point X='8' Y='549' T='307' />
<Point X='9' Y='549' T='316' />
<Point X='11' Y='548' T='329' />
<Point X='12' Y='548' T='340' />
<Point X='14' Y='547' T='350' />
<Point X='15' Y='547' T='361' />
<Point X='17' Y='546' T='367' />
<Point X='19' Y='545' T='384' />
<Point X='22' Y='543' T='396' />
<Point X='27' Y='541' T='403' />
<Point X='31' Y='538' T='415' />
<Point X='36' Y='534' T='427' />
<Point X='40' Y='531' T='438' />
<Point X='46' Y='527' T='450' />
<Point X='51' Y='524' T='463' />
<Point X='56' Y='522' T='475' />
<Point X='60' Y='519' T='484' />
<Point X='65' Y='516' T='496' />
<Point X='70' Y='512' T='504' />
<Point X='76' Y='508' T='515' />
<Point X='83' Y='504' T='531' />
<Point X='91' Y='499' T='540' />
<Point X='97' Y='495' T='550' />
<Point X='104' Y='492' T='569' />
<Point X='110' Y='489' T='582' />
<Point X='116' Y='487' T='591' />
<Point X='125' Y='484' T='607' />
</Stroke>
<Stroke index = '5' >
<Point X='554' Y='156' T='177' />
<Point X='554' Y='157' T='217' />
<Point X='554' Y='158' T='228' />
<Point X='554' Y='160' T='236' />
<Point X='554' Y='161' T='251' />
<Point X='553' Y='162' T='261' />
<Point X='553' Y='164' T='273' />
<Point X='552' Y='165' T='285' />
<Point X='551' Y='166' T='296' />
<Point X='550' Y='168' T='308' />
<Point X='548' Y='170' T='318' />
<Point X='544' Y='175' T='330' />
<Point X='541' Y='179' T='341' />
<Point X='539' Y='183' T='351' />
<Point X='537' Y='187' T='362' />
<Point X='536' Y='190' T='368' />
<Point X='534' Y='194' T='385' />
<Point X='531' Y='199' T='396' />
<Point X='527' Y='204' T='403' />
<Point X='523' Y='209' T='416' />
<Point X='518' Y='214' T='428' />
<Point X='514' Y='221' T='439' />
<Point X='510' Y='226' T='451' />
<Point X='505' Y='231' T='464' />
<Point X='500' Y='237' T='476' />
<Point X='496' Y='243' T='486' />
<Point X='492' Y='248' T='496' />
<Point X='487' Y='253' T='504' />
<Point X='479' Y='262' T='515' />
<Point X='473' Y='268' T='532' />
<Point X='463' Y='279' T='540' />
<Point X='456' Y='289' T='550' />
<Point X='448' Y='297' T='570' />
<Point X='439' Y='307' T='583' />
<Point X='434' Y='313' T='592' />
<Point X='423' Y='328' T='608' />
</Stroke>

</Gesture>
