<?xml version='1.0' encoding='utf-8' standalone='yes'?>
<Gesture Name ='1_1_17' Subject = 'test'  Speed = 'MEDIUM' NumPts = '182' InputType='finger' >

<Stroke index = '4' >
<Point X='496' Y='41' T='28' />
<Point X='495' Y='42' T='84' />
<Point X='494' Y='44' T='92' />
<Point X='493' Y='46' T='106' />
<Point X='492' Y='48' T='116' />
<Point X='491' Y='50' T='124' />
<Point X='490' Y='53' T='143' />
<Point X='489' Y='56' T='151' />
<Point X='488' Y='60' T='163' />
<Point X='487' Y='64' T='176' />
<Point X='487' Y='67' T='185' />
<Point X='486' Y='70' T='197' />
<Point X='485' Y='73' T='210' />
<Point X='484' Y='78' T='219' />
<Point X='483' Y='83' T='230' />
<Point X='482' Y='88' T='241' />
<Point X='482' Y='92' T='250' />
<Point X='480' Y='97' T='262' />
<Point X='478' Y='104' T='276' />
<Point X='475' Y='110' T='283' />
<Point X='471' Y='117' T='298' />
<Point X='467' Y='127' T='310' />
<Point X='464' Y='133' T='329' />
<Point X='456' Y='151' T='341' />
<Point X='451' Y='158' T='356' />
<Point X='445' Y='168' T='368' />
<Point X='442' Y='174' T='378' />
<Point X='438' Y='182' T='391' />
<Point X='433' Y='192' T='403' />
<Point X='428' Y='200' T='410' />
<Point X='422' Y='212' T='423' />
<Point X='417' Y='220' T='435' />
<Point X='409' Y='234' T='443' />
<Point X='403' Y='244' T='460' />
<Point X='398' Y='259' T='467' />
</Stroke>
<Stroke index = '2' >
<Point X='213' Y='49' T='54' />
<Point X='213' Y='49' T='61' />
<Point X='213' Y='49' T='84' />
<Point X='213' Y='49' T='92' />
<Point X='213' Y='50' T='106' />
<Point X='213' Y='51' T='117' />
<Point X='212' Y='53' T='125' />
<Point X='212' Y='55' T='143' />
<Point X='212' Y='59' T='152' />
<Point X='212' Y='62' T='164' />
<Point X='211' Y='66' T='176' />
<Point X='211' Y='68' T='186' />
<Point X='211' Y='70' T='197' />
<Point X='211' Y='73' T='211' />
<Point X='211' Y='78' T='220' />
<Point X='211' Y='83' T='231' />
<Point X='211' Y='88' T='241' />
<Point X='211' Y='92' T='251' />
<Point X='211' Y='96' T='263' />
<Point X='210' Y='103' T='278' />
<Point X='210' Y='109' T='283' />
<Point X='210' Y='115' T='299' />
<Point X='210' Y='123' T='311' />
<Point X='210' Y='131' T='330' />
<Point X='210' Y='150' T='342' />
<Point X='209' Y='159' T='357' />
<Point X='208' Y='170' T='368' />
<Point X='207' Y='177' T='379' />
<Point X='206' Y='189' T='392' />
<Point X='205' Y='198' T='404' />
<Point X='204' Y='211' T='411' />
<Point X='203' Y='222' T='423' />
<Point X='203' Y='236' T='435' />
<Point X='203' Y='249' T='444' />
<Point X='203' Y='263' T='461' />
<Point X='203' Y='279' T='467' />
</Stroke>
<Stroke index = '5' >
<Point X='582' Y='151' T='-24' />
<Point X='582' Y='150' T='35' />
<Point X='582' Y='151' T='103' />
<Point X='581' Y='151' T='112' />
<Point X='580' Y='152' T='122' />
<Point X='579' Y='153' T='140' />
<Point X='577' Y='155' T='148' />
<Point X='575' Y='157' T='160' />
<Point X='573' Y='161' T='173' />
<Point X='571' Y='165' T='182' />
<Point X='570' Y='168' T='194' />
<Point X='569' Y='171' T='207' />
<Point X='568' Y='174' T='217' />
<Point X='567' Y='177' T='226' />
<Point X='565' Y='182' T='238' />
<Point X='563' Y='187' T='248' />
<Point X='561' Y='192' T='259' />
<Point X='557' Y='196' T='274' />
<Point X='552' Y='202' T='281' />
<Point X='548' Y='210' T='295' />
<Point X='544' Y='215' T='309' />
<Point X='540' Y='222' T='326' />
<Point X='529' Y='237' T='339' />
<Point X='524' Y='244' T='352' />
<Point X='520' Y='252' T='367' />
<Point X='515' Y='258' T='375' />
<Point X='509' Y='265' T='387' />
<Point X='505' Y='273' T='401' />
<Point X='500' Y='279' T='408' />
<Point X='492' Y='290' T='420' />
<Point X='487' Y='298' T='432' />
<Point X='481' Y='310' T='442' />
<Point X='475' Y='319' T='459' />
<Point X='467' Y='332' T='467' />
</Stroke>
<Stroke index = '3' >
<Point X='401' Y='1' T='3' />
<Point X='401' Y='0' T='26' />
<Point X='401' Y='0' T='38' />
<Point X='401' Y='0' T='83' />
<Point X='401' Y='1' T='91' />
<Point X='400' Y='2' T='105' />
<Point X='400' Y='4' T='114' />
<Point X='399' Y='6' T='123' />
<Point X='399' Y='8' T='142' />
<Point X='398' Y='10' T='150' />
<Point X='398' Y='13' T='162' />
<Point X='398' Y='17' T='175' />
<Point X='397' Y='21' T='184' />
<Point X='397' Y='25' T='196' />
<Point X='396' Y='28' T='209' />
<Point X='394' Y='32' T='218' />
<Point X='393' Y='37' T='230' />
<Point X='390' Y='42' T='240' />
<Point X='388' Y='47' T='249' />
<Point X='386' Y='52' T='261' />
<Point X='384' Y='58' T='276' />
<Point X='382' Y='66' T='282' />
<Point X='380' Y='72' T='297' />
<Point X='378' Y='82' T='310' />
<Point X='376' Y='90' T='328' />
<Point X='369' Y='109' T='341' />
<Point X='365' Y='116' T='355' />
<Point X='361' Y='126' T='367' />
<Point X='358' Y='134' T='377' />
<Point X='355' Y='145' T='391' />
<Point X='352' Y='153' T='403' />
<Point X='347' Y='165' T='410' />
<Point X='342' Y='175' T='421' />
<Point X='338' Y='189' T='434' />
<Point X='336' Y='199' T='443' />
<Point X='332' Y='216' T='459' />
<Point X='327' Y='228' T='467' />
</Stroke>
<Stroke index = '1' >
<Point X='1' Y='522' T='0' />
<Point X='1' Y='521' T='24' />
<Point X='1' Y='520' T='37' />
<Point X='1' Y='520' T='51' />
<Point X='0' Y='519' T='57' />
<Point X='0' Y='518' T='81' />
<Point X='0' Y='518' T='90' />
<Point X='0' Y='517' T='104' />
<Point X='0' Y='517' T='114' />
<Point X='1' Y='516' T='123' />
<Point X='1' Y='515' T='141' />
<Point X='2' Y='514' T='149' />
<Point X='3' Y='514' T='161' />
<Point X='4' Y='513' T='174' />
<Point X='6' Y='512' T='184' />
<Point X='8' Y='511' T='195' />
<Point X='10' Y='511' T='208' />
<Point X='12' Y='510' T='217' />
<Point X='14' Y='510' T='226' />
<Point X='16' Y='509' T='239' />
<Point X='18' Y='509' T='249' />
<Point X='20' Y='508' T='261' />
<Point X='22' Y='508' T='275' />
<Point X='24' Y='507' T='281' />
<Point X='26' Y='506' T='297' />
<Point X='28' Y='505' T='310' />
<Point X='31' Y='503' T='327' />
<Point X='39' Y='500' T='340' />
<Point X='42' Y='498' T='354' />
<Point X='45' Y='497' T='367' />
<Point X='48' Y='496' T='377' />
<Point X='51' Y='496' T='388' />
<Point X='56' Y='495' T='402' />
<Point X='62' Y='494' T='409' />
<Point X='67' Y='493' T='421' />
<Point X='75' Y='491' T='433' />
<Point X='82' Y='489' T='442' />
<Point X='90' Y='487' T='459' />
<Point X='98' Y='485' T='467' />
<Point X='104' Y='484' T='477' />
</Stroke>

</Gesture>
