<?xml version='1.0' encoding='utf-8' standalone='yes'?>
<Gesture Name ='1_1_15' Subject = 'test'  Speed = 'MEDIUM' NumPts = '148' InputType='finger' >

<Stroke index = '2' >
<Point X='173' Y='49' T='137' />
<Point X='173' Y='49' T='160' />
<Point X='173' Y='50' T='170' />
<Point X='173' Y='54' T='195' />
<Point X='173' Y='58' T='210' />
<Point X='173' Y='60' T='216' />
<Point X='173' Y='62' T='234' />
<Point X='173' Y='65' T='243' />
<Point X='174' Y='67' T='253' />
<Point X='175' Y='74' T='277' />
<Point X='176' Y='79' T='288' />
<Point X='176' Y='83' T='298' />
<Point X='177' Y='88' T='312' />
<Point X='178' Y='94' T='323' />
<Point X='179' Y='101' T='331' />
<Point X='180' Y='107' T='343' />
<Point X='181' Y='117' T='353' />
<Point X='181' Y='125' T='363' />
<Point X='181' Y='135' T='382' />
<Point X='181' Y='145' T='389' />
<Point X='181' Y='157' T='396' />
<Point X='181' Y='167' T='413' />
<Point X='181' Y='180' T='418' />
<Point X='181' Y='190' T='434' />
<Point X='182' Y='206' T='447' />
<Point X='183' Y='232' T='471' />
</Stroke>
<Stroke index = '4' >
<Point X='464' Y='35' T='72' />
<Point X='463' Y='35' T='86' />
<Point X='463' Y='35' T='102' />
<Point X='462' Y='36' T='135' />
<Point X='462' Y='39' T='160' />
<Point X='461' Y='40' T='169' />
<Point X='460' Y='43' T='194' />
<Point X='460' Y='45' T='208' />
<Point X='459' Y='47' T='215' />
<Point X='459' Y='51' T='233' />
<Point X='458' Y='56' T='243' />
<Point X='458' Y='60' T='252' />
<Point X='457' Y='66' T='277' />
<Point X='456' Y='70' T='287' />
<Point X='455' Y='77' T='296' />
<Point X='453' Y='82' T='312' />
<Point X='452' Y='88' T='322' />
<Point X='449' Y='96' T='331' />
<Point X='445' Y='104' T='341' />
<Point X='440' Y='111' T='352' />
<Point X='435' Y='121' T='363' />
<Point X='431' Y='128' T='381' />
<Point X='426' Y='139' T='389' />
<Point X='421' Y='145' T='396' />
<Point X='416' Y='155' T='412' />
<Point X='412' Y='165' T='418' />
<Point X='408' Y='173' T='433' />
<Point X='402' Y='185' T='446' />
<Point X='391' Y='208' T='470' />
</Stroke>
<Stroke index = '3' >
<Point X='349' Y='0' T='62' />
<Point X='349' Y='0' T='84' />
<Point X='348' Y='0' T='101' />
<Point X='348' Y='0' T='125' />
<Point X='347' Y='0' T='135' />
<Point X='347' Y='1' T='159' />
<Point X='346' Y='2' T='168' />
<Point X='345' Y='5' T='193' />
<Point X='344' Y='7' T='208' />
<Point X='344' Y='11' T='214' />
<Point X='343' Y='14' T='233' />
<Point X='343' Y='18' T='242' />
<Point X='342' Y='21' T='252' />
<Point X='341' Y='27' T='276' />
<Point X='341' Y='32' T='286' />
<Point X='340' Y='37' T='296' />
<Point X='339' Y='43' T='310' />
<Point X='338' Y='49' T='321' />
<Point X='336' Y='57' T='329' />
<Point X='335' Y='63' T='340' />
<Point X='333' Y='72' T='350' />
<Point X='331' Y='80' T='362' />
<Point X='328' Y='89' T='380' />
<Point X='326' Y='100' T='389' />
<Point X='324' Y='108' T='395' />
<Point X='321' Y='120' T='411' />
<Point X='318' Y='128' T='417' />
<Point X='315' Y='140' T='432' />
<Point X='313' Y='150' T='445' />
<Point X='310' Y='176' T='468' />
</Stroke>
<Stroke index = '1' >
<Point X='1' Y='472' T='49' />
<Point X='1' Y='472' T='60' />
<Point X='1' Y='472' T='70' />
<Point X='0' Y='472' T='83' />
<Point X='0' Y='471' T='96' />
<Point X='0' Y='471' T='110' />
<Point X='0' Y='471' T='123' />
<Point X='0' Y='470' T='133' />
<Point X='1' Y='470' T='158' />
<Point X='2' Y='470' T='167' />
<Point X='5' Y='469' T='193' />
<Point X='7' Y='468' T='207' />
<Point X='9' Y='468' T='214' />
<Point X='11' Y='468' T='232' />
<Point X='13' Y='467' T='240' />
<Point X='14' Y='467' T='250' />
<Point X='16' Y='466' T='276' />
<Point X='17' Y='465' T='285' />
<Point X='19' Y='464' T='295' />
<Point X='21' Y='463' T='310' />
<Point X='23' Y='462' T='320' />
<Point X='26' Y='460' T='328' />
<Point X='29' Y='458' T='339' />
<Point X='33' Y='456' T='350' />
<Point X='36' Y='454' T='362' />
<Point X='39' Y='452' T='380' />
<Point X='44' Y='449' T='388' />
<Point X='50' Y='447' T='395' />
<Point X='56' Y='444' T='410' />
<Point X='62' Y='442' T='417' />
<Point X='70' Y='439' T='431' />
<Point X='80' Y='435' T='444' />
<Point X='100' Y='430' T='468' />
</Stroke>
<Stroke index = '5' >
<Point X='555' Y='143' T='0' />
<Point X='555' Y='141' T='58' />
<Point X='555' Y='140' T='69' />
<Point X='555' Y='140' T='82' />
<Point X='555' Y='140' T='133' />
<Point X='555' Y='140' T='157' />
<Point X='555' Y='141' T='167' />
<Point X='554' Y='144' T='192' />
<Point X='553' Y='146' T='206' />
<Point X='553' Y='147' T='213' />
<Point X='552' Y='149' T='230' />
<Point X='551' Y='151' T='240' />
<Point X='549' Y='155' T='250' />
<Point X='545' Y='163' T='275' />
<Point X='543' Y='167' T='285' />
<Point X='541' Y='171' T='293' />
<Point X='538' Y='177' T='306' />
<Point X='535' Y='183' T='319' />
<Point X='531' Y='189' T='327' />
<Point X='525' Y='195' T='339' />
<Point X='520' Y='203' T='349' />
<Point X='516' Y='210' T='361' />
<Point X='509' Y='218' T='380' />
<Point X='503' Y='226' T='388' />
<Point X='498' Y='233' T='393' />
<Point X='493' Y='243' T='410' />
<Point X='488' Y='250' T='416' />
<Point X='482' Y='259' T='430' />
<Point X='477' Y='270' T='444' />
<Point X='467' Y='292' T='466' />
</Stroke>

</Gesture>
