<?xml version='1.0' encoding='utf-8' standalone='yes'?>
<Gesture Name ='1_1_19' Subject = 'test'  Speed = 'MEDIUM' NumPts = '170' InputType='finger' >

<Stroke index = '5' >
<Point X='596' Y='164' T='0' />
<Point X='596' Y='160' T='93' />
<Point X='596' Y='160' T='106' />
<Point X='596' Y='159' T='118' />
<Point X='596' Y='159' T='127' />
<Point X='595' Y='158' T='141' />
<Point X='595' Y='158' T='160' />
<Point X='595' Y='158' T='183' />
<Point X='594' Y='159' T='204' />
<Point X='594' Y='160' T='215' />
<Point X='591' Y='165' T='243' />
<Point X='588' Y='170' T='254' />
<Point X='586' Y='174' T='264' />
<Point X='584' Y='177' T='279' />
<Point X='581' Y='181' T='289' />
<Point X='579' Y='186' T='297' />
<Point X='576' Y='192' T='312' />
<Point X='574' Y='197' T='327' />
<Point X='565' Y='213' T='341' />
<Point X='561' Y='219' T='362' />
<Point X='556' Y='229' T='370' />
<Point X='551' Y='236' T='379' />
<Point X='546' Y='244' T='393' />
<Point X='540' Y='252' T='404' />
<Point X='536' Y='260' T='414' />
<Point X='532' Y='268' T='427' />
<Point X='527' Y='278' T='436' />
<Point X='521' Y='288' T='444' />
<Point X='516' Y='300' T='459' />
<Point X='511' Y='309' T='470' />
<Point X='504' Y='320' T='479' />
<Point X='500' Y='328' T='495' />
<Point X='496' Y='337' T='500' />
<Point X='492' Y='345' T='512' />
</Stroke>
<Stroke index = '1' >
<Point X='2' Y='533' T='81' />
<Point X='2' Y='532' T='95' />
<Point X='1' Y='532' T='107' />
<Point X='1' Y='532' T='119' />
<Point X='1' Y='532' T='128' />
<Point X='0' Y='531' T='142' />
<Point X='0' Y='531' T='160' />
<Point X='0' Y='530' T='176' />
<Point X='1' Y='530' T='184' />
<Point X='1' Y='529' T='193' />
<Point X='3' Y='529' T='206' />
<Point X='5' Y='528' T='217' />
<Point X='9' Y='526' T='244' />
<Point X='11' Y='525' T='255' />
<Point X='12' Y='525' T='264' />
<Point X='13' Y='524' T='280' />
<Point X='15' Y='523' T='291' />
<Point X='16' Y='522' T='297' />
<Point X='18' Y='520' T='313' />
<Point X='21' Y='519' T='328' />
<Point X='29' Y='516' T='341' />
<Point X='33' Y='515' T='362' />
<Point X='37' Y='514' T='371' />
<Point X='41' Y='512' T='381' />
<Point X='47' Y='511' T='394' />
<Point X='52' Y='509' T='406' />
<Point X='58' Y='506' T='415' />
<Point X='66' Y='503' T='428' />
<Point X='74' Y='499' T='437' />
<Point X='84' Y='495' T='447' />
<Point X='94' Y='492' T='460' />
<Point X='106' Y='488' T='471' />
<Point X='116' Y='485' T='481' />
<Point X='127' Y='483' T='495' />
<Point X='136' Y='481' T='501' />
<Point X='146' Y='480' T='514' />
</Stroke>
<Stroke index = '3' >
<Point X='408' Y='1' T='98' />
<Point X='408' Y='0' T='109' />
<Point X='408' Y='0' T='119' />
<Point X='408' Y='0' T='129' />
<Point X='408' Y='0' T='144' />
<Point X='407' Y='0' T='162' />
<Point X='407' Y='0' T='186' />
<Point X='406' Y='1' T='193' />
<Point X='406' Y='3' T='207' />
<Point X='406' Y='5' T='218' />
<Point X='405' Y='9' T='245' />
<Point X='404' Y='12' T='256' />
<Point X='403' Y='16' T='265' />
<Point X='401' Y='22' T='281' />
<Point X='400' Y='27' T='292' />
<Point X='398' Y='33' T='298' />
<Point X='396' Y='40' T='315' />
<Point X='394' Y='48' T='332' />
<Point X='391' Y='66' T='342' />
<Point X='389' Y='74' T='363' />
<Point X='387' Y='84' T='371' />
<Point X='384' Y='93' T='382' />
<Point X='381' Y='103' T='396' />
<Point X='377' Y='114' T='408' />
<Point X='374' Y='123' T='416' />
<Point X='371' Y='134' T='429' />
<Point X='368' Y='146' T='438' />
<Point X='366' Y='158' T='448' />
<Point X='362' Y='173' T='461' />
<Point X='359' Y='184' T='471' />
<Point X='355' Y='199' T='483' />
<Point X='352' Y='209' T='496' />
<Point X='349' Y='224' T='502' />
<Point X='347' Y='235' T='515' />
</Stroke>
<Stroke index = '2' >
<Point X='227' Y='43' T='113' />
<Point X='227' Y='43' T='120' />
<Point X='226' Y='43' T='146' />
<Point X='226' Y='43' T='154' />
<Point X='225' Y='43' T='163' />
<Point X='225' Y='44' T='178' />
<Point X='224' Y='45' T='187' />
<Point X='224' Y='47' T='195' />
<Point X='224' Y='49' T='210' />
<Point X='223' Y='51' T='218' />
<Point X='223' Y='54' T='247' />
<Point X='222' Y='57' T='258' />
<Point X='222' Y='61' T='267' />
<Point X='222' Y='67' T='283' />
<Point X='222' Y='71' T='293' />
<Point X='222' Y='75' T='299' />
<Point X='222' Y='83' T='317' />
<Point X='222' Y='91' T='333' />
<Point X='222' Y='107' T='343' />
<Point X='222' Y='115' T='365' />
<Point X='222' Y='125' T='374' />
<Point X='222' Y='133' T='385' />
<Point X='222' Y='144' T='397' />
<Point X='222' Y='154' T='409' />
<Point X='222' Y='165' T='417' />
<Point X='222' Y='176' T='430' />
<Point X='221' Y='189' T='440' />
<Point X='221' Y='201' T='449' />
<Point X='221' Y='217' T='462' />
<Point X='221' Y='231' T='473' />
<Point X='221' Y='245' T='485' />
<Point X='221' Y='259' T='497' />
<Point X='221' Y='275' T='503' />
<Point X='221' Y='287' T='517' />
</Stroke>
<Stroke index = '4' >
<Point X='512' Y='37' T='111' />
<Point X='512' Y='37' T='145' />
<Point X='511' Y='37' T='162' />
<Point X='511' Y='39' T='177' />
<Point X='511' Y='41' T='186' />
<Point X='510' Y='43' T='195' />
<Point X='510' Y='45' T='209' />
<Point X='509' Y='48' T='218' />
<Point X='507' Y='52' T='246' />
<Point X='505' Y='54' T='257' />
<Point X='504' Y='58' T='266' />
<Point X='501' Y='64' T='282' />
<Point X='499' Y='69' T='293' />
<Point X='498' Y='73' T='298' />
<Point X='496' Y='80' T='316' />
<Point X='494' Y='88' T='332' />
<Point X='489' Y='103' T='342' />
<Point X='486' Y='111' T='363' />
<Point X='482' Y='118' T='373' />
<Point X='477' Y='128' T='383' />
<Point X='474' Y='136' T='397' />
<Point X='471' Y='145' T='409' />
<Point X='468' Y='154' T='417' />
<Point X='463' Y='163' T='430' />
<Point X='457' Y='174' T='439' />
<Point X='453' Y='184' T='449' />
<Point X='449' Y='196' T='462' />
<Point X='444' Y='206' T='473' />
<Point X='438' Y='218' T='484' />
<Point X='433' Y='228' T='497' />
<Point X='429' Y='240' T='502' />
<Point X='424' Y='250' T='517' />
</Stroke>

</Gesture>
