<?xml version='1.0' encoding='utf-8' standalone='yes'?>
<Gesture Name ='1_1_3' Subject = 'test'  Speed = 'MEDIUM' NumPts = '220' InputType='finger' >

<Stroke index = '5' >
<Point X='599' Y='218' T='63' />
<Point X='599' Y='218' T='87' />
<Point X='599' Y='218' T='111' />
<Point X='599' Y='218' T='177' />
<Point X='598' Y='218' T='219' />
<Point X='598' Y='218' T='225' />
<Point X='597' Y='218' T='234' />
<Point X='597' Y='218' T='242' />
<Point X='596' Y='218' T='254' />
<Point X='595' Y='218' T='265' />
<Point X='594' Y='219' T='278' />
<Point X='591' Y='221' T='292' />
<Point X='585' Y='228' T='313' />
<Point X='583' Y='232' T='334' />
<Point X='578' Y='237' T='345' />
<Point X='575' Y='240' T='360' />
<Point X='568' Y='248' T='390' />
<Point X='562' Y='255' T='409' />
<Point X='560' Y='258' T='422' />
<Point X='558' Y='260' T='431' />
<Point X='555' Y='264' T='442' />
<Point X='547' Y='273' T='461' />
<Point X='543' Y='278' T='478' />
<Point X='539' Y='282' T='488' />
<Point X='535' Y='286' T='494' />
<Point X='530' Y='291' T='512' />
<Point X='526' Y='295' T='522' />
<Point X='523' Y='299' T='529' />
<Point X='521' Y='302' T='539' />
<Point X='519' Y='305' T='551' />
<Point X='516' Y='309' T='562' />
<Point X='514' Y='314' T='576' />
<Point X='511' Y='318' T='588' />
<Point X='508' Y='322' T='596' />
<Point X='505' Y='326' T='613' />
<Point X='502' Y='330' T='620' />
<Point X='499' Y='334' T='630' />
<Point X='497' Y='337' T='645' />
<Point X='493' Y='342' T='674' />
<Point X='488' Y='348' T='690' />
<Point X='485' Y='352' T='701' />
<Point X='482' Y='356' T='713' />
<Point X='480' Y='359' T='727' />
<Point X='478' Y='362' T='734' />
<Point X='477' Y='365' T='748' />
</Stroke>
<Stroke index = '1' >
<Point X='4' Y='536' T='0' />
<Point X='2' Y='534' T='73' />
<Point X='2' Y='534' T='86' />
<Point X='1' Y='534' T='110' />
<Point X='0' Y='534' T='129' />
<Point X='0' Y='534' T='141' />
<Point X='0' Y='533' T='175' />
<Point X='0' Y='533' T='218' />
<Point X='0' Y='532' T='233' />
<Point X='0' Y='532' T='253' />
<Point X='0' Y='531' T='277' />
<Point X='0' Y='531' T='292' />
<Point X='1' Y='529' T='312' />
<Point X='2' Y='528' T='332' />
<Point X='7' Y='525' T='344' />
<Point X='10' Y='523' T='359' />
<Point X='15' Y='519' T='390' />
<Point X='19' Y='516' T='408' />
<Point X='22' Y='515' T='422' />
<Point X='25' Y='513' T='430' />
<Point X='29' Y='512' T='440' />
<Point X='37' Y='509' T='460' />
<Point X='41' Y='507' T='477' />
<Point X='45' Y='506' T='486' />
<Point X='48' Y='505' T='493' />
<Point X='52' Y='503' T='510' />
<Point X='55' Y='502' T='521' />
<Point X='59' Y='501' T='528' />
<Point X='63' Y='500' T='538' />
<Point X='67' Y='499' T='551' />
<Point X='71' Y='498' T='561' />
<Point X='74' Y='498' T='575' />
<Point X='78' Y='497' T='588' />
<Point X='82' Y='496' T='594' />
<Point X='86' Y='496' T='612' />
<Point X='89' Y='495' T='618' />
<Point X='93' Y='494' T='630' />
<Point X='97' Y='494' T='644' />
<Point X='107' Y='491' T='673' />
<Point X='118' Y='488' T='689' />
<Point X='124' Y='486' T='700' />
<Point X='132' Y='485' T='712' />
<Point X='138' Y='483' T='725' />
<Point X='144' Y='482' T='732' />
</Stroke>
<Stroke index = '4' >
<Point X='477' Y='44' T='89' />
<Point X='476' Y='44' T='112' />
<Point X='476' Y='44' T='130' />
<Point X='475' Y='44' T='177' />
<Point X='475' Y='44' T='226' />
<Point X='475' Y='44' T='235' />
<Point X='475' Y='45' T='243' />
<Point X='474' Y='46' T='255' />
<Point X='474' Y='47' T='266' />
<Point X='473' Y='49' T='279' />
<Point X='473' Y='51' T='293' />
<Point X='471' Y='60' T='314' />
<Point X='470' Y='64' T='335' />
<Point X='467' Y='72' T='345' />
<Point X='465' Y='77' T='361' />
<Point X='460' Y='87' T='391' />
<Point X='457' Y='96' T='411' />
<Point X='455' Y='101' T='424' />
<Point X='453' Y='107' T='432' />
<Point X='450' Y='112' T='442' />
<Point X='443' Y='126' T='461' />
<Point X='439' Y='132' T='479' />
<Point X='436' Y='140' T='488' />
<Point X='433' Y='148' T='495' />
<Point X='430' Y='154' T='513' />
<Point X='426' Y='160' T='523' />
<Point X='423' Y='166' T='529' />
<Point X='421' Y='172' T='539' />
<Point X='418' Y='177' T='554' />
<Point X='416' Y='183' T='562' />
<Point X='414' Y='190' T='577' />
<Point X='412' Y='196' T='589' />
<Point X='409' Y='202' T='597' />
<Point X='405' Y='210' T='613' />
<Point X='402' Y='215' T='620' />
<Point X='399' Y='221' T='630' />
<Point X='396' Y='227' T='646' />
<Point X='392' Y='240' T='674' />
<Point X='386' Y='253' T='690' />
<Point X='383' Y='258' T='702' />
<Point X='380' Y='264' T='715' />
<Point X='377' Y='270' T='727' />
<Point X='374' Y='276' T='735' />
</Stroke>
<Stroke index = '3' >
<Point X='349' Y='0' T='91' />
<Point X='348' Y='0' T='113' />
<Point X='347' Y='0' T='119' />
<Point X='347' Y='0' T='131' />
<Point X='346' Y='0' T='142' />
<Point X='346' Y='0' T='178' />
<Point X='345' Y='0' T='184' />
<Point X='345' Y='0' T='219' />
<Point X='344' Y='0' T='244' />
<Point X='344' Y='1' T='256' />
<Point X='344' Y='1' T='267' />
<Point X='344' Y='2' T='280' />
<Point X='344' Y='4' T='293' />
<Point X='343' Y='11' T='315' />
<Point X='343' Y='16' T='336' />
<Point X='342' Y='25' T='346' />
<Point X='342' Y='29' T='362' />
<Point X='340' Y='38' T='393' />
<Point X='339' Y='47' T='411' />
<Point X='338' Y='52' T='425' />
<Point X='337' Y='57' T='432' />
<Point X='336' Y='62' T='443' />
<Point X='334' Y='73' T='462' />
<Point X='333' Y='80' T='480' />
<Point X='331' Y='86' T='489' />
<Point X='330' Y='92' T='495' />
<Point X='329' Y='98' T='513' />
<Point X='328' Y='104' T='524' />
<Point X='327' Y='109' T='530' />
<Point X='327' Y='114' T='539' />
<Point X='326' Y='119' T='554' />
<Point X='325' Y='125' T='563' />
<Point X='323' Y='130' T='578' />
<Point X='321' Y='136' T='590' />
<Point X='319' Y='143' T='597' />
<Point X='317' Y='149' T='615' />
<Point X='315' Y='155' T='621' />
<Point X='313' Y='161' T='631' />
<Point X='312' Y='167' T='648' />
<Point X='310' Y='179' T='675' />
<Point X='307' Y='192' T='691' />
<Point X='306' Y='198' T='703' />
<Point X='304' Y='206' T='716' />
<Point X='303' Y='211' T='729' />
<Point X='301' Y='217' T='736' />
<Point X='300' Y='223' T='750' />
</Stroke>
<Stroke index = '2' >
<Point X='171' Y='72' T='144' />
<Point X='170' Y='72' T='178' />
<Point X='170' Y='72' T='220' />
<Point X='170' Y='72' T='226' />
<Point X='169' Y='72' T='236' />
<Point X='169' Y='72' T='244' />
<Point X='169' Y='72' T='267' />
<Point X='169' Y='73' T='280' />
<Point X='169' Y='76' T='294' />
<Point X='169' Y='83' T='315' />
<Point X='169' Y='87' T='336' />
<Point X='169' Y='95' T='347' />
<Point X='170' Y='100' T='363' />
<Point X='171' Y='109' T='394' />
<Point X='172' Y='118' T='412' />
<Point X='172' Y='123' T='426' />
<Point X='172' Y='128' T='433' />
<Point X='172' Y='133' T='444' />
<Point X='172' Y='146' T='463' />
<Point X='172' Y='152' T='481' />
<Point X='172' Y='159' T='490' />
<Point X='172' Y='166' T='496' />
<Point X='172' Y='172' T='515' />
<Point X='172' Y='177' T='525' />
<Point X='173' Y='182' T='531' />
<Point X='173' Y='188' T='540' />
<Point X='173' Y='193' T='556' />
<Point X='173' Y='199' T='565' />
<Point X='173' Y='205' T='579' />
<Point X='172' Y='211' T='591' />
<Point X='172' Y='217' T='598' />
<Point X='171' Y='223' T='615' />
<Point X='171' Y='230' T='622' />
<Point X='171' Y='235' T='631' />
<Point X='170' Y='240' T='649' />
<Point X='170' Y='253' T='677' />
<Point X='170' Y='268' T='692' />
<Point X='170' Y='274' T='703' />
<Point X='170' Y='282' T='717' />
<Point X='170' Y='290' T='729' />
<Point X='171' Y='297' T='736' />
<Point X='172' Y='303' T='751' />
</Stroke>

</Gesture>
