<?xml version='1.0' encoding='utf-8' standalone='yes'?>
<Gesture Name ='1_1_4' Subject = 'test'  Speed = 'MEDIUM' NumPts = '246' InputType='finger' >

<Stroke index = '5' >
<Point X='595' Y='173' T='6' />
<Point X='595' Y='172' T='15' />
<Point X='595' Y='172' T='22' />
<Point X='595' Y='171' T='28' />
<Point X='595' Y='171' T='41' />
<Point X='595' Y='170' T='53' />
<Point X='595' Y='170' T='61' />
<Point X='595' Y='169' T='69' />
<Point X='595' Y='169' T='84' />
<Point X='595' Y='169' T='92' />
<Point X='595' Y='169' T='105' />
<Point X='594' Y='168' T='114' />
<Point X='594' Y='168' T='126' />
<Point X='593' Y='168' T='137' />
<Point X='593' Y='168' T='153' />
<Point X='592' Y='168' T='160' />
<Point X='592' Y='168' T='173' />
<Point X='591' Y='169' T='185' />
<Point X='591' Y='170' T='196' />
<Point X='590' Y='172' T='205' />
<Point X='589' Y='174' T='217' />
<Point X='587' Y='176' T='231' />
<Point X='585' Y='177' T='241' />
<Point X='583' Y='179' T='251' />
<Point X='578' Y='182' T='272' />
<Point X='575' Y='185' T='280' />
<Point X='571' Y='188' T='290' />
<Point X='556' Y='200' T='320' />
<Point X='552' Y='203' T='334' />
<Point X='549' Y='206' T='342' />
<Point X='544' Y='210' T='365' />
<Point X='538' Y='215' T='376' />
<Point X='527' Y='225' T='390' />
<Point X='518' Y='233' T='408' />
<Point X='506' Y='244' T='422' />
<Point X='499' Y='250' T='439' />
<Point X='493' Y='256' T='453' />
<Point X='488' Y='261' T='464' />
<Point X='480' Y='268' T='477' />
<Point X='475' Y='272' T='493' />
<Point X='471' Y='277' T='500' />
<Point X='468' Y='281' T='512' />
<Point X='465' Y='284' T='525' />
<Point X='457' Y='293' T='554' />
<Point X='448' Y='303' T='568' />
<Point X='444' Y='307' T='583' />
<Point X='441' Y='310' T='596' />
<Point X='437' Y='314' T='608' />
<Point X='434' Y='318' T='621' />
<Point X='431' Y='322' T='632' />
<Point X='429' Y='325' T='645' />
<Point X='425' Y='331' T='659' />
<Point X='423' Y='336' T='674' />
<Point X='421' Y='340' T='683' />
<Point X='419' Y='343' T='693' />
<Point X='418' Y='345' T='707' />
<Point X='414' Y='349' T='725' />
<Point X='412' Y='352' T='736' />
</Stroke>
<Stroke index = '4' >
<Point X='456' Y='48' T='0' />
<Point X='455' Y='47' T='12' />
<Point X='455' Y='46' T='20' />
<Point X='455' Y='46' T='27' />
<Point X='455' Y='45' T='39' />
<Point X='455' Y='45' T='52' />
<Point X='455' Y='44' T='60' />
<Point X='455' Y='44' T='81' />
<Point X='455' Y='43' T='104' />
<Point X='455' Y='44' T='172' />
<Point X='454' Y='46' T='182' />
<Point X='454' Y='48' T='195' />
<Point X='453' Y='50' T='204' />
<Point X='453' Y='52' T='216' />
<Point X='452' Y='54' T='230' />
<Point X='452' Y='57' T='240' />
<Point X='451' Y='61' T='249' />
<Point X='450' Y='65' T='271' />
<Point X='448' Y='70' T='278' />
<Point X='447' Y='74' T='288' />
<Point X='443' Y='88' T='317' />
<Point X='441' Y='93' T='334' />
<Point X='440' Y='96' T='341' />
<Point X='437' Y='101' T='363' />
<Point X='434' Y='107' T='375' />
<Point X='427' Y='119' T='390' />
<Point X='423' Y='127' T='407' />
<Point X='414' Y='141' T='421' />
<Point X='409' Y='149' T='438' />
<Point X='404' Y='155' T='452' />
<Point X='401' Y='161' T='464' />
<Point X='393' Y='173' T='476' />
<Point X='390' Y='178' T='490' />
<Point X='387' Y='182' T='500' />
<Point X='384' Y='187' T='511' />
<Point X='381' Y='193' T='524' />
<Point X='376' Y='203' T='551' />
<Point X='367' Y='216' T='567' />
<Point X='364' Y='221' T='581' />
<Point X='361' Y='226' T='594' />
<Point X='358' Y='231' T='607' />
<Point X='356' Y='236' T='619' />
<Point X='353' Y='240' T='631' />
<Point X='350' Y='244' T='643' />
<Point X='344' Y='255' T='657' />
<Point X='342' Y='260' T='672' />
<Point X='340' Y='265' T='682' />
<Point X='339' Y='270' T='692' />
<Point X='337' Y='275' T='706' />
<Point X='335' Y='282' T='723' />
</Stroke>
<Stroke index = '1' >
<Point X='0' Y='543' T='129' />
<Point X='0' Y='543' T='139' />
<Point X='0' Y='543' T='162' />
<Point X='0' Y='542' T='174' />
<Point X='0' Y='542' T='189' />
<Point X='0' Y='541' T='199' />
<Point X='1' Y='541' T='206' />
<Point X='2' Y='540' T='221' />
<Point X='3' Y='539' T='233' />
<Point X='4' Y='538' T='243' />
<Point X='5' Y='537' T='254' />
<Point X='7' Y='536' T='274' />
<Point X='8' Y='534' T='282' />
<Point X='10' Y='533' T='293' />
<Point X='17' Y='528' T='324' />
<Point X='20' Y='526' T='337' />
<Point X='22' Y='524' T='344' />
<Point X='25' Y='522' T='367' />
<Point X='27' Y='520' T='379' />
<Point X='34' Y='513' T='396' />
<Point X='40' Y='509' T='410' />
<Point X='49' Y='500' T='428' />
<Point X='53' Y='497' T='443' />
<Point X='57' Y='494' T='459' />
<Point X='60' Y='491' T='467' />
<Point X='66' Y='487' T='478' />
<Point X='68' Y='486' T='496' />
<Point X='70' Y='484' T='502' />
<Point X='73' Y='482' T='514' />
<Point X='77' Y='479' T='528' />
<Point X='86' Y='472' T='557' />
<Point X='97' Y='464' T='571' />
<Point X='103' Y='460' T='587' />
<Point X='108' Y='458' T='598' />
<Point X='112' Y='456' T='611' />
<Point X='115' Y='455' T='625' />
<Point X='118' Y='454' T='634' />
<Point X='123' Y='453' T='646' />
<Point X='133' Y='450' T='662' />
<Point X='139' Y='448' T='675' />
<Point X='144' Y='446' T='687' />
<Point X='147' Y='445' T='697' />
<Point X='149' Y='445' T='709' />
<Point X='151' Y='445' T='727' />
<Point X='152' Y='445' T='738' />
</Stroke>
<Stroke index = '2' >
<Point X='165' Y='64' T='88' />
<Point X='165' Y='64' T='116' />
<Point X='165' Y='64' T='127' />
<Point X='164' Y='64' T='155' />
<Point X='164' Y='64' T='161' />
<Point X='163' Y='64' T='174' />
<Point X='163' Y='65' T='188' />
<Point X='162' Y='67' T='198' />
<Point X='162' Y='69' T='206' />
<Point X='162' Y='71' T='220' />
<Point X='161' Y='73' T='232' />
<Point X='161' Y='75' T='243' />
<Point X='161' Y='79' T='252' />
<Point X='161' Y='83' T='274' />
<Point X='160' Y='88' T='281' />
<Point X='160' Y='93' T='293' />
<Point X='158' Y='107' T='323' />
<Point X='158' Y='113' T='337' />
<Point X='158' Y='117' T='344' />
<Point X='158' Y='123' T='367' />
<Point X='158' Y='131' T='378' />
<Point X='157' Y='146' T='394' />
<Point X='157' Y='154' T='410' />
<Point X='157' Y='171' T='426' />
<Point X='157' Y='178' T='442' />
<Point X='157' Y='186' T='455' />
<Point X='156' Y='194' T='466' />
<Point X='156' Y='207' T='478' />
<Point X='155' Y='213' T='495' />
<Point X='155' Y='220' T='501' />
<Point X='155' Y='226' T='513' />
<Point X='155' Y='234' T='527' />
<Point X='156' Y='247' T='557' />
<Point X='156' Y='261' T='570' />
<Point X='156' Y='266' T='586' />
<Point X='156' Y='272' T='597' />
<Point X='156' Y='278' T='610' />
<Point X='156' Y='283' T='624' />
<Point X='156' Y='289' T='633' />
<Point X='157' Y='297' T='646' />
<Point X='157' Y='310' T='661' />
<Point X='158' Y='316' T='675' />
<Point X='159' Y='322' T='686' />
<Point X='159' Y='326' T='696' />
<Point X='160' Y='330' T='709' />
<Point X='162' Y='341' T='726' />
</Stroke>
<Stroke index = '3' >
<Point X='344' Y='2' T='47' />
<Point X='344' Y='1' T='62' />
<Point X='344' Y='1' T='71' />
<Point X='344' Y='1' T='85' />
<Point X='344' Y='0' T='93' />
<Point X='344' Y='0' T='115' />
<Point X='344' Y='0' T='127' />
<Point X='343' Y='0' T='138' />
<Point X='343' Y='0' T='154' />
<Point X='343' Y='0' T='160' />
<Point X='342' Y='1' T='187' />
<Point X='342' Y='2' T='197' />
<Point X='342' Y='4' T='206' />
<Point X='342' Y='6' T='219' />
<Point X='342' Y='9' T='231' />
<Point X='342' Y='12' T='242' />
<Point X='341' Y='15' T='251' />
<Point X='340' Y='20' T='272' />
<Point X='340' Y='24' T='280' />
<Point X='339' Y='28' T='292' />
<Point X='336' Y='42' T='321' />
<Point X='334' Y='47' T='335' />
<Point X='332' Y='52' T='343' />
<Point X='330' Y='57' T='366' />
<Point X='327' Y='63' T='377' />
<Point X='323' Y='77' T='393' />
<Point X='320' Y='86' T='408' />
<Point X='316' Y='101' T='424' />
<Point X='313' Y='109' T='441' />
<Point X='311' Y='115' T='454' />
<Point X='307' Y='121' T='465' />
<Point X='301' Y='135' T='478' />
<Point X='299' Y='142' T='494' />
<Point X='298' Y='148' T='501' />
<Point X='296' Y='156' T='513' />
<Point X='295' Y='161' T='526' />
<Point X='291' Y='177' T='556' />
<Point X='284' Y='191' T='569' />
<Point X='282' Y='198' T='584' />
<Point X='280' Y='204' T='596' />
<Point X='278' Y='210' T='610' />
<Point X='277' Y='217' T='622' />
<Point X='276' Y='224' T='633' />
<Point X='275' Y='234' T='645' />
<Point X='269' Y='252' T='660' />
<Point X='266' Y='259' T='674' />
<Point X='264' Y='265' T='685' />
</Stroke>

</Gesture>
