<?xml version='1.0' encoding='utf-8' standalone='yes'?>
<Gesture Name ='1_1_13' Subject = 'test'  Speed = 'MEDIUM' NumPts = '179' InputType='finger' >

<Stroke index = '4' >
<Point X='474' Y='45' T='0' />
<Point X='474' Y='45' T='48' />
<Point X='474' Y='45' T='156' />
<Point X='474' Y='45' T='168' />
<Point X='474' Y='46' T='179' />
<Point X='474' Y='48' T='196' />
<Point X='474' Y='50' T='210' />
<Point X='474' Y='52' T='219' />
<Point X='474' Y='54' T='228' />
<Point X='474' Y='57' T='237' />
<Point X='474' Y='59' T='247' />
<Point X='473' Y='64' T='265' />
<Point X='473' Y='69' T='275' />
<Point X='472' Y='77' T='297' />
<Point X='470' Y='87' T='325' />
<Point X='467' Y='97' T='339' />
<Point X='465' Y='101' T='349' />
<Point X='462' Y='108' T='365' />
<Point X='459' Y='114' T='381' />
<Point X='457' Y='119' T='391' />
<Point X='454' Y='127' T='406' />
<Point X='452' Y='133' T='415' />
<Point X='451' Y='139' T='426' />
<Point X='448' Y='144' T='434' />
<Point X='441' Y='157' T='459' />
<Point X='434' Y='170' T='477' />
<Point X='431' Y='177' T='492' />
<Point X='427' Y='184' T='502' />
<Point X='422' Y='192' T='518' />
<Point X='412' Y='208' T='532' />
<Point X='408' Y='217' T='549' />
<Point X='398' Y='236' T='565' />
</Stroke>
<Stroke index = '3' >
<Point X='359' Y='0' T='13' />
<Point X='359' Y='0' T='50' />
<Point X='359' Y='0' T='59' />
<Point X='358' Y='0' T='78' />
<Point X='358' Y='0' T='120' />
<Point X='358' Y='1' T='146' />
<Point X='358' Y='1' T='157' />
<Point X='358' Y='2' T='168' />
<Point X='358' Y='4' T='180' />
<Point X='358' Y='6' T='197' />
<Point X='358' Y='8' T='211' />
<Point X='358' Y='10' T='220' />
<Point X='358' Y='12' T='230' />
<Point X='358' Y='14' T='237' />
<Point X='358' Y='17' T='248' />
<Point X='358' Y='20' T='266' />
<Point X='357' Y='24' T='276' />
<Point X='356' Y='32' T='299' />
<Point X='355' Y='40' T='326' />
<Point X='353' Y='51' T='341' />
<Point X='352' Y='56' T='349' />
<Point X='352' Y='61' T='366' />
<Point X='351' Y='67' T='382' />
<Point X='350' Y='73' T='396' />
<Point X='350' Y='79' T='407' />
<Point X='349' Y='84' T='415' />
<Point X='348' Y='90' T='428' />
<Point X='347' Y='96' T='436' />
<Point X='344' Y='110' T='460' />
<Point X='339' Y='124' T='478' />
<Point X='336' Y='133' T='494' />
<Point X='333' Y='140' T='504' />
<Point X='330' Y='149' T='519' />
<Point X='326' Y='166' T='534' />
<Point X='324' Y='176' T='550' />
<Point X='317' Y='199' T='566' />
<Point X='314' Y='210' T='582' />
</Stroke>
<Stroke index = '5' >
<Point X='561' Y='141' T='17' />
<Point X='561' Y='141' T='72' />
<Point X='560' Y='141' T='120' />
<Point X='560' Y='141' T='127' />
<Point X='559' Y='141' T='134' />
<Point X='559' Y='142' T='146' />
<Point X='559' Y='142' T='158' />
<Point X='559' Y='143' T='169' />
<Point X='558' Y='144' T='180' />
<Point X='558' Y='146' T='198' />
<Point X='558' Y='148' T='212' />
<Point X='558' Y='150' T='221' />
<Point X='557' Y='153' T='231' />
<Point X='557' Y='156' T='238' />
<Point X='556' Y='158' T='248' />
<Point X='555' Y='161' T='267' />
<Point X='554' Y='164' T='277' />
<Point X='550' Y='172' T='300' />
<Point X='546' Y='180' T='327' />
<Point X='541' Y='186' T='342' />
<Point X='538' Y='191' T='351' />
<Point X='536' Y='196' T='368' />
<Point X='534' Y='201' T='382' />
<Point X='532' Y='205' T='399' />
<Point X='529' Y='211' T='408' />
<Point X='526' Y='216' T='416' />
<Point X='523' Y='221' T='429' />
<Point X='520' Y='225' T='437' />
<Point X='514' Y='235' T='462' />
<Point X='508' Y='245' T='479' />
<Point X='503' Y='251' T='494' />
<Point X='498' Y='259' T='505' />
<Point X='494' Y='264' T='519' />
<Point X='483' Y='280' T='535' />
<Point X='478' Y='286' T='551' />
<Point X='470' Y='300' T='567' />
<Point X='465' Y='308' T='582' />
</Stroke>
<Stroke index = '1' >
<Point X='0' Y='495' T='56' />
<Point X='0' Y='495' T='74' />
<Point X='0' Y='494' T='95' />
<Point X='0' Y='493' T='122' />
<Point X='0' Y='493' T='128' />
<Point X='1' Y='492' T='135' />
<Point X='1' Y='492' T='147' />
<Point X='2' Y='492' T='159' />
<Point X='3' Y='491' T='169' />
<Point X='4' Y='491' T='181' />
<Point X='5' Y='491' T='199' />
<Point X='6' Y='491' T='213' />
<Point X='8' Y='490' T='222' />
<Point X='9' Y='490' T='231' />
<Point X='11' Y='489' T='240' />
<Point X='13' Y='488' T='249' />
<Point X='14' Y='487' T='268' />
<Point X='16' Y='486' T='278' />
<Point X='19' Y='485' T='301' />
<Point X='23' Y='484' T='328' />
<Point X='28' Y='483' T='344' />
<Point X='31' Y='482' T='351' />
<Point X='34' Y='480' T='369' />
<Point X='37' Y='479' T='383' />
<Point X='40' Y='477' T='401' />
<Point X='44' Y='476' T='409' />
<Point X='47' Y='474' T='416' />
<Point X='50' Y='473' T='430' />
<Point X='53' Y='472' T='438' />
<Point X='58' Y='469' T='463' />
<Point X='65' Y='466' T='480' />
<Point X='69' Y='465' T='496' />
<Point X='74' Y='463' T='506' />
<Point X='78' Y='462' T='519' />
<Point X='85' Y='459' T='537' />
<Point X='89' Y='458' T='551' />
<Point X='99' Y='456' T='568' />
<Point X='108' Y='454' T='583' />
<Point X='119' Y='451' T='596' />
</Stroke>
<Stroke index = '2' >
<Point X='193' Y='52' T='123' />
<Point X='193' Y='52' T='136' />
<Point X='193' Y='52' T='147' />
<Point X='193' Y='53' T='160' />
<Point X='193' Y='54' T='170' />
<Point X='193' Y='56' T='181' />
<Point X='193' Y='58' T='199' />
<Point X='193' Y='60' T='213' />
<Point X='193' Y='62' T='223' />
<Point X='193' Y='64' T='232' />
<Point X='194' Y='68' T='240' />
<Point X='194' Y='71' T='251' />
<Point X='195' Y='74' T='269' />
<Point X='195' Y='76' T='278' />
<Point X='196' Y='82' T='302' />
<Point X='198' Y='91' T='330' />
<Point X='199' Y='99' T='345' />
<Point X='199' Y='105' T='351' />
<Point X='200' Y='111' T='369' />
<Point X='200' Y='116' T='383' />
<Point X='201' Y='121' T='401' />
<Point X='201' Y='127' T='411' />
<Point X='202' Y='133' T='417' />
<Point X='202' Y='139' T='430' />
<Point X='202' Y='144' T='439' />
<Point X='201' Y='158' T='464' />
<Point X='200' Y='174' T='481' />
<Point X='199' Y='182' T='497' />
<Point X='198' Y='191' T='507' />
<Point X='198' Y='199' T='521' />
<Point X='197' Y='218' T='537' />
<Point X='197' Y='226' T='551' />
<Point X='197' Y='249' T='569' />
<Point X='198' Y='264' T='584' />
</Stroke>

</Gesture>
