<?xml version='1.0' encoding='utf-8' standalone='yes'?>
<Gesture Name ='3_1_3' Subject = 'test'  Speed = 'MEDIUM' NumPts = '258' InputType='finger' >

<Stroke index = '2' >
<Point X='222' Y='25' T='71' />
<Point X='222' Y='24' T='103' />
<Point X='222' Y='24' T='114' />
<Point X='221' Y='24' T='130' />
<Point X='220' Y='24' T='150' />
<Point X='219' Y='25' T='167' />
<Point X='219' Y='25' T='178' />
<Point X='218' Y='27' T='202' />
<Point X='217' Y='32' T='238' />
<Point X='216' Y='34' T='248' />
<Point X='216' Y='35' T='263' />
<Point X='215' Y='37' T='274' />
<Point X='214' Y='39' T='282' />
<Point X='213' Y='45' T='306' />
<Point X='213' Y='49' T='320' />
<Point X='213' Y='53' T='332' />
<Point X='213' Y='56' T='341' />
<Point X='213' Y='60' T='353' />
<Point X='214' Y='65' T='367' />
<Point X='215' Y='70' T='377' />
<Point X='215' Y='75' T='389' />
<Point X='216' Y='79' T='403' />
<Point X='216' Y='85' T='415' />
<Point X='217' Y='91' T='424' />
<Point X='217' Y='102' T='441' />
<Point X='218' Y='109' T='457' />
<Point X='218' Y='115' T='471' />
<Point X='218' Y='120' T='480' />
<Point X='218' Y='126' T='489' />
<Point X='218' Y='134' T='503' />
<Point X='217' Y='146' T='518' />
<Point X='216' Y='154' T='536' />
<Point X='213' Y='166' T='553' />
<Point X='211' Y='171' T='570' />
<Point X='210' Y='176' T='581' />
<Point X='209' Y='180' T='589' />
<Point X='209' Y='184' T='599' />
<Point X='209' Y='188' T='613' />
<Point X='209' Y='192' T='621' />
<Point X='209' Y='196' T='633' />
<Point X='209' Y='200' T='643' />
<Point X='209' Y='203' T='655' />
<Point X='209' Y='207' T='665' />
<Point X='209' Y='211' T='673' />
<Point X='209' Y='215' T='687' />
<Point X='208' Y='220' T='698' />
<Point X='207' Y='224' T='710' />
<Point X='206' Y='228' T='722' />
<Point X='205' Y='233' T='733' />
<Point X='204' Y='238' T='744' />
<Point X='202' Y='245' T='771' />
<Point X='202' Y='248' T='781' />
<Point X='201' Y='250' T='787' />
<Point X='201' Y='252' T='804' />
<Point X='201' Y='253' T='814' />
<Point X='201' Y='254' T='820' />
<Point X='201' Y='254' T='838' />
<Point X='201' Y='255' T='850' />
<Point X='201' Y='255' T='872' />
<Point X='202' Y='255' T='880' />
</Stroke>
<Stroke index = '3' >
<Point X='428' Y='3' T='73' />
<Point X='428' Y='2' T='81' />
<Point X='428' Y='1' T='105' />
<Point X='428' Y='1' T='115' />
<Point X='427' Y='0' T='132' />
<Point X='426' Y='0' T='169' />
<Point X='426' Y='0' T='179' />
<Point X='425' Y='1' T='202' />
<Point X='424' Y='5' T='238' />
<Point X='423' Y='7' T='249' />
<Point X='422' Y='9' T='264' />
<Point X='421' Y='10' T='274' />
<Point X='420' Y='12' T='284' />
<Point X='418' Y='16' T='308' />
<Point X='416' Y='19' T='322' />
<Point X='414' Y='23' T='333' />
<Point X='412' Y='27' T='342' />
<Point X='410' Y='31' T='354' />
<Point X='408' Y='34' T='369' />
<Point X='407' Y='38' T='377' />
<Point X='405' Y='42' T='390' />
<Point X='402' Y='48' T='403' />
<Point X='399' Y='52' T='416' />
<Point X='396' Y='57' T='429' />
<Point X='390' Y='66' T='442' />
<Point X='388' Y='72' T='458' />
<Point X='386' Y='76' T='472' />
<Point X='384' Y='81' T='481' />
<Point X='381' Y='86' T='492' />
<Point X='379' Y='92' T='504' />
<Point X='371' Y='106' T='519' />
<Point X='368' Y='112' T='543' />
<Point X='361' Y='122' T='554' />
<Point X='357' Y='127' T='570' />
<Point X='354' Y='131' T='582' />
<Point X='351' Y='135' T='589' />
<Point X='349' Y='138' T='601' />
<Point X='347' Y='141' T='614' />
<Point X='346' Y='144' T='623' />
<Point X='344' Y='147' T='634' />
<Point X='342' Y='151' T='645' />
<Point X='340' Y='155' T='655' />
<Point X='338' Y='159' T='665' />
<Point X='335' Y='163' T='674' />
<Point X='331' Y='167' T='688' />
<Point X='328' Y='171' T='698' />
<Point X='324' Y='176' T='712' />
<Point X='320' Y='181' T='722' />
<Point X='315' Y='187' T='733' />
<Point X='310' Y='193' T='745' />
<Point X='302' Y='202' T='771' />
<Point X='299' Y='205' T='782' />
<Point X='297' Y='207' T='788' />
<Point X='295' Y='209' T='805' />
<Point X='293' Y='210' T='815' />
<Point X='292' Y='211' T='822' />
<Point X='291' Y='211' T='839' />
<Point X='290' Y='212' T='850' />
<Point X='289' Y='212' T='856' />
</Stroke>
<Stroke index = '4' >
<Point X='565' Y='80' T='46' />
<Point X='565' Y='80' T='69' />
<Point X='565' Y='79' T='102' />
<Point X='565' Y='79' T='177' />
<Point X='564' Y='79' T='201' />
<Point X='562' Y='82' T='237' />
<Point X='560' Y='84' T='247' />
<Point X='559' Y='86' T='261' />
<Point X='557' Y='88' T='272' />
<Point X='555' Y='91' T='282' />
<Point X='552' Y='96' T='305' />
<Point X='550' Y='99' T='318' />
<Point X='547' Y='102' T='331' />
<Point X='542' Y='106' T='340' />
<Point X='538' Y='111' T='352' />
<Point X='534' Y='116' T='367' />
<Point X='531' Y='120' T='376' />
<Point X='528' Y='124' T='388' />
<Point X='523' Y='130' T='402' />
<Point X='519' Y='135' T='413' />
<Point X='515' Y='139' T='422' />
<Point X='509' Y='149' T='440' />
<Point X='506' Y='155' T='455' />
<Point X='503' Y='159' T='469' />
<Point X='500' Y='163' T='479' />
<Point X='497' Y='167' T='488' />
<Point X='493' Y='173' T='502' />
<Point X='487' Y='184' T='516' />
<Point X='482' Y='189' T='536' />
<Point X='473' Y='200' T='553' />
<Point X='471' Y='203' T='570' />
<Point X='469' Y='205' T='580' />
<Point X='467' Y='206' T='588' />
<Point X='465' Y='208' T='598' />
<Point X='462' Y='210' T='611' />
<Point X='460' Y='212' T='619' />
<Point X='457' Y='216' T='632' />
<Point X='454' Y='220' T='642' />
<Point X='449' Y='226' T='653' />
<Point X='444' Y='232' T='663' />
<Point X='439' Y='238' T='673' />
<Point X='435' Y='243' T='686' />
<Point X='431' Y='248' T='697' />
<Point X='427' Y='253' T='709' />
<Point X='423' Y='257' T='720' />
</Stroke>
<Stroke index = '5' >
<Point X='686' Y='296' T='40' />
<Point X='686' Y='295' T='67' />
<Point X='686' Y='295' T='79' />
<Point X='687' Y='294' T='101' />
<Point X='688' Y='294' T='113' />
<Point X='689' Y='294' T='129' />
<Point X='689' Y='294' T='150' />
<Point X='688' Y='294' T='166' />
<Point X='686' Y='294' T='176' />
<Point X='682' Y='296' T='201' />
<Point X='676' Y='298' T='235' />
<Point X='673' Y='300' T='245' />
<Point X='668' Y='301' T='260' />
<Point X='664' Y='303' T='271' />
<Point X='662' Y='304' T='279' />
<Point X='657' Y='306' T='304' />
<Point X='653' Y='307' T='318' />
<Point X='648' Y='309' T='330' />
<Point X='643' Y='310' T='338' />
<Point X='640' Y='311' T='352' />
<Point X='636' Y='312' T='366' />
<Point X='631' Y='313' T='374' />
<Point X='625' Y='315' T='387' />
<Point X='620' Y='317' T='401' />
<Point X='616' Y='319' T='413' />
<Point X='610' Y='321' T='421' />
<Point X='598' Y='325' T='439' />
<Point X='593' Y='327' T='455' />
<Point X='585' Y='328' T='469' />
<Point X='579' Y='329' T='477' />
</Stroke>
<Stroke index = '1' >
<Point X='0' Y='606' T='0' />
<Point X='2' Y='604' T='51' />
<Point X='3' Y='603' T='66' />
<Point X='4' Y='603' T='77' />
<Point X='5' Y='602' T='100' />
<Point X='5' Y='602' T='111' />
<Point X='6' Y='601' T='128' />
<Point X='7' Y='600' T='148' />
<Point X='10' Y='599' T='165' />
<Point X='12' Y='598' T='175' />
<Point X='15' Y='595' T='200' />
<Point X='23' Y='588' T='234' />
<Point X='26' Y='585' T='245' />
<Point X='30' Y='582' T='258' />
<Point X='33' Y='580' T='270' />
<Point X='37' Y='576' T='278' />
<Point X='47' Y='567' T='303' />
<Point X='51' Y='564' T='316' />
<Point X='56' Y='560' T='328' />
<Point X='61' Y='555' T='337' />
<Point X='67' Y='550' T='349' />
<Point X='71' Y='546' T='364' />
<Point X='75' Y='543' T='372' />
<Point X='79' Y='539' T='386' />
<Point X='83' Y='535' T='401' />
<Point X='88' Y='530' T='412' />
<Point X='92' Y='526' T='419' />
<Point X='98' Y='519' T='438' />
<Point X='103' Y='514' T='453' />
<Point X='108' Y='509' T='467' />
<Point X='112' Y='504' T='475' />
<Point X='116' Y='500' T='486' />
<Point X='120' Y='495' T='500' />
<Point X='132' Y='482' T='515' />
<Point X='137' Y='475' T='534' />
<Point X='146' Y='464' T='552' />
<Point X='149' Y='461' T='569' />
<Point X='152' Y='459' T='579' />
<Point X='154' Y='456' T='586' />
<Point X='156' Y='454' T='597' />
<Point X='159' Y='451' T='609' />
<Point X='162' Y='449' T='618' />
<Point X='164' Y='446' T='631' />
<Point X='167' Y='444' T='641' />
<Point X='169' Y='441' T='652' />
<Point X='171' Y='439' T='662' />
<Point X='172' Y='438' T='671' />
<Point X='173' Y='436' T='685' />
<Point X='173' Y='435' T='696' />
<Point X='174' Y='434' T='707' />
<Point X='174' Y='433' T='719' />
<Point X='175' Y='432' T='730' />
<Point X='175' Y='431' T='741' />
<Point X='176' Y='428' T='770' />
<Point X='177' Y='427' T='780' />
<Point X='177' Y='425' T='786' />
<Point X='177' Y='424' T='803' />
<Point X='177' Y='423' T='814' />
<Point X='177' Y='422' T='819' />
<Point X='177' Y='421' T='837' />
<Point X='177' Y='420' T='849' />
<Point X='177' Y='420' T='855' />
<Point X='178' Y='419' T='871' />
<Point X='178' Y='419' T='879' />
</Stroke>

</Gesture>
