<?xml version='1.0' encoding='utf-8' standalone='yes'?>
<Gesture Name ='3_1_14' Subject = 'test'  Speed = 'MEDIUM' NumPts = '183' InputType='finger' >

<Stroke index = '5' >
<Point X='689' Y='302' T='0' />
<Point X='688' Y='302' T='21' />
<Point X='688' Y='302' T='31' />
<Point X='688' Y='302' T='42' />
<Point X='688' Y='301' T='74' />
<Point X='688' Y='301' T='83' />
<Point X='687' Y='301' T='94' />
<Point X='686' Y='301' T='112' />
<Point X='685' Y='301' T='122' />
<Point X='684' Y='302' T='134' />
<Point X='643' Y='319' T='226' />
<Point X='634' Y='325' T='237' />
<Point X='627' Y='328' T='249' />
<Point X='611' Y='336' T='274' />
<Point X='598' Y='345' T='296' />
<Point X='584' Y='353' T='310' />
<Point X='578' Y='357' T='324' />
<Point X='569' Y='363' T='336' />
<Point X='564' Y='367' T='347' />
<Point X='557' Y='372' T='362' />
<Point X='543' Y='378' T='376' />
<Point X='534' Y='383' T='394' />
<Point X='525' Y='387' T='405' />
<Point X='514' Y='390' T='415' />
<Point X='505' Y='392' T='432' />
<Point X='492' Y='396' T='445' />
<Point X='487' Y='398' T='461' />
<Point X='483' Y='399' T='477' />
<Point X='481' Y='399' T='485' />
<Point X='480' Y='399' T='500' />
<Point X='480' Y='399' T='511' />
<Point X='479' Y='399' T='531' />
<Point X='479' Y='399' T='544' />
<Point X='479' Y='399' T='557' />
<Point X='478' Y='399' T='564' />
<Point X='478' Y='399' T='577' />
<Point X='477' Y='399' T='588' />
</Stroke>
<Stroke index = '1' >
<Point X='0' Y='595' T='10' />
<Point X='0' Y='595' T='21' />
<Point X='0' Y='595' T='32' />
<Point X='0' Y='596' T='44' />
<Point X='0' Y='596' T='55' />
<Point X='0' Y='597' T='75' />
<Point X='0' Y='597' T='95' />
<Point X='2' Y='595' T='113' />
<Point X='3' Y='594' T='124' />
<Point X='4' Y='593' T='135' />
<Point X='12' Y='581' T='228' />
<Point X='14' Y='579' T='238' />
<Point X='16' Y='577' T='251' />
<Point X='19' Y='570' T='276' />
<Point X='23' Y='565' T='298' />
<Point X='30' Y='559' T='311' />
<Point X='32' Y='556' T='325' />
<Point X='35' Y='552' T='340' />
<Point X='38' Y='549' T='349' />
<Point X='40' Y='546' T='362' />
<Point X='46' Y='539' T='377' />
<Point X='50' Y='535' T='394' />
<Point X='54' Y='530' T='406' />
<Point X='58' Y='525' T='417' />
<Point X='61' Y='522' T='432' />
<Point X='71' Y='512' T='446' />
<Point X='76' Y='506' T='462' />
<Point X='81' Y='500' T='478' />
<Point X='87' Y='494' T='487' />
<Point X='93' Y='488' T='500' />
<Point X='97' Y='484' T='512' />
<Point X='102' Y='479' T='532' />
<Point X='103' Y='478' T='545' />
<Point X='104' Y='476' T='558' />
<Point X='105' Y='475' T='566' />
<Point X='106' Y='473' T='578' />
<Point X='107' Y='472' T='590' />
<Point X='107' Y='472' T='598' />
</Stroke>
<Stroke index = '2' >
<Point X='264' Y='10' T='24' />
<Point X='264' Y='10' T='32' />
<Point X='264' Y='10' T='44' />
<Point X='264' Y='10' T='57' />
<Point X='263' Y='9' T='76' />
<Point X='263' Y='9' T='86' />
<Point X='263' Y='8' T='96' />
<Point X='262' Y='7' T='115' />
<Point X='262' Y='7' T='125' />
<Point X='261' Y='6' T='137' />
<Point X='253' Y='22' T='229' />
<Point X='251' Y='27' T='241' />
<Point X='250' Y='33' T='252' />
<Point X='247' Y='44' T='278' />
<Point X='245' Y='56' T='300' />
<Point X='244' Y='69' T='313' />
<Point X='243' Y='75' T='326' />
<Point X='242' Y='81' T='342' />
<Point X='242' Y='89' T='352' />
<Point X='241' Y='95' T='364' />
<Point X='240' Y='108' T='379' />
<Point X='239' Y='114' T='396' />
<Point X='239' Y='120' T='410' />
<Point X='238' Y='128' T='420' />
<Point X='237' Y='135' T='433' />
<Point X='233' Y='149' T='449' />
<Point X='232' Y='155' T='464' />
<Point X='231' Y='161' T='480' />
<Point X='230' Y='167' T='489' />
<Point X='229' Y='172' T='502' />
<Point X='229' Y='176' T='513' />
<Point X='229' Y='182' T='534' />
<Point X='228' Y='184' T='547' />
<Point X='228' Y='186' T='560' />
<Point X='228' Y='187' T='568' />
<Point X='227' Y='189' T='580' />
<Point X='227' Y='190' T='592' />
<Point X='227' Y='191' T='601' />
</Stroke>
<Stroke index = '3' >
<Point X='473' Y='1' T='27' />
<Point X='472' Y='0' T='45' />
<Point X='472' Y='0' T='77' />
<Point X='472' Y='0' T='86' />
<Point X='471' Y='0' T='98' />
<Point X='470' Y='0' T='115' />
<Point X='470' Y='0' T='127' />
<Point X='470' Y='2' T='137' />
<Point X='456' Y='30' T='229' />
<Point X='453' Y='35' T='242' />
<Point X='450' Y='41' T='253' />
<Point X='441' Y='53' T='279' />
<Point X='433' Y='65' T='302' />
<Point X='424' Y='78' T='313' />
<Point X='419' Y='84' T='327' />
<Point X='415' Y='90' T='344' />
<Point X='412' Y='97' T='352' />
<Point X='409' Y='102' T='364' />
<Point X='400' Y='114' T='380' />
<Point X='397' Y='120' T='397' />
<Point X='394' Y='125' T='412' />
<Point X='391' Y='131' T='421' />
<Point X='388' Y='137' T='434' />
<Point X='379' Y='147' T='449' />
<Point X='375' Y='152' T='465' />
<Point X='371' Y='157' T='481' />
<Point X='368' Y='161' T='490' />
<Point X='366' Y='164' T='503' />
<Point X='364' Y='166' T='515' />
<Point X='361' Y='168' T='535' />
<Point X='359' Y='169' T='547' />
<Point X='358' Y='170' T='561' />
<Point X='357' Y='171' T='569' />
<Point X='356' Y='172' T='580' />
<Point X='355' Y='173' T='593' />
<Point X='354' Y='174' T='602' />
</Stroke>
<Stroke index = '4' >
<Point X='598' Y='82' T='13' />
<Point X='597' Y='82' T='85' />
<Point X='596' Y='82' T='114' />
<Point X='596' Y='82' T='124' />
<Point X='595' Y='83' T='136' />
<Point X='573' Y='115' T='229' />
<Point X='568' Y='120' T='239' />
<Point X='562' Y='127' T='251' />
<Point X='551' Y='139' T='277' />
<Point X='540' Y='153' T='300' />
<Point X='530' Y='164' T='312' />
<Point X='524' Y='171' T='325' />
<Point X='519' Y='177' T='341' />
<Point X='516' Y='183' T='350' />
<Point X='512' Y='188' T='363' />
<Point X='503' Y='200' T='378' />
<Point X='500' Y='205' T='396' />
<Point X='497' Y='209' T='409' />
<Point X='494' Y='215' T='419' />
<Point X='490' Y='221' T='433' />
<Point X='482' Y='229' T='447' />
<Point X='478' Y='234' T='463' />
<Point X='474' Y='238' T='479' />
<Point X='471' Y='241' T='488' />
<Point X='468' Y='243' T='501' />
<Point X='466' Y='244' T='513' />
<Point X='464' Y='246' T='534' />
<Point X='463' Y='246' T='546' />
<Point X='462' Y='247' T='559' />
<Point X='461' Y='247' T='567' />
<Point X='460' Y='248' T='579' />
<Point X='459' Y='249' T='591' />
<Point X='458' Y='249' T='600' />
<Point X='458' Y='250' T='612' />
</Stroke>

</Gesture>
