<?xml version='1.0' encoding='utf-8' standalone='yes'?>
<Gesture Name ='3_1_1' Subject = 'test'  Speed = 'MEDIUM' NumPts = '275' InputType='finger' >

<Stroke index = '5' >
<Point X='651' Y='266' T='68' />
<Point X='651' Y='266' T='106' />
<Point X='650' Y='266' T='207' />
<Point X='650' Y='266' T='220' />
<Point X='649' Y='267' T='255' />
<Point X='648' Y='268' T='266' />
<Point X='647' Y='269' T='279' />
<Point X='646' Y='270' T='292' />
<Point X='645' Y='271' T='305' />
<Point X='642' Y='273' T='315' />
<Point X='635' Y='277' T='340' />
<Point X='633' Y='279' T='348' />
<Point X='629' Y='281' T='366' />
<Point X='624' Y='283' T='377' />
<Point X='613' Y='288' T='398' />
<Point X='610' Y='290' T='410' />
<Point X='604' Y='293' T='421' />
<Point X='598' Y='297' T='434' />
<Point X='593' Y='299' T='445' />
<Point X='589' Y='301' T='460' />
<Point X='577' Y='305' T='474' />
<Point X='572' Y='306' T='486' />
<Point X='566' Y='306' T='499' />
<Point X='558' Y='306' T='511' />
<Point X='551' Y='306' T='526' />
<Point X='538' Y='306' T='540' />
<Point X='512' Y='305' T='551' />
<Point X='499' Y='305' T='574' />
<Point X='487' Y='305' T='582' />
<Point X='475' Y='306' T='598' />
<Point X='469' Y='307' T='608' />
<Point X='462' Y='308' T='623' />
<Point X='461' Y='309' T='641' />
<Point X='459' Y='309' T='654' />
<Point X='458' Y='310' T='664' />
<Point X='454' Y='310' T='676' />
<Point X='452' Y='311' T='695' />
<Point X='449' Y='311' T='709' />
<Point X='445' Y='314' T='726' />
<Point X='443' Y='315' T='742' />
<Point X='440' Y='317' T='756' />
<Point X='436' Y='321' T='770' />
<Point X='433' Y='322' T='793' />
<Point X='429' Y='325' T='803' />
<Point X='427' Y='326' T='814' />
<Point X='426' Y='327' T='829' />
<Point X='424' Y='328' T='841' />
<Point X='421' Y='330' T='860' />
<Point X='420' Y='331' T='873' />
<Point X='418' Y='332' T='886' />
<Point X='417' Y='333' T='917' />
<Point X='415' Y='334' T='928' />
<Point X='414' Y='335' T='944' />
</Stroke>
<Stroke index = '4' >
<Point X='526' Y='65' T='65' />
<Point X='526' Y='65' T='86' />
<Point X='525' Y='65' T='104' />
<Point X='525' Y='65' T='138' />
<Point X='525' Y='66' T='146' />
<Point X='525' Y='66' T='158' />
<Point X='525' Y='67' T='254' />
<Point X='524' Y='67' T='265' />
<Point X='524' Y='68' T='278' />
<Point X='523' Y='69' T='290' />
<Point X='523' Y='70' T='302' />
<Point X='522' Y='71' T='314' />
<Point X='520' Y='74' T='339' />
<Point X='517' Y='78' T='347' />
<Point X='514' Y='81' T='364' />
<Point X='511' Y='86' T='376' />
<Point X='506' Y='93' T='396' />
<Point X='503' Y='97' T='409' />
<Point X='500' Y='102' T='421' />
<Point X='495' Y='107' T='433' />
<Point X='491' Y='112' T='444' />
<Point X='488' Y='116' T='460' />
<Point X='482' Y='125' T='472' />
<Point X='479' Y='130' T='484' />
<Point X='476' Y='134' T='498' />
<Point X='473' Y='137' T='510' />
<Point X='470' Y='140' T='524' />
<Point X='467' Y='144' T='539' />
<Point X='462' Y='151' T='550' />
<Point X='461' Y='153' T='573' />
<Point X='459' Y='155' T='580' />
<Point X='456' Y='157' T='597' />
<Point X='453' Y='160' T='607' />
<Point X='447' Y='165' T='622' />
<Point X='444' Y='168' T='640' />
<Point X='442' Y='171' T='652' />
<Point X='440' Y='174' T='663' />
<Point X='435' Y='180' T='675' />
<Point X='433' Y='183' T='693' />
<Point X='430' Y='186' T='709' />
<Point X='425' Y='194' T='725' />
<Point X='423' Y='197' T='740' />
<Point X='422' Y='199' T='754' />
<Point X='419' Y='204' T='769' />
<Point X='417' Y='207' T='790' />
<Point X='413' Y='211' T='802' />
<Point X='411' Y='213' T='813' />
<Point X='410' Y='215' T='827' />
<Point X='408' Y='217' T='841' />
<Point X='406' Y='219' T='859' />
<Point X='405' Y='220' T='872' />
<Point X='404' Y='221' T='885' />
<Point X='403' Y='222' T='915' />
<Point X='402' Y='224' T='926' />
<Point X='401' Y='226' T='943' />
</Stroke>
<Stroke index = '1' >
<Point X='0' Y='615' T='0' />
<Point X='0' Y='615' T='84' />
<Point X='0' Y='615' T='94' />
<Point X='0' Y='614' T='126' />
<Point X='0' Y='614' T='170' />
<Point X='1' Y='613' T='181' />
<Point X='2' Y='612' T='205' />
<Point X='2' Y='611' T='218' />
<Point X='6' Y='606' T='253' />
<Point X='8' Y='603' T='264' />
<Point X='10' Y='600' T='277' />
<Point X='12' Y='596' T='289' />
<Point X='15' Y='591' T='301' />
<Point X='19' Y='585' T='312' />
<Point X='25' Y='576' T='337' />
<Point X='28' Y='570' T='346' />
<Point X='31' Y='564' T='362' />
<Point X='35' Y='559' T='375' />
<Point X='43' Y='546' T='394' />
<Point X='47' Y='540' T='408' />
<Point X='51' Y='534' T='419' />
<Point X='55' Y='527' T='431' />
<Point X='60' Y='520' T='440' />
<Point X='64' Y='514' T='458' />
<Point X='73' Y='500' T='471' />
<Point X='77' Y='495' T='483' />
<Point X='82' Y='488' T='495' />
<Point X='87' Y='481' T='509' />
<Point X='91' Y='476' T='523' />
<Point X='95' Y='471' T='538' />
<Point X='106' Y='459' T='550' />
<Point X='110' Y='453' T='572' />
<Point X='117' Y='445' T='579' />
<Point X='122' Y='437' T='595' />
<Point X='128' Y='429' T='606' />
<Point X='137' Y='416' T='621' />
<Point X='142' Y='412' T='638' />
<Point X='146' Y='408' T='650' />
<Point X='149' Y='404' T='661' />
<Point X='155' Y='397' T='674' />
<Point X='157' Y='395' T='691' />
<Point X='160' Y='393' T='707' />
<Point X='163' Y='390' T='723' />
<Point X='164' Y='388' T='738' />
<Point X='165' Y='387' T='753' />
<Point X='166' Y='385' T='766' />
<Point X='167' Y='384' T='784' />
<Point X='168' Y='383' T='801' />
<Point X='168' Y='382' T='811' />
<Point X='168' Y='382' T='826' />
<Point X='168' Y='381' T='839' />
<Point X='169' Y='380' T='857' />
<Point X='169' Y='380' T='870' />
<Point X='169' Y='379' T='883' />
<Point X='169' Y='379' T='898' />
</Stroke>
<Stroke index = '3' >
<Point X='385' Y='0' T='97' />
<Point X='385' Y='0' T='108' />
<Point X='384' Y='0' T='128' />
<Point X='383' Y='0' T='139' />
<Point X='382' Y='0' T='148' />
<Point X='382' Y='0' T='159' />
<Point X='381' Y='0' T='171' />
<Point X='381' Y='0' T='183' />
<Point X='380' Y='0' T='208' />
<Point X='379' Y='0' T='220' />
<Point X='378' Y='1' T='255' />
<Point X='378' Y='1' T='268' />
<Point X='378' Y='2' T='281' />
<Point X='377' Y='3' T='293' />
<Point X='377' Y='4' T='307' />
<Point X='376' Y='5' T='318' />
<Point X='375' Y='8' T='341' />
<Point X='374' Y='10' T='350' />
<Point X='373' Y='12' T='368' />
<Point X='372' Y='16' T='379' />
<Point X='368' Y='25' T='398' />
<Point X='366' Y='28' T='411' />
<Point X='364' Y='32' T='422' />
<Point X='362' Y='36' T='435' />
<Point X='359' Y='42' T='447' />
<Point X='357' Y='47' T='461' />
<Point X='353' Y='56' T='474' />
<Point X='350' Y='62' T='488' />
<Point X='348' Y='67' T='499' />
<Point X='346' Y='71' T='512' />
<Point X='344' Y='75' T='527' />
<Point X='342' Y='80' T='541' />
<Point X='338' Y='89' T='551' />
<Point X='336' Y='94' T='575' />
<Point X='334' Y='99' T='583' />
<Point X='331' Y='105' T='599' />
<Point X='329' Y='109' T='609' />
<Point X='324' Y='117' T='623' />
<Point X='321' Y='122' T='642' />
<Point X='320' Y='126' T='654' />
<Point X='318' Y='129' T='665' />
<Point X='315' Y='137' T='676' />
<Point X='313' Y='141' T='696' />
<Point X='311' Y='145' T='709' />
<Point X='306' Y='154' T='727' />
<Point X='304' Y='157' T='743' />
<Point X='302' Y='160' T='759' />
<Point X='298' Y='166' T='772' />
<Point X='297' Y='168' T='795' />
<Point X='294' Y='173' T='805' />
<Point X='293' Y='175' T='815' />
<Point X='291' Y='177' T='830' />
<Point X='290' Y='178' T='842' />
<Point X='287' Y='181' T='861' />
<Point X='285' Y='183' T='875' />
<Point X='284' Y='184' T='890' />
<Point X='282' Y='186' T='918' />
<Point X='280' Y='189' T='929' />
</Stroke>
<Stroke index = '2' >
<Point X='172' Y='35' T='142' />
<Point X='172' Y='35' T='160' />
<Point X='171' Y='35' T='172' />
<Point X='171' Y='35' T='185' />
<Point X='170' Y='36' T='209' />
<Point X='169' Y='37' T='220' />
<Point X='167' Y='41' T='256' />
<Point X='167' Y='42' T='269' />
<Point X='166' Y='44' T='282' />
<Point X='166' Y='45' T='293' />
<Point X='165' Y='46' T='308' />
<Point X='165' Y='47' T='319' />
<Point X='165' Y='50' T='342' />
<Point X='165' Y='52' T='353' />
<Point X='166' Y='54' T='370' />
<Point X='167' Y='58' T='380' />
<Point X='168' Y='67' T='400' />
<Point X='169' Y='70' T='413' />
<Point X='170' Y='74' T='422' />
<Point X='171' Y='80' T='437' />
<Point X='171' Y='86' T='447' />
<Point X='172' Y='91' T='462' />
<Point X='174' Y='105' T='474' />
<Point X='175' Y='111' T='489' />
<Point X='176' Y='118' T='499' />
<Point X='177' Y='125' T='513' />
<Point X='179' Y='131' T='528' />
<Point X='180' Y='137' T='541' />
<Point X='182' Y='150' T='552' />
<Point X='183' Y='157' T='575' />
<Point X='184' Y='164' T='584' />
<Point X='185' Y='171' T='600' />
<Point X='186' Y='177' T='609' />
<Point X='188' Y='187' T='624' />
<Point X='189' Y='191' T='642' />
<Point X='189' Y='195' T='656' />
<Point X='190' Y='199' T='667' />
<Point X='193' Y='206' T='677' />
<Point X='194' Y='209' T='699' />
<Point X='195' Y='213' T='711' />
<Point X='196' Y='218' T='728' />
<Point X='197' Y='220' T='744' />
<Point X='197' Y='222' T='761' />
<Point X='198' Y='227' T='774' />
<Point X='198' Y='229' T='795' />
<Point X='199' Y='233' T='806' />
<Point X='199' Y='235' T='816' />
<Point X='199' Y='236' T='831' />
<Point X='199' Y='237' T='843' />
<Point X='199' Y='239' T='862' />
<Point X='199' Y='239' T='875' />
<Point X='199' Y='240' T='893' />
<Point X='199' Y='241' T='920' />
<Point X='199' Y='242' T='931' />
</Stroke>

</Gesture>
