<?xml version='1.0' encoding='utf-8' standalone='yes'?>
<Gesture Name ='3_1_9' Subject = 'test'  Speed = 'MEDIUM' NumPts = '216' InputType='finger' >

<Stroke index = '3' >
<Point X='477' Y='2' T='81' />
<Point X='476' Y='1' T='88' />
<Point X='476' Y='1' T='98' />
<Point X='475' Y='1' T='112' />
<Point X='475' Y='1' T='123' />
<Point X='474' Y='0' T='131' />
<Point X='474' Y='0' T='144' />
<Point X='473' Y='0' T='155' />
<Point X='473' Y='0' T='166' />
<Point X='472' Y='0' T='178' />
<Point X='472' Y='0' T='191' />
<Point X='471' Y='1' T='202' />
<Point X='471' Y='2' T='215' />
<Point X='470' Y='4' T='226' />
<Point X='469' Y='7' T='238' />
<Point X='468' Y='10' T='248' />
<Point X='466' Y='13' T='263' />
<Point X='465' Y='15' T='272' />
<Point X='461' Y='19' T='300' />
<Point X='459' Y='22' T='309' />
<Point X='457' Y='25' T='321' />
<Point X='455' Y='28' T='329' />
<Point X='453' Y='32' T='346' />
<Point X='451' Y='35' T='357' />
<Point X='450' Y='38' T='365' />
<Point X='448' Y='41' T='377' />
<Point X='447' Y='44' T='390' />
<Point X='445' Y='49' T='397' />
<Point X='442' Y='54' T='413' />
<Point X='439' Y='58' T='424' />
<Point X='432' Y='69' T='445' />
<Point X='428' Y='75' T='464' />
<Point X='424' Y='80' T='475' />
<Point X='420' Y='84' T='482' />
<Point X='415' Y='89' T='498' />
<Point X='412' Y='95' T='506' />
<Point X='409' Y='99' T='518' />
<Point X='407' Y='102' T='531' />
<Point X='404' Y='108' T='549' />
<Point X='402' Y='112' T='565' />
<Point X='398' Y='118' T='578' />
<Point X='396' Y='121' T='600' />
<Point X='393' Y='125' T='613' />
<Point X='392' Y='128' T='624' />
<Point X='389' Y='132' T='648' />
<Point X='388' Y='134' T='659' />
<Point X='387' Y='135' T='670' />
<Point X='386' Y='135' T='681' />
</Stroke>
<Stroke index = '5' >
<Point X='695' Y='291' T='194' />
<Point X='695' Y='291' T='203' />
<Point X='694' Y='291' T='215' />
<Point X='691' Y='291' T='228' />
<Point X='687' Y='292' T='238' />
<Point X='683' Y='293' T='248' />
<Point X='678' Y='294' T='264' />
<Point X='671' Y='295' T='273' />
<Point X='662' Y='299' T='303' />
<Point X='658' Y='301' T='310' />
<Point X='654' Y='303' T='321' />
<Point X='648' Y='306' T='329' />
<Point X='643' Y='308' T='346' />
<Point X='640' Y='310' T='358' />
<Point X='637' Y='311' T='366' />
<Point X='632' Y='313' T='378' />
<Point X='626' Y='314' T='390' />
<Point X='620' Y='315' T='398' />
</Stroke>
<Stroke index = '1' >
<Point X='0' Y='600' T='0' />
<Point X='1' Y='599' T='42' />
<Point X='2' Y='599' T='56' />
<Point X='2' Y='598' T='66' />
<Point X='3' Y='598' T='75' />
<Point X='3' Y='597' T='86' />
<Point X='3' Y='597' T='109' />
<Point X='3' Y='596' T='120' />
<Point X='3' Y='596' T='130' />
<Point X='4' Y='595' T='142' />
<Point X='5' Y='594' T='153' />
<Point X='6' Y='593' T='164' />
<Point X='7' Y='591' T='177' />
<Point X='9' Y='589' T='188' />
<Point X='11' Y='588' T='200' />
<Point X='13' Y='586' T='212' />
<Point X='15' Y='584' T='224' />
<Point X='19' Y='581' T='235' />
<Point X='23' Y='578' T='246' />
<Point X='27' Y='575' T='259' />
<Point X='31' Y='571' T='270' />
<Point X='40' Y='564' T='296' />
<Point X='45' Y='561' T='306' />
<Point X='50' Y='557' T='318' />
<Point X='55' Y='553' T='327' />
<Point X='59' Y='549' T='342' />
<Point X='64' Y='546' T='353' />
<Point X='69' Y='543' T='362' />
<Point X='73' Y='541' T='374' />
<Point X='77' Y='538' T='385' />
<Point X='81' Y='535' T='395' />
<Point X='85' Y='531' T='410' />
<Point X='90' Y='527' T='422' />
<Point X='97' Y='521' T='443' />
<Point X='101' Y='517' T='461' />
<Point X='104' Y='513' T='472' />
<Point X='108' Y='509' T='479' />
<Point X='111' Y='506' T='491' />
<Point X='114' Y='504' T='502' />
<Point X='116' Y='502' T='514' />
<Point X='119' Y='500' T='528' />
<Point X='125' Y='494' T='545' />
<Point X='130' Y='489' T='562' />
<Point X='140' Y='479' T='575' />
<Point X='147' Y='471' T='597' />
<Point X='159' Y='458' T='609' />
<Point X='165' Y='452' T='622' />
<Point X='173' Y='445' T='645' />
<Point X='175' Y='443' T='656' />
<Point X='175' Y='442' T='667' />
<Point X='176' Y='441' T='678' />
</Stroke>
<Stroke index = '4' >
<Point X='603' Y='80' T='20' />
<Point X='602' Y='80' T='43' />
<Point X='601' Y='80' T='57' />
<Point X='601' Y='80' T='77' />
<Point X='601' Y='80' T='86' />
<Point X='601' Y='80' T='96' />
<Point X='601' Y='80' T='111' />
<Point X='600' Y='80' T='121' />
<Point X='600' Y='80' T='154' />
<Point X='599' Y='80' T='165' />
<Point X='599' Y='80' T='178' />
<Point X='598' Y='81' T='189' />
<Point X='597' Y='81' T='201' />
<Point X='596' Y='82' T='213' />
<Point X='595' Y='84' T='225' />
<Point X='593' Y='87' T='236' />
<Point X='591' Y='91' T='248' />
<Point X='588' Y='94' T='261' />
<Point X='585' Y='98' T='271' />
<Point X='579' Y='104' T='299' />
<Point X='576' Y='107' T='307' />
<Point X='574' Y='111' T='320' />
<Point X='570' Y='116' T='327' />
<Point X='567' Y='120' T='343' />
<Point X='563' Y='123' T='355' />
<Point X='559' Y='127' T='363' />
<Point X='556' Y='132' T='376' />
<Point X='553' Y='137' T='389' />
<Point X='549' Y='142' T='396' />
<Point X='545' Y='147' T='412' />
<Point X='539' Y='154' T='423' />
<Point X='530' Y='165' T='444' />
<Point X='524' Y='170' T='462' />
<Point X='519' Y='176' T='472' />
<Point X='514' Y='181' T='480' />
<Point X='511' Y='184' T='494' />
<Point X='509' Y='187' T='503' />
<Point X='506' Y='189' T='516' />
<Point X='504' Y='192' T='529' />
<Point X='498' Y='197' T='546' />
<Point X='496' Y='200' T='564' />
<Point X='494' Y='205' T='576' />
<Point X='493' Y='207' T='599' />
<Point X='489' Y='212' T='611' />
<Point X='487' Y='215' T='623' />
<Point X='483' Y='220' T='646' />
<Point X='482' Y='221' T='657' />
<Point X='481' Y='222' T='668' />
<Point X='480' Y='222' T='679' />
<Point X='479' Y='223' T='689' />
</Stroke>
<Stroke index = '2' >
<Point X='290' Y='8' T='61' />
<Point X='290' Y='8' T='79' />
<Point X='289' Y='8' T='87' />
<Point X='289' Y='8' T='97' />
<Point X='288' Y='7' T='111' />
<Point X='288' Y='7' T='122' />
<Point X='287' Y='6' T='131' />
<Point X='287' Y='6' T='143' />
<Point X='286' Y='6' T='154' />
<Point X='286' Y='6' T='165' />
<Point X='285' Y='6' T='178' />
<Point X='285' Y='6' T='190' />
<Point X='284' Y='7' T='202' />
<Point X='283' Y='9' T='214' />
<Point X='282' Y='11' T='225' />
<Point X='281' Y='13' T='237' />
<Point X='279' Y='15' T='248' />
<Point X='278' Y='17' T='261' />
<Point X='276' Y='19' T='271' />
<Point X='273' Y='26' T='300' />
<Point X='272' Y='30' T='308' />
<Point X='271' Y='34' T='320' />
<Point X='270' Y='37' T='328' />
<Point X='269' Y='40' T='345' />
<Point X='268' Y='43' T='356' />
<Point X='267' Y='47' T='364' />
<Point X='267' Y='52' T='376' />
<Point X='267' Y='56' T='389' />
<Point X='267' Y='59' T='396' />
<Point X='267' Y='63' T='412' />
<Point X='266' Y='68' T='424' />
<Point X='265' Y='79' T='444' />
<Point X='264' Y='85' T='462' />
<Point X='263' Y='92' T='474' />
<Point X='262' Y='98' T='481' />
<Point X='261' Y='103' T='496' />
<Point X='261' Y='107' T='505' />
<Point X='260' Y='112' T='517' />
<Point X='259' Y='117' T='530' />
<Point X='258' Y='124' T='548' />
<Point X='258' Y='128' T='564' />
<Point X='257' Y='136' T='577' />
<Point X='256' Y='139' T='600' />
<Point X='256' Y='145' T='612' />
<Point X='256' Y='148' T='624' />
<Point X='256' Y='153' T='647' />
<Point X='256' Y='155' T='657' />
<Point X='256' Y='157' T='669' />
<Point X='256' Y='159' T='681' />
</Stroke>

</Gesture>
