<?xml version='1.0' encoding='utf-8' standalone='yes'?>
<Gesture Name ='3_1_19' Subject = 'test'  Speed = 'MEDIUM' NumPts = '150' InputType='finger' >

<Stroke index = '2' >
<Point X='285' Y='2' T='45' />
<Point X='284' Y='2' T='58' />
<Point X='282' Y='1' T='70' />
<Point X='281' Y='0' T='82' />
<Point X='279' Y='0' T='90' />
<Point X='277' Y='0' T='110' />
<Point X='276' Y='0' T='119' />
<Point X='274' Y='1' T='131' />
<Point X='272' Y='2' T='143' />
<Point X='269' Y='3' T='152' />
<Point X='267' Y='5' T='163' />
<Point X='264' Y='8' T='178' />
<Point X='262' Y='11' T='191' />
<Point X='260' Y='14' T='198' />
<Point X='258' Y='18' T='212' />
<Point X='257' Y='23' T='228' />
<Point X='256' Y='27' T='244' />
<Point X='255' Y='32' T='251' />
<Point X='254' Y='38' T='262' />
<Point X='252' Y='50' T='278' />
<Point X='252' Y='55' T='293' />
<Point X='252' Y='60' T='305' />
<Point X='252' Y='67' T='331' />
<Point X='253' Y='71' T='342' />
<Point X='254' Y='73' T='361' />
<Point X='254' Y='74' T='368' />
<Point X='254' Y='75' T='379' />
<Point X='254' Y='77' T='389' />
<Point X='253' Y='78' T='399' />
</Stroke>
<Stroke index = '3' >
<Point X='463' Y='10' T='22' />
<Point X='463' Y='10' T='30' />
<Point X='463' Y='9' T='41' />
<Point X='463' Y='9' T='56' />
<Point X='462' Y='8' T='69' />
<Point X='461' Y='7' T='81' />
<Point X='461' Y='7' T='90' />
<Point X='460' Y='7' T='110' />
<Point X='460' Y='7' T='119' />
<Point X='459' Y='8' T='130' />
<Point X='457' Y='9' T='142' />
<Point X='455' Y='10' T='152' />
<Point X='453' Y='12' T='162' />
<Point X='451' Y='13' T='177' />
<Point X='448' Y='16' T='190' />
<Point X='446' Y='19' T='197' />
<Point X='444' Y='23' T='211' />
<Point X='441' Y='27' T='227' />
<Point X='439' Y='30' T='240' />
<Point X='436' Y='34' T='250' />
<Point X='432' Y='38' T='260' />
<Point X='425' Y='46' T='278' />
<Point X='422' Y='50' T='292' />
<Point X='420' Y='52' T='303' />
<Point X='415' Y='56' T='330' />
<Point X='411' Y='60' T='341' />
<Point X='409' Y='62' T='361' />
<Point X='408' Y='63' T='367' />
<Point X='407' Y='64' T='378' />
<Point X='406' Y='64' T='388' />
<Point X='405' Y='64' T='398' />
<Point X='405' Y='64' T='410' />
</Stroke>
<Stroke index = '5' >
<Point X='657' Y='293' T='11' />
<Point X='657' Y='292' T='20' />
<Point X='657' Y='292' T='30' />
<Point X='657' Y='291' T='40' />
<Point X='657' Y='291' T='55' />
<Point X='657' Y='290' T='68' />
<Point X='656' Y='289' T='80' />
<Point X='653' Y='288' T='90' />
<Point X='650' Y='288' T='109' />
<Point X='646' Y='287' T='118' />
<Point X='641' Y='287' T='129' />
<Point X='638' Y='287' T='141' />
<Point X='634' Y='287' T='150' />
<Point X='631' Y='287' T='162' />
<Point X='625' Y='287' T='176' />
<Point X='619' Y='287' T='189' />
<Point X='615' Y='287' T='196' />
<Point X='608' Y='288' T='211' />
<Point X='598' Y='288' T='226' />
<Point X='581' Y='287' T='239' />
<Point X='568' Y='286' T='249' />
<Point X='554' Y='286' T='260' />
<Point X='540' Y='287' T='276' />
</Stroke>
<Stroke index = '4' >
<Point X='578' Y='96' T='-15' />
<Point X='577' Y='96' T='17' />
<Point X='577' Y='95' T='26' />
<Point X='577' Y='95' T='36' />
<Point X='577' Y='94' T='54' />
<Point X='577' Y='94' T='67' />
<Point X='576' Y='94' T='79' />
<Point X='575' Y='94' T='89' />
<Point X='574' Y='94' T='107' />
<Point X='572' Y='95' T='116' />
<Point X='571' Y='96' T='127' />
<Point X='568' Y='97' T='140' />
<Point X='565' Y='100' T='148' />
<Point X='560' Y='103' T='159' />
<Point X='556' Y='106' T='174' />
<Point X='552' Y='110' T='187' />
<Point X='549' Y='113' T='194' />
<Point X='545' Y='116' T='209' />
<Point X='541' Y='119' T='224' />
<Point X='536' Y='123' T='237' />
<Point X='533' Y='127' T='248' />
<Point X='529' Y='131' T='259' />
<Point X='522' Y='137' T='274' />
<Point X='518' Y='139' T='289' />
<Point X='516' Y='140' T='300' />
<Point X='512' Y='142' T='327' />
<Point X='510' Y='143' T='339' />
<Point X='509' Y='143' T='358' />
<Point X='508' Y='144' T='364' />
<Point X='507' Y='144' T='376' />
<Point X='506' Y='145' T='386' />
<Point X='505' Y='145' T='395' />
<Point X='505' Y='146' T='408' />
<Point X='504' Y='146' T='419' />
</Stroke>
<Stroke index = '1' >
<Point X='0' Y='544' T='0' />
<Point X='0' Y='543' T='7' />
<Point X='0' Y='543' T='19' />
<Point X='1' Y='542' T='28' />
<Point X='1' Y='542' T='38' />
<Point X='2' Y='541' T='55' />
<Point X='4' Y='540' T='68' />
<Point X='6' Y='538' T='79' />
<Point X='8' Y='537' T='89' />
<Point X='10' Y='534' T='108' />
<Point X='14' Y='530' T='116' />
<Point X='19' Y='524' T='127' />
<Point X='24' Y='519' T='141' />
<Point X='29' Y='514' T='149' />
<Point X='37' Y='507' T='160' />
<Point X='43' Y='501' T='176' />
<Point X='51' Y='494' T='188' />
<Point X='60' Y='485' T='195' />
<Point X='68' Y='478' T='210' />
<Point X='79' Y='468' T='225' />
<Point X='87' Y='459' T='238' />
<Point X='97' Y='447' T='249' />
<Point X='106' Y='438' T='259' />
<Point X='126' Y='415' T='275' />
<Point X='138' Y='399' T='290' />
<Point X='148' Y='387' T='301' />
<Point X='166' Y='368' T='329' />
<Point X='177' Y='356' T='340' />
<Point X='181' Y='353' T='360' />
<Point X='183' Y='351' T='366' />
<Point X='184' Y='350' T='377' />
<Point X='184' Y='350' T='387' />
</Stroke>

</Gesture>
