<?xml version='1.0' encoding='utf-8' standalone='yes'?>
<Gesture Name ='3_1_15' Subject = 'test'  Speed = 'MEDIUM' NumPts = '172' InputType='finger' >

<Stroke index = '3' >
<Point X='477' Y='3' T='50' />
<Point X='477' Y='3' T='57' />
<Point X='476' Y='3' T='77' />
<Point X='476' Y='3' T='87' />
<Point X='475' Y='3' T='117' />
<Point X='474' Y='3' T='143' />
<Point X='474' Y='4' T='153' />
<Point X='473' Y='6' T='165' />
<Point X='471' Y='8' T='181' />
<Point X='470' Y='10' T='199' />
<Point X='468' Y='13' T='211' />
<Point X='464' Y='17' T='230' />
<Point X='462' Y='19' T='241' />
<Point X='460' Y='22' T='253' />
<Point X='458' Y='24' T='263' />
<Point X='456' Y='28' T='278' />
<Point X='454' Y='32' T='287' />
<Point X='452' Y='35' T='302' />
<Point X='449' Y='39' T='313' />
<Point X='446' Y='42' T='321' />
<Point X='443' Y='46' T='334' />
<Point X='440' Y='50' T='347' />
<Point X='436' Y='59' T='369' />
<Point X='433' Y='64' T='387' />
<Point X='431' Y='67' T='406' />
<Point X='429' Y='71' T='415' />
<Point X='426' Y='74' T='432' />
<Point X='423' Y='77' T='442' />
<Point X='420' Y='81' T='450' />
<Point X='419' Y='82' T='463' />
<Point X='418' Y='83' T='480' />
<Point X='417' Y='83' T='491' />
</Stroke>
<Stroke index = '2' >
<Point X='284' Y='0' T='90' />
<Point X='284' Y='0' T='107' />
<Point X='284' Y='0' T='118' />
<Point X='283' Y='0' T='129' />
<Point X='282' Y='0' T='144' />
<Point X='281' Y='0' T='154' />
<Point X='280' Y='1' T='165' />
<Point X='278' Y='3' T='182' />
<Point X='276' Y='6' T='199' />
<Point X='274' Y='10' T='211' />
<Point X='270' Y='16' T='231' />
<Point X='269' Y='19' T='242' />
<Point X='268' Y='22' T='254' />
<Point X='267' Y='26' T='265' />
<Point X='266' Y='30' T='279' />
<Point X='265' Y='35' T='288' />
<Point X='265' Y='39' T='302' />
<Point X='264' Y='43' T='314' />
<Point X='263' Y='48' T='322' />
<Point X='262' Y='54' T='334' />
<Point X='262' Y='59' T='348' />
<Point X='261' Y='69' T='378' />
<Point X='260' Y='79' T='388' />
<Point X='259' Y='83' T='406' />
<Point X='259' Y='87' T='416' />
<Point X='258' Y='91' T='433' />
<Point X='257' Y='95' T='443' />
<Point X='255' Y='101' T='450' />
<Point X='255' Y='103' T='464' />
<Point X='254' Y='104' T='481' />
<Point X='254' Y='105' T='493' />
</Stroke>
<Stroke index = '5' >
<Point X='682' Y='282' T='0' />
<Point X='682' Y='281' T='15' />
<Point X='682' Y='280' T='47' />
<Point X='682' Y='280' T='62' />
<Point X='682' Y='279' T='103' />
<Point X='682' Y='279' T='115' />
<Point X='681' Y='279' T='125' />
<Point X='679' Y='281' T='139' />
<Point X='676' Y='283' T='151' />
<Point X='673' Y='285' T='163' />
<Point X='670' Y='287' T='178' />
<Point X='666' Y='289' T='196' />
<Point X='662' Y='291' T='207' />
<Point X='652' Y='293' T='227' />
<Point X='648' Y='294' T='238' />
<Point X='644' Y='295' T='249' />
<Point X='639' Y='297' T='261' />
<Point X='634' Y='299' T='274' />
<Point X='630' Y='301' T='283' />
<Point X='626' Y='303' T='298' />
<Point X='621' Y='306' T='310' />
<Point X='615' Y='310' T='318' />
<Point X='610' Y='312' T='331' />
<Point X='606' Y='314' T='344' />
<Point X='593' Y='317' T='364' />
<Point X='582' Y='320' T='382' />
<Point X='573' Y='321' T='402' />
<Point X='565' Y='322' T='411' />
<Point X='550' Y='323' T='428' />
<Point X='545' Y='323' T='438' />
<Point X='535' Y='325' T='447' />
<Point X='533' Y='325' T='460' />
<Point X='532' Y='325' T='478' />
<Point X='532' Y='324' T='488' />
<Point X='531' Y='324' T='497' />
</Stroke>
<Stroke index = '4' >
<Point X='599' Y='78' T='7' />
<Point X='599' Y='78' T='15' />
<Point X='599' Y='78' T='30' />
<Point X='598' Y='78' T='48' />
<Point X='598' Y='78' T='55' />
<Point X='597' Y='78' T='65' />
<Point X='597' Y='78' T='74' />
<Point X='596' Y='78' T='85' />
<Point X='596' Y='78' T='105' />
<Point X='595' Y='78' T='117' />
<Point X='595' Y='79' T='127' />
<Point X='593' Y='80' T='141' />
<Point X='592' Y='82' T='152' />
<Point X='590' Y='84' T='163' />
<Point X='588' Y='86' T='179' />
<Point X='586' Y='89' T='198' />
<Point X='584' Y='92' T='209' />
<Point X='579' Y='99' T='229' />
<Point X='577' Y='102' T='239' />
<Point X='574' Y='104' T='250' />
<Point X='571' Y='107' T='262' />
<Point X='567' Y='111' T='276' />
<Point X='564' Y='116' T='285' />
<Point X='561' Y='120' T='299' />
<Point X='559' Y='124' T='311' />
<Point X='555' Y='128' T='319' />
<Point X='551' Y='132' T='332' />
<Point X='546' Y='137' T='345' />
<Point X='541' Y='145' T='366' />
<Point X='536' Y='150' T='384' />
<Point X='534' Y='153' T='404' />
<Point X='531' Y='156' T='412' />
<Point X='528' Y='159' T='429' />
<Point X='526' Y='162' T='439' />
<Point X='522' Y='165' T='448' />
<Point X='521' Y='166' T='461' />
<Point X='520' Y='167' T='479' />
<Point X='520' Y='167' T='489' />
</Stroke>
<Stroke index = '1' >
<Point X='1' Y='551' T='40' />
<Point X='1' Y='551' T='49' />
<Point X='1' Y='551' T='56' />
<Point X='1' Y='550' T='66' />
<Point X='0' Y='550' T='75' />
<Point X='0' Y='549' T='86' />
<Point X='0' Y='549' T='106' />
<Point X='0' Y='548' T='117' />
<Point X='0' Y='548' T='128' />
<Point X='1' Y='546' T='142' />
<Point X='2' Y='545' T='153' />
<Point X='4' Y='542' T='164' />
<Point X='7' Y='539' T='180' />
<Point X='11' Y='534' T='198' />
<Point X='15' Y='530' T='209' />
<Point X='23' Y='522' T='229' />
<Point X='28' Y='517' T='240' />
<Point X='34' Y='511' T='251' />
<Point X='40' Y='507' T='263' />
<Point X='45' Y='502' T='277' />
<Point X='52' Y='497' T='286' />
<Point X='58' Y='491' T='301' />
<Point X='64' Y='486' T='312' />
<Point X='71' Y='479' T='320' />
<Point X='79' Y='472' T='333' />
<Point X='84' Y='467' T='347' />
<Point X='98' Y='454' T='367' />
<Point X='108' Y='443' T='386' />
<Point X='113' Y='439' T='405' />
<Point X='118' Y='435' T='414' />
<Point X='122' Y='431' T='430' />
<Point X='126' Y='426' T='440' />
<Point X='134' Y='418' T='450' />
<Point X='138' Y='415' T='462' />
<Point X='140' Y='412' T='479' />
<Point X='142' Y='410' T='490' />
</Stroke>

</Gesture>
