<?xml version='1.0' encoding='utf-8' standalone='yes'?>
<Gesture Name ='3_1_16' Subject = 'test'  Speed = 'MEDIUM' NumPts = '175' InputType='finger' >

<Stroke index = '1' >
<Point X='0' Y='551' T='54' />
<Point X='0' Y='551' T='62' />
<Point X='0' Y='551' T='77' />
<Point X='0' Y='550' T='84' />
<Point X='0' Y='550' T='92' />
<Point X='0' Y='549' T='106' />
<Point X='2' Y='547' T='119' />
<Point X='5' Y='544' T='129' />
<Point X='8' Y='541' T='140' />
<Point X='14' Y='535' T='165' />
<Point X='17' Y='530' T='175' />
<Point X='27' Y='522' T='201' />
<Point X='41' Y='508' T='233' />
<Point X='47' Y='503' T='254' />
<Point X='51' Y='499' T='264' />
<Point X='56' Y='495' T='276' />
<Point X='60' Y='491' T='286' />
<Point X='69' Y='484' T='306' />
<Point X='72' Y='481' T='319' />
<Point X='74' Y='479' T='336' />
<Point X='80' Y='473' T='352' />
<Point X='84' Y='470' T='367' />
<Point X='87' Y='466' T='383' />
<Point X='90' Y='463' T='392' />
<Point X='92' Y='462' T='404' />
<Point X='95' Y='459' T='419' />
<Point X='96' Y='458' T='433' />
<Point X='96' Y='457' T='446' />
<Point X='97' Y='455' T='454' />
<Point X='98' Y='453' T='461' />
<Point X='101' Y='448' T='483' />
<Point X='103' Y='446' T='504' />
<Point X='106' Y='443' T='516' />
<Point X='109' Y='441' T='525' />
<Point X='113' Y='438' T='537' />
</Stroke>
<Stroke index = '3' >
<Point X='477' Y='7' T='42' />
<Point X='476' Y='6' T='51' />
<Point X='475' Y='6' T='61' />
<Point X='475' Y='5' T='75' />
<Point X='474' Y='5' T='83' />
<Point X='474' Y='5' T='92' />
<Point X='473' Y='5' T='105' />
<Point X='473' Y='5' T='118' />
<Point X='472' Y='5' T='128' />
<Point X='472' Y='6' T='139' />
<Point X='470' Y='9' T='165' />
<Point X='469' Y='12' T='174' />
<Point X='466' Y='17' T='200' />
<Point X='459' Y='26' T='232' />
<Point X='456' Y='30' T='254' />
<Point X='453' Y='34' T='263' />
<Point X='450' Y='37' T='276' />
<Point X='448' Y='41' T='285' />
<Point X='443' Y='48' T='305' />
<Point X='440' Y='52' T='318' />
<Point X='437' Y='56' T='335' />
<Point X='432' Y='62' T='349' />
<Point X='429' Y='66' T='367' />
<Point X='425' Y='71' T='381' />
<Point X='421' Y='76' T='391' />
<Point X='417' Y='80' T='404' />
<Point X='409' Y='86' T='417' />
<Point X='405' Y='90' T='432' />
<Point X='402' Y='93' T='445' />
<Point X='398' Y='96' T='452' />
<Point X='396' Y='98' T='461' />
<Point X='392' Y='101' T='483' />
<Point X='390' Y='102' T='501' />
<Point X='389' Y='103' T='514' />
<Point X='388' Y='103' T='524' />
</Stroke>
<Stroke index = '2' >
<Point X='286' Y='4' T='37' />
<Point X='286' Y='3' T='51' />
<Point X='285' Y='2' T='60' />
<Point X='285' Y='2' T='74' />
<Point X='285' Y='1' T='82' />
<Point X='284' Y='1' T='91' />
<Point X='284' Y='0' T='104' />
<Point X='283' Y='0' T='117' />
<Point X='283' Y='0' T='128' />
<Point X='282' Y='0' T='138' />
<Point X='281' Y='1' T='164' />
<Point X='279' Y='3' T='173' />
<Point X='275' Y='11' T='199' />
<Point X='269' Y='20' T='232' />
<Point X='266' Y='25' T='253' />
<Point X='264' Y='30' T='263' />
<Point X='263' Y='35' T='276' />
<Point X='262' Y='40' T='284' />
<Point X='260' Y='50' T='304' />
<Point X='259' Y='55' T='316' />
<Point X='258' Y='60' T='334' />
<Point X='256' Y='71' T='349' />
<Point X='254' Y='77' T='366' />
<Point X='253' Y='82' T='379' />
<Point X='250' Y='88' T='390' />
<Point X='247' Y='95' T='403' />
<Point X='243' Y='105' T='416' />
<Point X='241' Y='110' T='432' />
<Point X='240' Y='115' T='444' />
<Point X='238' Y='119' T='451' />
<Point X='237' Y='123' T='461' />
<Point X='235' Y='127' T='482' />
<Point X='234' Y='129' T='500' />
<Point X='233' Y='131' T='514' />
<Point X='232' Y='133' T='523' />
<Point X='232' Y='134' T='535' />
</Stroke>
<Stroke index = '5' >
<Point X='669' Y='291' T='-8' />
<Point X='669' Y='291' T='29' />
<Point X='671' Y='291' T='48' />
<Point X='673' Y='291' T='58' />
<Point X='674' Y='291' T='72' />
<Point X='674' Y='291' T='81' />
<Point X='673' Y='291' T='103' />
<Point X='672' Y='291' T='115' />
<Point X='669' Y='292' T='126' />
<Point X='666' Y='293' T='137' />
<Point X='661' Y='294' T='163' />
<Point X='659' Y='295' T='172' />
<Point X='649' Y='301' T='198' />
<Point X='634' Y='310' T='230' />
<Point X='628' Y='313' T='249' />
<Point X='622' Y='315' T='260' />
<Point X='617' Y='316' T='274' />
<Point X='609' Y='319' T='281' />
<Point X='597' Y='325' T='302' />
<Point X='589' Y='329' T='314' />
<Point X='582' Y='332' T='332' />
<Point X='560' Y='335' T='346' />
<Point X='542' Y='335' T='363' />
<Point X='532' Y='335' T='377' />
<Point X='518' Y='337' T='386' />
<Point X='513' Y='339' T='401' />
<Point X='503' Y='345' T='414' />
<Point X='500' Y='348' T='429' />
<Point X='497' Y='350' T='441' />
<Point X='495' Y='351' T='449' />
<Point X='494' Y='351' T='458' />
<Point X='493' Y='351' T='481' />
<Point X='492' Y='351' T='497' />
<Point X='492' Y='351' T='511' />
<Point X='492' Y='351' T='520' />
<Point X='492' Y='350' T='533' />
</Stroke>
<Stroke index = '4' >
<Point X='588' Y='90' T='0' />
<Point X='588' Y='90' T='13' />
<Point X='588' Y='89' T='30' />
<Point X='588' Y='89' T='50' />
<Point X='588' Y='88' T='59' />
<Point X='588' Y='87' T='74' />
<Point X='588' Y='88' T='117' />
<Point X='588' Y='89' T='126' />
<Point X='588' Y='90' T='138' />
<Point X='585' Y='95' T='164' />
<Point X='583' Y='98' T='173' />
<Point X='578' Y='103' T='199' />
<Point X='569' Y='117' T='231' />
<Point X='565' Y='121' T='251' />
<Point X='561' Y='125' T='261' />
<Point X='557' Y='129' T='275' />
<Point X='553' Y='134' T='282' />
<Point X='547' Y='142' T='303' />
<Point X='544' Y='145' T='315' />
<Point X='541' Y='148' T='333' />
<Point X='535' Y='154' T='348' />
<Point X='532' Y='158' T='364' />
<Point X='528' Y='162' T='379' />
<Point X='522' Y='166' T='387' />
<Point X='517' Y='168' T='402' />
<Point X='509' Y='173' T='414' />
<Point X='505' Y='176' T='431' />
<Point X='502' Y='179' T='442' />
<Point X='499' Y='181' T='450' />
<Point X='497' Y='183' T='459' />
<Point X='494' Y='184' T='482' />
<Point X='493' Y='185' T='498' />
<Point X='493' Y='185' T='512' />
</Stroke>

</Gesture>
