<?xml version='1.0' encoding='utf-8' standalone='yes'?>
<Gesture Name ='3_1_13' Subject = 'test'  Speed = 'MEDIUM' NumPts = '244' InputType='finger' >

<Stroke index = '4' >
<Point X='589' Y='80' T='0' />
<Point X='589' Y='80' T='9' />
<Point X='588' Y='80' T='20' />
<Point X='588' Y='80' T='30' />
<Point X='587' Y='80' T='40' />
<Point X='587' Y='80' T='59' />
<Point X='586' Y='80' T='66' />
<Point X='586' Y='80' T='84' />
<Point X='586' Y='80' T='91' />
<Point X='586' Y='80' T='120' />
<Point X='585' Y='81' T='136' />
<Point X='585' Y='81' T='146' />
<Point X='585' Y='82' T='158' />
<Point X='584' Y='83' T='170' />
<Point X='584' Y='84' T='181' />
<Point X='583' Y='86' T='197' />
<Point X='583' Y='88' T='205' />
<Point X='581' Y='91' T='227' />
<Point X='579' Y='93' T='239' />
<Point X='577' Y='96' T='255' />
<Point X='574' Y='100' T='263' />
<Point X='570' Y='105' T='275' />
<Point X='566' Y='109' T='287' />
<Point X='563' Y='112' T='304' />
<Point X='560' Y='116' T='315' />
<Point X='556' Y='121' T='324' />
<Point X='551' Y='127' T='333' />
<Point X='547' Y='131' T='346' />
<Point X='543' Y='136' T='354' />
<Point X='539' Y='140' T='372' />
<Point X='529' Y='151' T='389' />
<Point X='524' Y='156' T='407' />
<Point X='519' Y='163' T='422' />
<Point X='512' Y='171' T='432' />
<Point X='499' Y='184' T='447' />
<Point X='490' Y='192' T='456' />
<Point X='484' Y='197' T='471' />
<Point X='479' Y='202' T='484' />
<Point X='474' Y='207' T='492' />
<Point X='470' Y='212' T='506' />
<Point X='467' Y='215' T='520' />
<Point X='465' Y='217' T='526' />
<Point X='463' Y='218' T='538' />
<Point X='461' Y='219' T='549' />
<Point X='460' Y='221' T='558' />
<Point X='459' Y='222' T='570' />
<Point X='458' Y='224' T='581' />
<Point X='457' Y='226' T='592' />
<Point X='457' Y='227' T='604' />
<Point X='456' Y='229' T='614' />
<Point X='455' Y='230' T='625' />
<Point X='454' Y='232' T='637' />
<Point X='453' Y='233' T='654' />
<Point X='451' Y='234' T='664' />
<Point X='449' Y='235' T='672' />
<Point X='447' Y='237' T='689' />
<Point X='445' Y='238' T='698' />
<Point X='443' Y='238' T='705' />
<Point X='441' Y='239' T='717' />
<Point X='439' Y='239' T='739' />
</Stroke>
<Stroke index = '1' >
<Point X='0' Y='581' T='22' />
<Point X='0' Y='581' T='31' />
<Point X='0' Y='581' T='60' />
<Point X='0' Y='581' T='85' />
<Point X='0' Y='581' T='101' />
<Point X='0' Y='580' T='121' />
<Point X='0' Y='579' T='136' />
<Point X='0' Y='579' T='146' />
<Point X='0' Y='578' T='159' />
<Point X='0' Y='578' T='171' />
<Point X='0' Y='577' T='182' />
<Point X='0' Y='577' T='199' />
<Point X='0' Y='576' T='206' />
<Point X='2' Y='574' T='229' />
<Point X='4' Y='571' T='240' />
<Point X='7' Y='568' T='255' />
<Point X='10' Y='565' T='264' />
<Point X='13' Y='561' T='276' />
<Point X='16' Y='558' T='287' />
<Point X='18' Y='556' T='304' />
<Point X='21' Y='553' T='316' />
<Point X='23' Y='551' T='325' />
<Point X='26' Y='548' T='334' />
<Point X='29' Y='544' T='347' />
<Point X='32' Y='541' T='354' />
<Point X='35' Y='537' T='373' />
<Point X='40' Y='533' T='389' />
<Point X='42' Y='530' T='409' />
<Point X='45' Y='527' T='422' />
<Point X='48' Y='523' T='432' />
<Point X='55' Y='515' T='448' />
<Point X='58' Y='512' T='457' />
<Point X='61' Y='510' T='473' />
<Point X='63' Y='507' T='486' />
<Point X='65' Y='504' T='494' />
<Point X='67' Y='501' T='508' />
<Point X='69' Y='498' T='521' />
<Point X='73' Y='495' T='528' />
<Point X='76' Y='492' T='539' />
<Point X='79' Y='490' T='551' />
<Point X='82' Y='488' T='560' />
<Point X='84' Y='486' T='571' />
<Point X='87' Y='482' T='583' />
<Point X='91' Y='479' T='593' />
<Point X='95' Y='476' T='605' />
<Point X='99' Y='473' T='616' />
<Point X='102' Y='470' T='627' />
<Point X='105' Y='466' T='639' />
<Point X='108' Y='463' T='656' />
<Point X='111' Y='459' T='665' />
<Point X='114' Y='456' T='672' />
<Point X='116' Y='454' T='689' />
<Point X='117' Y='451' T='700' />
<Point X='118' Y='449' T='706' />
<Point X='118' Y='448' T='717' />
</Stroke>
<Stroke index = '2' >
<Point X='272' Y='3' T='43' />
<Point X='272' Y='3' T='68' />
<Point X='272' Y='3' T='86' />
<Point X='272' Y='3' T='91' />
<Point X='271' Y='2' T='102' />
<Point X='271' Y='2' T='121' />
<Point X='271' Y='1' T='137' />
<Point X='271' Y='1' T='148' />
<Point X='271' Y='0' T='160' />
<Point X='271' Y='0' T='171' />
<Point X='270' Y='0' T='200' />
<Point X='270' Y='0' T='206' />
<Point X='269' Y='1' T='229' />
<Point X='268' Y='3' T='241' />
<Point X='267' Y='5' T='256' />
<Point X='266' Y='7' T='265' />
<Point X='265' Y='9' T='277' />
<Point X='264' Y='12' T='288' />
<Point X='262' Y='17' T='306' />
<Point X='260' Y='21' T='317' />
<Point X='258' Y='26' T='327' />
<Point X='257' Y='29' T='335' />
<Point X='255' Y='34' T='347' />
<Point X='254' Y='39' T='355' />
<Point X='252' Y='45' T='374' />
<Point X='250' Y='54' T='391' />
<Point X='249' Y='60' T='410' />
<Point X='248' Y='67' T='424' />
<Point X='247' Y='73' T='434' />
<Point X='242' Y='87' T='450' />
<Point X='239' Y='95' T='457' />
<Point X='235' Y='103' T='473' />
<Point X='233' Y='109' T='487' />
<Point X='230' Y='115' T='496' />
<Point X='228' Y='122' T='509' />
<Point X='227' Y='127' T='523' />
<Point X='226' Y='132' T='530' />
<Point X='225' Y='136' T='540' />
<Point X='224' Y='140' T='551' />
<Point X='223' Y='143' T='561' />
<Point X='223' Y='147' T='573' />
<Point X='222' Y='150' T='583' />
<Point X='222' Y='153' T='594' />
<Point X='221' Y='156' T='606' />
<Point X='220' Y='158' T='616' />
<Point X='220' Y='161' T='628' />
<Point X='219' Y='164' T='639' />
<Point X='219' Y='167' T='656' />
<Point X='218' Y='170' T='667' />
<Point X='218' Y='172' T='673' />
<Point X='217' Y='174' T='690' />
<Point X='217' Y='176' T='701' />
<Point X='216' Y='178' T='708' />
</Stroke>
<Stroke index = '3' >
<Point X='469' Y='3' T='63' />
<Point X='469' Y='3' T='69' />
<Point X='469' Y='3' T='103' />
<Point X='468' Y='3' T='138' />
<Point X='468' Y='3' T='160' />
<Point X='468' Y='3' T='173' />
<Point X='468' Y='4' T='183' />
<Point X='467' Y='5' T='201' />
<Point X='467' Y='6' T='208' />
<Point X='465' Y='8' T='229' />
<Point X='464' Y='10' T='241' />
<Point X='463' Y='12' T='256' />
<Point X='461' Y='15' T='265' />
<Point X='459' Y='19' T='278' />
<Point X='458' Y='23' T='289' />
<Point X='456' Y='26' T='306' />
<Point X='454' Y='29' T='319' />
<Point X='451' Y='33' T='328' />
<Point X='447' Y='38' T='337' />
<Point X='443' Y='43' T='349' />
<Point X='440' Y='47' T='356' />
<Point X='437' Y='51' T='375' />
<Point X='429' Y='61' T='392' />
<Point X='424' Y='66' T='411' />
<Point X='420' Y='71' T='425' />
<Point X='416' Y='77' T='435' />
<Point X='406' Y='90' T='450' />
<Point X='400' Y='96' T='460' />
<Point X='395' Y='103' T='474' />
<Point X='389' Y='109' T='489' />
<Point X='385' Y='113' T='497' />
<Point X='380' Y='117' T='510' />
<Point X='377' Y='121' T='524' />
<Point X='374' Y='125' T='531' />
<Point X='373' Y='128' T='541' />
<Point X='371' Y='132' T='553' />
<Point X='370' Y='134' T='563' />
<Point X='368' Y='136' T='573' />
<Point X='366' Y='139' T='584' />
<Point X='364' Y='142' T='596' />
<Point X='362' Y='144' T='607' />
<Point X='361' Y='146' T='617' />
<Point X='359' Y='148' T='629' />
<Point X='358' Y='150' T='640' />
<Point X='357' Y='152' T='657' />
<Point X='356' Y='153' T='667' />
<Point X='354' Y='154' T='674' />
<Point X='353' Y='155' T='690' />
<Point X='350' Y='157' T='702' />
<Point X='347' Y='158' T='708' />
<Point X='344' Y='159' T='719' />
</Stroke>
<Stroke index = '5' >
<Point X='686' Y='302' T='-14' />
<Point X='686' Y='302' T='100' />
<Point X='686' Y='302' T='119' />
<Point X='685' Y='303' T='135' />
<Point X='685' Y='304' T='145' />
<Point X='684' Y='305' T='157' />
<Point X='683' Y='306' T='168' />
<Point X='681' Y='307' T='180' />
<Point X='677' Y='309' T='196' />
<Point X='674' Y='311' T='204' />
<Point X='669' Y='315' T='226' />
<Point X='666' Y='317' T='238' />
<Point X='663' Y='319' T='253' />
<Point X='657' Y='322' T='261' />
<Point X='652' Y='324' T='274' />
<Point X='648' Y='326' T='286' />
<Point X='645' Y='328' T='303' />
<Point X='639' Y='332' T='314' />
<Point X='633' Y='336' T='322' />
<Point X='629' Y='339' T='332' />
<Point X='625' Y='342' T='345' />
<Point X='620' Y='345' T='352' />
<Point X='614' Y='348' T='371' />
<Point X='604' Y='355' T='388' />
<Point X='597' Y='359' T='406' />
</Stroke>

</Gesture>
