<?xml version='1.0' encoding='utf-8' standalone='yes'?>
<Gesture Name ='3_1_17' Subject = 'test'  Speed = 'MEDIUM' NumPts = '188' InputType='finger' >

<Stroke index = '5' >
<Point X='676' Y='299' T='0' />
<Point X='675' Y='299' T='11' />
<Point X='675' Y='299' T='21' />
<Point X='675' Y='299' T='32' />
<Point X='674' Y='298' T='58' />
<Point X='674' Y='298' T='78' />
<Point X='672' Y='298' T='90' />
<Point X='670' Y='299' T='106' />
<Point X='669' Y='300' T='115' />
<Point X='666' Y='301' T='126' />
<Point X='661' Y='304' T='147' />
<Point X='656' Y='306' T='156' />
<Point X='652' Y='309' T='166' />
<Point X='649' Y='311' T='183' />
<Point X='645' Y='313' T='193' />
<Point X='634' Y='318' T='213' />
<Point X='630' Y='319' T='225' />
<Point X='625' Y='321' T='233' />
<Point X='618' Y='325' T='246' />
<Point X='612' Y='329' T='252' />
<Point X='608' Y='331' T='265' />
<Point X='602' Y='335' T='276' />
<Point X='595' Y='338' T='288' />
<Point X='590' Y='340' T='298' />
<Point X='585' Y='343' T='314' />
<Point X='578' Y='347' T='322' />
<Point X='572' Y='351' T='333' />
<Point X='567' Y='354' T='347' />
<Point X='561' Y='357' T='357' />
<Point X='555' Y='360' T='366' />
<Point X='549' Y='362' T='378' />
<Point X='543' Y='365' T='399' />
<Point X='540' Y='366' T='414' />
<Point X='537' Y='368' T='423' />
<Point X='534' Y='370' T='438' />
<Point X='531' Y='371' T='448' />
<Point X='529' Y='371' T='458' />
<Point X='528' Y='371' T='471' />
<Point X='527' Y='371' T='481' />
</Stroke>
<Stroke index = '4' >
<Point X='596' Y='88' T='4' />
<Point X='595' Y='88' T='13' />
<Point X='595' Y='88' T='23' />
<Point X='594' Y='88' T='33' />
<Point X='594' Y='88' T='43' />
<Point X='593' Y='88' T='58' />
<Point X='592' Y='88' T='92' />
<Point X='592' Y='88' T='107' />
<Point X='591' Y='89' T='116' />
<Point X='590' Y='90' T='126' />
<Point X='589' Y='93' T='147' />
<Point X='587' Y='96' T='157' />
<Point X='585' Y='100' T='166' />
<Point X='583' Y='103' T='183' />
<Point X='581' Y='106' T='195' />
<Point X='575' Y='112' T='215' />
<Point X='571' Y='117' T='226' />
<Point X='567' Y='121' T='235' />
<Point X='564' Y='125' T='247' />
<Point X='561' Y='129' T='253' />
<Point X='558' Y='133' T='266' />
<Point X='553' Y='138' T='278' />
<Point X='549' Y='143' T='289' />
<Point X='546' Y='147' T='300' />
<Point X='543' Y='150' T='314' />
<Point X='540' Y='154' T='324' />
<Point X='537' Y='158' T='334' />
<Point X='534' Y='163' T='348' />
<Point X='531' Y='166' T='359' />
<Point X='528' Y='169' T='368' />
<Point X='525' Y='172' T='380' />
<Point X='521' Y='178' T='400' />
<Point X='520' Y='180' T='414' />
<Point X='518' Y='182' T='424' />
<Point X='517' Y='184' T='438' />
<Point X='515' Y='186' T='449' />
<Point X='514' Y='187' T='460' />
<Point X='513' Y='187' T='471' />
<Point X='513' Y='188' T='482' />
</Stroke>
<Stroke index = '1' >
<Point X='0' Y='550' T='17' />
<Point X='0' Y='550' T='24' />
<Point X='0' Y='550' T='45' />
<Point X='0' Y='549' T='60' />
<Point X='0' Y='549' T='79' />
<Point X='1' Y='547' T='92' />
<Point X='2' Y='546' T='107' />
<Point X='3' Y='543' T='117' />
<Point X='5' Y='541' T='127' />
<Point X='7' Y='537' T='148' />
<Point X='9' Y='533' T='159' />
<Point X='12' Y='530' T='167' />
<Point X='16' Y='527' T='184' />
<Point X='19' Y='523' T='196' />
<Point X='26' Y='515' T='216' />
<Point X='30' Y='512' T='227' />
<Point X='34' Y='508' T='236' />
<Point X='38' Y='505' T='247' />
<Point X='42' Y='502' T='254' />
<Point X='45' Y='499' T='268' />
<Point X='48' Y='496' T='279' />
<Point X='51' Y='493' T='289' />
<Point X='55' Y='490' T='302' />
<Point X='58' Y='488' T='315' />
<Point X='60' Y='486' T='325' />
<Point X='62' Y='484' T='335' />
<Point X='64' Y='483' T='348' />
<Point X='66' Y='482' T='360' />
<Point X='68' Y='480' T='369' />
<Point X='70' Y='479' T='380' />
<Point X='74' Y='475' T='400' />
<Point X='76' Y='473' T='415' />
<Point X='78' Y='471' T='425' />
<Point X='80' Y='470' T='440' />
<Point X='82' Y='468' T='450' />
<Point X='83' Y='467' T='461' />
<Point X='85' Y='466' T='472' />
<Point X='87' Y='465' T='483' />
</Stroke>
<Stroke index = '3' >
<Point X='474' Y='6' T='27' />
<Point X='473' Y='5' T='33' />
<Point X='473' Y='5' T='60' />
<Point X='473' Y='4' T='80' />
<Point X='472' Y='4' T='93' />
<Point X='471' Y='4' T='108' />
<Point X='471' Y='4' T='118' />
<Point X='470' Y='4' T='129' />
<Point X='469' Y='5' T='148' />
<Point X='468' Y='7' T='159' />
<Point X='466' Y='9' T='169' />
<Point X='464' Y='13' T='185' />
<Point X='462' Y='16' T='196' />
<Point X='459' Y='22' T='217' />
<Point X='457' Y='26' T='228' />
<Point X='454' Y='30' T='236' />
<Point X='451' Y='35' T='248' />
<Point X='448' Y='39' T='254' />
<Point X='445' Y='43' T='268' />
<Point X='442' Y='47' T='279' />
<Point X='439' Y='51' T='290' />
<Point X='437' Y='56' T='303' />
<Point X='435' Y='61' T='316' />
<Point X='432' Y='64' T='326' />
<Point X='429' Y='68' T='335' />
<Point X='426' Y='72' T='350' />
<Point X='423' Y='77' T='361' />
<Point X='420' Y='81' T='370' />
<Point X='419' Y='84' T='381' />
<Point X='416' Y='89' T='401' />
<Point X='414' Y='91' T='416' />
<Point X='413' Y='93' T='427' />
<Point X='411' Y='95' T='441' />
<Point X='410' Y='97' T='450' />
<Point X='408' Y='98' T='465' />
<Point X='407' Y='99' T='473' />
<Point X='406' Y='99' T='484' />
</Stroke>
<Stroke index = '2' >
<Point X='279' Y='3' T='36' />
<Point X='278' Y='2' T='62' />
<Point X='278' Y='1' T='82' />
<Point X='277' Y='0' T='94' />
<Point X='276' Y='0' T='109' />
<Point X='276' Y='0' T='129' />
<Point X='275' Y='0' T='149' />
<Point X='275' Y='0' T='160' />
<Point X='274' Y='1' T='169' />
<Point X='273' Y='2' T='186' />
<Point X='272' Y='5' T='197' />
<Point X='268' Y='14' T='218' />
<Point X='267' Y='18' T='230' />
<Point X='265' Y='21' T='238' />
<Point X='264' Y='25' T='250' />
<Point X='262' Y='30' T='255' />
<Point X='261' Y='35' T='269' />
<Point X='260' Y='40' T='281' />
<Point X='259' Y='44' T='291' />
<Point X='258' Y='48' T='304' />
<Point X='257' Y='53' T='317' />
<Point X='256' Y='58' T='327' />
<Point X='256' Y='62' T='339' />
<Point X='255' Y='66' T='350' />
<Point X='255' Y='71' T='362' />
<Point X='254' Y='75' T='371' />
<Point X='254' Y='80' T='382' />
<Point X='253' Y='86' T='402' />
<Point X='252' Y='89' T='417' />
<Point X='252' Y='92' T='428' />
<Point X='251' Y='95' T='442' />
<Point X='250' Y='97' T='451' />
<Point X='250' Y='99' T='466' />
<Point X='249' Y='101' T='475' />
<Point X='249' Y='101' T='484' />
</Stroke>

</Gesture>
