<?xml version='1.0' encoding='utf-8' standalone='yes'?>
<Gesture Name ='3_1_8' Subject = 'test'  Speed = 'MEDIUM' NumPts = '211' InputType='finger' >

<Stroke index = '2' >
<Point X='266' Y='12' T='29' />
<Point X='266' Y='12' T='36' />
<Point X='266' Y='11' T='46' />
<Point X='265' Y='11' T='54' />
<Point X='265' Y='10' T='68' />
<Point X='264' Y='10' T='78' />
<Point X='263' Y='10' T='90' />
<Point X='262' Y='10' T='102' />
<Point X='261' Y='10' T='113' />
<Point X='260' Y='10' T='125' />
<Point X='258' Y='11' T='133' />
<Point X='257' Y='12' T='145' />
<Point X='255' Y='14' T='158' />
<Point X='253' Y='16' T='168' />
<Point X='251' Y='17' T='184' />
<Point X='249' Y='19' T='194' />
<Point X='244' Y='23' T='219' />
<Point X='242' Y='26' T='230' />
<Point X='240' Y='29' T='243' />
<Point X='239' Y='33' T='252' />
<Point X='238' Y='37' T='266' />
<Point X='237' Y='40' T='277' />
<Point X='237' Y='42' T='286' />
<Point X='237' Y='44' T='295' />
<Point X='237' Y='52' T='319' />
<Point X='237' Y='56' T='334' />
<Point X='237' Y='60' T='347' />
<Point X='238' Y='63' T='355' />
<Point X='238' Y='67' T='367' />
<Point X='238' Y='71' T='377' />
<Point X='239' Y='77' T='387' />
<Point X='239' Y='81' T='399' />
<Point X='239' Y='86' T='411' />
<Point X='239' Y='97' T='435' />
<Point X='239' Y='103' T='446' />
<Point X='239' Y='108' T='457' />
<Point X='239' Y='114' T='469' />
<Point X='239' Y='119' T='480' />
<Point X='239' Y='124' T='486' />
<Point X='239' Y='129' T='502' />
<Point X='239' Y='134' T='510' />
<Point X='239' Y='139' T='520' />
<Point X='239' Y='143' T='536' />
<Point X='238' Y='147' T='547' />
<Point X='237' Y='150' T='553' />
<Point X='236' Y='152' T='569' />
<Point X='235' Y='154' T='579' />
<Point X='233' Y='158' T='603' />
</Stroke>
<Stroke index = '5' >
<Point X='688' Y='294' T='116' />
<Point X='686' Y='294' T='159' />
<Point X='682' Y='294' T='169' />
<Point X='678' Y='294' T='186' />
<Point X='674' Y='295' T='195' />
<Point X='665' Y='297' T='221' />
<Point X='660' Y='298' T='232' />
<Point X='656' Y='300' T='245' />
<Point X='654' Y='301' T='256' />
<Point X='651' Y='302' T='268' />
<Point X='647' Y='305' T='280' />
<Point X='642' Y='307' T='288' />
<Point X='637' Y='309' T='296' />
<Point X='632' Y='311' T='321' />
<Point X='627' Y='312' T='337' />
<Point X='621' Y='313' T='349' />
<Point X='616' Y='313' T='357' />
<Point X='611' Y='314' T='368' />
<Point X='605' Y='314' T='378' />
<Point X='597' Y='315' T='389' />
</Stroke>
<Stroke index = '3' >
<Point X='464' Y='0' T='48' />
<Point X='463' Y='0' T='56' />
<Point X='463' Y='0' T='69' />
<Point X='462' Y='0' T='79' />
<Point X='461' Y='0' T='91' />
<Point X='460' Y='0' T='103' />
<Point X='459' Y='0' T='114' />
<Point X='458' Y='0' T='126' />
<Point X='456' Y='1' T='135' />
<Point X='455' Y='1' T='145' />
<Point X='453' Y='2' T='158' />
<Point X='451' Y='4' T='168' />
<Point X='448' Y='6' T='185' />
<Point X='446' Y='10' T='195' />
<Point X='442' Y='16' T='220' />
<Point X='441' Y='18' T='231' />
<Point X='440' Y='19' T='244' />
<Point X='439' Y='21' T='253' />
<Point X='437' Y='22' T='267' />
<Point X='435' Y='24' T='278' />
<Point X='433' Y='27' T='287' />
<Point X='430' Y='30' T='295' />
<Point X='427' Y='36' T='320' />
<Point X='425' Y='39' T='336' />
<Point X='424' Y='41' T='348' />
<Point X='422' Y='44' T='356' />
<Point X='421' Y='48' T='367' />
<Point X='419' Y='52' T='378' />
<Point X='417' Y='56' T='388' />
<Point X='415' Y='60' T='401' />
<Point X='412' Y='64' T='412' />
<Point X='406' Y='73' T='437' />
<Point X='404' Y='78' T='448' />
<Point X='401' Y='82' T='458' />
<Point X='399' Y='86' T='470' />
<Point X='397' Y='90' T='481' />
<Point X='394' Y='95' T='487' />
<Point X='391' Y='99' T='504' />
<Point X='388' Y='103' T='510' />
<Point X='385' Y='106' T='520' />
<Point X='383' Y='108' T='537' />
<Point X='381' Y='110' T='547' />
<Point X='378' Y='112' T='554' />
<Point X='376' Y='114' T='570' />
<Point X='373' Y='116' T='580' />
<Point X='369' Y='118' T='604' />
<Point X='367' Y='119' T='613' />
</Stroke>
<Stroke index = '1' >
<Point X='0' Y='609' T='0' />
<Point X='1' Y='609' T='11' />
<Point X='2' Y='608' T='21' />
<Point X='3' Y='608' T='33' />
<Point X='3' Y='608' T='45' />
<Point X='3' Y='608' T='66' />
<Point X='3' Y='608' T='77' />
<Point X='3' Y='607' T='88' />
<Point X='3' Y='607' T='99' />
<Point X='3' Y='606' T='110' />
<Point X='4' Y='606' T='123' />
<Point X='5' Y='605' T='131' />
<Point X='6' Y='604' T='143' />
<Point X='8' Y='602' T='156' />
<Point X='11' Y='600' T='166' />
<Point X='13' Y='597' T='181' />
<Point X='17' Y='594' T='192' />
<Point X='25' Y='588' T='216' />
<Point X='30' Y='584' T='227' />
<Point X='36' Y='580' T='240' />
<Point X='42' Y='575' T='249' />
<Point X='47' Y='570' T='264' />
<Point X='53' Y='566' T='275' />
<Point X='61' Y='561' T='283' />
<Point X='66' Y='556' T='293' />
<Point X='78' Y='546' T='317' />
<Point X='84' Y='542' T='330' />
<Point X='89' Y='537' T='344' />
<Point X='94' Y='533' T='352' />
<Point X='100' Y='528' T='365' />
<Point X='106' Y='523' T='375' />
<Point X='111' Y='519' T='385' />
<Point X='115' Y='513' T='398' />
<Point X='121' Y='508' T='409' />
<Point X='131' Y='496' T='434' />
<Point X='136' Y='488' T='445' />
<Point X='142' Y='480' T='455' />
<Point X='148' Y='471' T='467' />
<Point X='154' Y='463' T='478' />
<Point X='160' Y='455' T='484' />
<Point X='166' Y='448' T='501' />
<Point X='171' Y='443' T='507' />
<Point X='176' Y='438' T='518' />
<Point X='179' Y='434' T='534' />
<Point X='182' Y='432' T='544' />
<Point X='184' Y='430' T='551' />
<Point X='185' Y='428' T='568' />
<Point X='185' Y='427' T='577' />
<Point X='186' Y='426' T='601' />
</Stroke>
<Stroke index = '4' >
<Point X='591' Y='75' T='7' />
<Point X='590' Y='75' T='14' />
<Point X='590' Y='75' T='23' />
<Point X='589' Y='75' T='54' />
<Point X='589' Y='75' T='89' />
<Point X='588' Y='75' T='100' />
<Point X='588' Y='76' T='111' />
<Point X='587' Y='77' T='125' />
<Point X='586' Y='78' T='132' />
<Point X='585' Y='79' T='144' />
<Point X='584' Y='81' T='157' />
<Point X='581' Y='83' T='166' />
<Point X='578' Y='85' T='182' />
<Point X='575' Y='87' T='193' />
<Point X='569' Y='93' T='218' />
<Point X='567' Y='96' T='229' />
<Point X='565' Y='99' T='242' />
<Point X='562' Y='102' T='250' />
<Point X='560' Y='104' T='266' />
<Point X='557' Y='107' T='276' />
<Point X='554' Y='110' T='285' />
<Point X='551' Y='114' T='294' />
<Point X='546' Y='122' T='318' />
<Point X='544' Y='125' T='333' />
<Point X='541' Y='128' T='346' />
<Point X='537' Y='132' T='354' />
<Point X='533' Y='136' T='366' />
<Point X='529' Y='141' T='377' />
<Point X='527' Y='145' T='386' />
<Point X='524' Y='149' T='398' />
<Point X='519' Y='155' T='410' />
<Point X='512' Y='164' T='434' />
<Point X='509' Y='167' T='446' />
<Point X='506' Y='170' T='456' />
<Point X='503' Y='173' T='468' />
<Point X='500' Y='177' T='479' />
<Point X='496' Y='181' T='485' />
<Point X='493' Y='184' T='501' />
<Point X='490' Y='187' T='509' />
<Point X='487' Y='189' T='519' />
<Point X='484' Y='192' T='535' />
<Point X='481' Y='195' T='546' />
<Point X='478' Y='197' T='552' />
<Point X='475' Y='199' T='569' />
<Point X='473' Y='201' T='578' />
<Point X='469' Y='203' T='602' />
<Point X='468' Y='204' T='612' />
</Stroke>

</Gesture>
