<?xml version='1.0' encoding='utf-8' standalone='yes'?>
<Gesture Name ='3_1_18' Subject = 'test'  Speed = 'MEDIUM' NumPts = '147' InputType='finger' >

<Stroke index = '2' >
<Point X='284' Y='2' T='39' />
<Point X='284' Y='1' T='65' />
<Point X='284' Y='1' T='79' />
<Point X='284' Y='0' T='91' />
<Point X='283' Y='0' T='103' />
<Point X='283' Y='0' T='113' />
<Point X='282' Y='0' T='123' />
<Point X='281' Y='1' T='135' />
<Point X='277' Y='4' T='157' />
<Point X='275' Y='7' T='176' />
<Point X='272' Y='11' T='187' />
<Point X='270' Y='16' T='192' />
<Point X='268' Y='21' T='204' />
<Point X='266' Y='25' T='224' />
<Point X='263' Y='35' T='238' />
<Point X='262' Y='41' T='260' />
<Point X='261' Y='46' T='268' />
<Point X='261' Y='50' T='281' />
<Point X='260' Y='56' T='292' />
<Point X='258' Y='65' T='310' />
<Point X='257' Y='70' T='325' />
<Point X='256' Y='75' T='340' />
<Point X='255' Y='80' T='349' />
<Point X='255' Y='85' T='361' />
<Point X='253' Y='95' T='378' />
<Point X='252' Y='100' T='392' />
<Point X='252' Y='104' T='403' />
<Point X='251' Y='113' T='444' />
</Stroke>
<Stroke index = '1' >
<Point X='2' Y='551' T='30' />
<Point X='1' Y='551' T='37' />
<Point X='1' Y='551' T='44' />
<Point X='0' Y='550' T='64' />
<Point X='0' Y='549' T='77' />
<Point X='0' Y='549' T='90' />
<Point X='1' Y='547' T='102' />
<Point X='2' Y='545' T='112' />
<Point X='3' Y='541' T='122' />
<Point X='6' Y='537' T='134' />
<Point X='13' Y='530' T='156' />
<Point X='17' Y='526' T='176' />
<Point X='22' Y='521' T='185' />
<Point X='28' Y='516' T='192' />
<Point X='33' Y='511' T='203' />
<Point X='38' Y='508' T='224' />
<Point X='50' Y='500' T='236' />
<Point X='56' Y='495' T='259' />
<Point X='61' Y='491' T='267' />
<Point X='66' Y='488' T='281' />
<Point X='72' Y='484' T='291' />
<Point X='80' Y='478' T='309' />
<Point X='84' Y='475' T='324' />
<Point X='89' Y='470' T='340' />
<Point X='94' Y='466' T='348' />
<Point X='99' Y='461' T='360' />
<Point X='112' Y='447' T='377' />
<Point X='118' Y='440' T='391' />
<Point X='123' Y='434' T='403' />
<Point X='137' Y='421' T='443' />
</Stroke>
<Stroke index = '3' >
<Point X='470' Y='5' T='17' />
<Point X='470' Y='5' T='36' />
<Point X='469' Y='4' T='64' />
<Point X='469' Y='4' T='89' />
<Point X='468' Y='4' T='101' />
<Point X='468' Y='5' T='111' />
<Point X='467' Y='6' T='121' />
<Point X='465' Y='8' T='133' />
<Point X='460' Y='14' T='156' />
<Point X='457' Y='19' T='174' />
<Point X='455' Y='22' T='184' />
<Point X='453' Y='26' T='192' />
<Point X='450' Y='29' T='203' />
<Point X='447' Y='33' T='223' />
<Point X='439' Y='42' T='235' />
<Point X='436' Y='46' T='259' />
<Point X='433' Y='51' T='266' />
<Point X='431' Y='56' T='279' />
<Point X='428' Y='61' T='291' />
<Point X='422' Y='68' T='309' />
<Point X='419' Y='72' T='324' />
<Point X='417' Y='76' T='339' />
<Point X='414' Y='80' T='346' />
<Point X='413' Y='84' T='359' />
<Point X='409' Y='90' T='377' />
<Point X='408' Y='92' T='390' />
<Point X='406' Y='94' T='402' />
<Point X='401' Y='98' T='442' />
</Stroke>
<Stroke index = '4' >
<Point X='590' Y='92' T='-5' />
<Point X='590' Y='92' T='9' />
<Point X='590' Y='91' T='26' />
<Point X='590' Y='91' T='35' />
<Point X='590' Y='90' T='63' />
<Point X='589' Y='90' T='87' />
<Point X='589' Y='90' T='100' />
<Point X='588' Y='91' T='109' />
<Point X='586' Y='93' T='119' />
<Point X='583' Y='97' T='132' />
<Point X='578' Y='105' T='154' />
<Point X='575' Y='108' T='172' />
<Point X='571' Y='112' T='183' />
<Point X='566' Y='116' T='190' />
<Point X='562' Y='121' T='200' />
<Point X='558' Y='125' T='222' />
<Point X='551' Y='133' T='233' />
<Point X='546' Y='138' T='256' />
<Point X='541' Y='143' T='264' />
<Point X='538' Y='148' T='276' />
<Point X='535' Y='152' T='289' />
<Point X='529' Y='158' T='307' />
<Point X='526' Y='162' T='322' />
<Point X='523' Y='166' T='337' />
<Point X='521' Y='169' T='343' />
<Point X='519' Y='171' T='357' />
<Point X='516' Y='176' T='372' />
<Point X='514' Y='178' T='388' />
<Point X='513' Y='179' T='399' />
<Point X='509' Y='181' T='440' />
<Point X='509' Y='181' T='451' />
</Stroke>
<Stroke index = '5' >
<Point X='669' Y='298' T='0' />
<Point X='669' Y='298' T='4' />
<Point X='669' Y='297' T='13' />
<Point X='669' Y='297' T='28' />
<Point X='668' Y='297' T='75' />
<Point X='667' Y='297' T='88' />
<Point X='666' Y='297' T='100' />
<Point X='663' Y='299' T='111' />
<Point X='658' Y='300' T='120' />
<Point X='652' Y='302' T='133' />
<Point X='644' Y='306' T='156' />
<Point X='638' Y='310' T='173' />
<Point X='632' Y='313' T='184' />
<Point X='626' Y='316' T='191' />
<Point X='621' Y='318' T='202' />
<Point X='615' Y='321' T='222' />
<Point X='603' Y='325' T='235' />
<Point X='597' Y='328' T='257' />
<Point X='590' Y='332' T='265' />
<Point X='585' Y='335' T='278' />
<Point X='580' Y='338' T='290' />
<Point X='567' Y='343' T='308' />
<Point X='563' Y='344' T='324' />
<Point X='558' Y='346' T='338' />
<Point X='550' Y='347' T='346' />
<Point X='544' Y='348' T='359' />
<Point X='530' Y='348' T='375' />
<Point X='526' Y='348' T='389' />
<Point X='523' Y='347' T='400' />
<Point X='520' Y='344' T='441' />
</Stroke>

</Gesture>
