<?xml version='1.0' encoding='utf-8' standalone='yes'?>
<Gesture Name ='3_1_7' Subject = 'test'  Speed = 'MEDIUM' NumPts = '189' InputType='finger' >

<Stroke index = '5' >
<Point X='682' Y='291' T='165' />
<Point X='682' Y='291' T='183' />
<Point X='681' Y='291' T='192' />
<Point X='680' Y='291' T='204' />
<Point X='678' Y='291' T='217' />
<Point X='675' Y='292' T='227' />
<Point X='664' Y='295' T='253' />
<Point X='658' Y='297' T='265' />
<Point X='653' Y='299' T='273' />
<Point X='648' Y='302' T='289' />
<Point X='641' Y='306' T='300' />
<Point X='635' Y='308' T='308' />
<Point X='631' Y='310' T='316' />
<Point X='625' Y='312' T='327' />
<Point X='616' Y='314' T='339' />
<Point X='609' Y='315' T='351' />
</Stroke>
<Stroke index = '4' >
<Point X='588' Y='83' T='27' />
<Point X='588' Y='82' T='73' />
<Point X='588' Y='82' T='104' />
<Point X='587' Y='82' T='150' />
<Point X='587' Y='82' T='163' />
<Point X='586' Y='82' T='181' />
<Point X='586' Y='82' T='189' />
<Point X='585' Y='84' T='200' />
<Point X='583' Y='86' T='215' />
<Point X='580' Y='90' T='223' />
<Point X='573' Y='98' T='250' />
<Point X='570' Y='101' T='262' />
<Point X='567' Y='104' T='269' />
<Point X='563' Y='109' T='287' />
<Point X='559' Y='114' T='298' />
<Point X='555' Y='118' T='306' />
<Point X='551' Y='122' T='313' />
<Point X='547' Y='126' T='325' />
<Point X='542' Y='132' T='337' />
<Point X='536' Y='138' T='349' />
<Point X='531' Y='144' T='361' />
<Point X='525' Y='152' T='371' />
<Point X='512' Y='165' T='399' />
<Point X='506' Y='171' T='410' />
<Point X='500' Y='179' T='416' />
<Point X='494' Y='183' T='427' />
<Point X='489' Y='188' T='437' />
<Point X='485' Y='193' T='449' />
<Point X='482' Y='197' T='460' />
<Point X='479' Y='201' T='471' />
<Point X='476' Y='204' T='481' />
<Point X='474' Y='206' T='493' />
<Point X='469' Y='211' T='516' />
<Point X='468' Y='214' T='528' />
<Point X='467' Y='216' T='534' />
<Point X='466' Y='217' T='551' />
<Point X='466' Y='218' T='565' />
<Point X='465' Y='218' T='575' />
</Stroke>
<Stroke index = '3' >
<Point X='464' Y='4' T='62' />
<Point X='464' Y='4' T='68' />
<Point X='463' Y='3' T='77' />
<Point X='463' Y='3' T='89' />
<Point X='462' Y='2' T='97' />
<Point X='462' Y='2' T='106' />
<Point X='461' Y='1' T='118' />
<Point X='460' Y='1' T='131' />
<Point X='460' Y='0' T='141' />
<Point X='459' Y='0' T='151' />
<Point X='459' Y='0' T='163' />
<Point X='458' Y='0' T='183' />
<Point X='457' Y='1' T='191' />
<Point X='456' Y='3' T='201' />
<Point X='455' Y='5' T='217' />
<Point X='453' Y='9' T='226' />
<Point X='449' Y='14' T='252' />
<Point X='447' Y='17' T='264' />
<Point X='445' Y='19' T='271' />
<Point X='443' Y='23' T='288' />
<Point X='441' Y='28' T='300' />
<Point X='439' Y='32' T='308' />
<Point X='437' Y='36' T='315' />
<Point X='435' Y='39' T='327' />
<Point X='432' Y='43' T='338' />
<Point X='429' Y='48' T='350' />
<Point X='426' Y='53' T='362' />
<Point X='423' Y='58' T='374' />
<Point X='415' Y='71' T='400' />
<Point X='410' Y='77' T='412' />
<Point X='405' Y='83' T='417' />
<Point X='401' Y='90' T='428' />
<Point X='397' Y='96' T='439' />
<Point X='393' Y='101' T='451' />
<Point X='389' Y='107' T='463' />
<Point X='386' Y='111' T='472' />
<Point X='383' Y='115' T='484' />
<Point X='381' Y='119' T='494' />
<Point X='379' Y='123' T='518' />
<Point X='378' Y='125' T='529' />
<Point X='377' Y='126' T='536' />
<Point X='377' Y='127' T='557' />
<Point X='376' Y='128' T='568' />
<Point X='376' Y='128' T='577' />
</Stroke>
<Stroke index = '2' >
<Point X='283' Y='16' T='52' />
<Point X='283' Y='16' T='67' />
<Point X='283' Y='15' T='76' />
<Point X='282' Y='15' T='87' />
<Point X='282' Y='14' T='97' />
<Point X='281' Y='14' T='105' />
<Point X='281' Y='13' T='117' />
<Point X='280' Y='13' T='130' />
<Point X='280' Y='12' T='140' />
<Point X='279' Y='12' T='151' />
<Point X='279' Y='12' T='163' />
<Point X='278' Y='12' T='182' />
<Point X='278' Y='12' T='189' />
<Point X='277' Y='13' T='201' />
<Point X='276' Y='14' T='215' />
<Point X='275' Y='16' T='224' />
<Point X='272' Y='21' T='250' />
<Point X='270' Y='25' T='263' />
<Point X='268' Y='29' T='271' />
<Point X='266' Y='33' T='287' />
<Point X='265' Y='37' T='299' />
<Point X='263' Y='40' T='307' />
<Point X='262' Y='44' T='314' />
<Point X='261' Y='49' T='326' />
<Point X='261' Y='54' T='338' />
<Point X='261' Y='58' T='350' />
<Point X='261' Y='63' T='361' />
<Point X='261' Y='69' T='372' />
<Point X='261' Y='81' T='399' />
<Point X='260' Y='89' T='411' />
<Point X='259' Y='95' T='416' />
<Point X='258' Y='101' T='427' />
<Point X='258' Y='107' T='438' />
<Point X='257' Y='114' T='450' />
<Point X='257' Y='120' T='462' />
<Point X='257' Y='125' T='471' />
<Point X='257' Y='130' T='483' />
<Point X='257' Y='135' T='493' />
<Point X='258' Y='141' T='517' />
<Point X='258' Y='143' T='529' />
<Point X='258' Y='145' T='535' />
<Point X='258' Y='146' T='552' />
<Point X='258' Y='147' T='566' />
<Point X='258' Y='148' T='576' />
<Point X='258' Y='149' T='586' />
</Stroke>
<Stroke index = '1' >
<Point X='0' Y='599' T='0' />
<Point X='1' Y='599' T='41' />
<Point X='2' Y='599' T='50' />
<Point X='2' Y='598' T='66' />
<Point X='2' Y='598' T='86' />
<Point X='2' Y='597' T='95' />
<Point X='2' Y='597' T='103' />
<Point X='2' Y='596' T='116' />
<Point X='2' Y='596' T='129' />
<Point X='3' Y='595' T='139' />
<Point X='4' Y='593' T='149' />
<Point X='6' Y='591' T='161' />
<Point X='7' Y='589' T='180' />
<Point X='9' Y='587' T='187' />
<Point X='12' Y='585' T='199' />
<Point X='15' Y='583' T='213' />
<Point X='18' Y='580' T='222' />
<Point X='24' Y='574' T='248' />
<Point X='28' Y='571' T='260' />
<Point X='32' Y='567' T='269' />
<Point X='36' Y='563' T='285' />
<Point X='41' Y='560' T='298' />
<Point X='45' Y='556' T='304' />
<Point X='49' Y='552' T='311' />
<Point X='54' Y='548' T='323' />
<Point X='59' Y='544' T='336' />
<Point X='64' Y='541' T='347' />
<Point X='68' Y='538' T='360' />
<Point X='72' Y='533' T='369' />
<Point X='83' Y='523' T='398' />
<Point X='87' Y='519' T='408' />
<Point X='92' Y='512' T='415' />
<Point X='96' Y='507' T='426' />
<Point X='101' Y='500' T='436' />
<Point X='108' Y='490' T='448' />
<Point X='115' Y='481' T='460' />
<Point X='123' Y='471' T='469' />
<Point X='131' Y='462' T='481' />
<Point X='139' Y='453' T='492' />
<Point X='155' Y='440' T='515' />
<Point X='161' Y='436' T='526' />
<Point X='165' Y='433' T='533' />
<Point X='168' Y='431' T='550' />
<Point X='169' Y='429' T='564' />
<Point X='170' Y='428' T='574' />
<Point X='171' Y='428' T='584' />
</Stroke>

</Gesture>
