<?xml version='1.0' encoding='utf-8' standalone='yes'?>
<Gesture Name ='3_1_10' Subject = 'test'  Speed = 'MEDIUM' NumPts = '236' InputType='finger' >

<Stroke index = '2' >
<Point X='285' Y='11' T='58' />
<Point X='285' Y='11' T='63' />
<Point X='284' Y='10' T='73' />
<Point X='284' Y='10' T='90' />
<Point X='284' Y='9' T='100' />
<Point X='283' Y='9' T='108' />
<Point X='283' Y='8' T='118' />
<Point X='282' Y='7' T='144' />
<Point X='282' Y='7' T='171' />
<Point X='281' Y='8' T='188' />
<Point X='280' Y='9' T='216' />
<Point X='277' Y='13' T='228' />
<Point X='276' Y='15' T='238' />
<Point X='274' Y='18' T='246' />
<Point X='272' Y='22' T='263' />
<Point X='271' Y='26' T='269' />
<Point X='269' Y='31' T='285' />
<Point X='268' Y='34' T='296' />
<Point X='268' Y='38' T='304' />
<Point X='267' Y='42' T='317' />
<Point X='267' Y='48' T='329' />
<Point X='267' Y='53' T='340' />
<Point X='267' Y='57' T='351' />
<Point X='267' Y='61' T='363' />
<Point X='266' Y='66' T='377' />
<Point X='266' Y='72' T='386' />
<Point X='266' Y='76' T='395' />
<Point X='265' Y='80' T='414' />
<Point X='265' Y='84' T='424' />
<Point X='265' Y='89' T='431' />
<Point X='264' Y='94' T='442' />
<Point X='264' Y='98' T='452' />
<Point X='263' Y='102' T='463' />
<Point X='263' Y='106' T='480' />
<Point X='262' Y='111' T='488' />
<Point X='262' Y='116' T='499' />
<Point X='261' Y='121' T='514' />
<Point X='259' Y='131' T='537' />
<Point X='258' Y='136' T='548' />
<Point X='257' Y='141' T='562' />
<Point X='256' Y='147' T='572' />
<Point X='255' Y='153' T='583' />
<Point X='253' Y='162' T='601' />
<Point X='252' Y='166' T='612' />
<Point X='252' Y='169' T='622' />
<Point X='251' Y='171' T='633' />
<Point X='250' Y='173' T='649' />
</Stroke>
<Stroke index = '3' >
<Point X='464' Y='3' T='41' />
<Point X='464' Y='2' T='55' />
<Point X='464' Y='2' T='63' />
<Point X='464' Y='1' T='72' />
<Point X='464' Y='1' T='89' />
<Point X='463' Y='0' T='99' />
<Point X='463' Y='0' T='107' />
<Point X='462' Y='0' T='117' />
<Point X='462' Y='1' T='143' />
<Point X='461' Y='2' T='161' />
<Point X='461' Y='4' T='171' />
<Point X='459' Y='9' T='188' />
<Point X='458' Y='11' T='214' />
<Point X='456' Y='15' T='226' />
<Point X='454' Y='17' T='237' />
<Point X='453' Y='20' T='246' />
<Point X='451' Y='24' T='262' />
<Point X='450' Y='27' T='268' />
<Point X='448' Y='31' T='282' />
<Point X='447' Y='34' T='295' />
<Point X='445' Y='37' T='304' />
<Point X='442' Y='41' T='316' />
<Point X='440' Y='44' T='329' />
<Point X='437' Y='49' T='339' />
<Point X='435' Y='53' T='350' />
<Point X='433' Y='56' T='362' />
<Point X='431' Y='60' T='377' />
<Point X='430' Y='64' T='386' />
<Point X='428' Y='68' T='395' />
<Point X='426' Y='73' T='413' />
<Point X='425' Y='77' T='423' />
<Point X='423' Y='80' T='430' />
<Point X='421' Y='83' T='440' />
<Point X='419' Y='87' T='452' />
<Point X='416' Y='92' T='462' />
<Point X='414' Y='96' T='479' />
<Point X='413' Y='100' T='487' />
<Point X='411' Y='103' T='499' />
<Point X='410' Y='107' T='513' />
<Point X='407' Y='117' T='535' />
<Point X='405' Y='121' T='546' />
<Point X='403' Y='125' T='561' />
<Point X='400' Y='130' T='571' />
<Point X='397' Y='135' T='583' />
<Point X='392' Y='142' T='600' />
<Point X='391' Y='144' T='611' />
<Point X='389' Y='146' T='621' />
<Point X='388' Y='147' T='631' />
<Point X='387' Y='147' T='648' />
<Point X='386' Y='148' T='659' />
</Stroke>
<Stroke index = '1' >
<Point X='0' Y='601' T='22' />
<Point X='0' Y='601' T='31' />
<Point X='0' Y='600' T='39' />
<Point X='0' Y='600' T='54' />
<Point X='0' Y='599' T='61' />
<Point X='0' Y='599' T='71' />
<Point X='0' Y='599' T='87' />
<Point X='0' Y='598' T='98' />
<Point X='0' Y='598' T='107' />
<Point X='0' Y='597' T='116' />
<Point X='1' Y='596' T='143' />
<Point X='1' Y='595' T='160' />
<Point X='3' Y='593' T='169' />
<Point X='7' Y='588' T='187' />
<Point X='9' Y='585' T='212' />
<Point X='16' Y='581' T='225' />
<Point X='20' Y='577' T='237' />
<Point X='25' Y='573' T='244' />
<Point X='30' Y='569' T='261' />
<Point X='34' Y='565' T='268' />
<Point X='39' Y='562' T='281' />
<Point X='45' Y='558' T='294' />
<Point X='51' Y='554' T='304' />
<Point X='56' Y='550' T='315' />
<Point X='61' Y='546' T='328' />
<Point X='67' Y='542' T='339' />
<Point X='72' Y='540' T='349' />
<Point X='76' Y='537' T='361' />
<Point X='80' Y='534' T='374' />
<Point X='85' Y='530' T='385' />
<Point X='89' Y='526' T='393' />
<Point X='93' Y='523' T='412' />
<Point X='96' Y='520' T='422' />
<Point X='98' Y='518' T='429' />
<Point X='101' Y='515' T='440' />
<Point X='105' Y='512' T='451' />
<Point X='108' Y='509' T='461' />
<Point X='112' Y='506' T='479' />
<Point X='114' Y='503' T='487' />
<Point X='117' Y='501' T='497' />
<Point X='120' Y='498' T='512' />
<Point X='128' Y='490' T='534' />
<Point X='133' Y='485' T='546' />
<Point X='138' Y='479' T='561' />
<Point X='145' Y='472' T='569' />
<Point X='151' Y='466' T='583' />
<Point X='160' Y='457' T='597' />
<Point X='163' Y='453' T='610' />
<Point X='166' Y='450' T='621' />
<Point X='167' Y='448' T='630' />
<Point X='168' Y='447' T='647' />
</Stroke>
<Stroke index = '5' >
<Point X='695' Y='282' T='17' />
<Point X='695' Y='282' T='29' />
<Point X='695' Y='283' T='115' />
<Point X='690' Y='286' T='141' />
<Point X='687' Y='287' T='160' />
<Point X='684' Y='288' T='168' />
<Point X='679' Y='290' T='186' />
<Point X='674' Y='292' T='205' />
<Point X='664' Y='295' T='223' />
<Point X='662' Y='297' T='237' />
<Point X='659' Y='299' T='244' />
<Point X='656' Y='301' T='260' />
<Point X='651' Y='305' T='267' />
<Point X='647' Y='307' T='281' />
<Point X='643' Y='309' T='293' />
<Point X='640' Y='310' T='303' />
<Point X='637' Y='311' T='314' />
<Point X='632' Y='313' T='327' />
<Point X='626' Y='314' T='338' />
<Point X='622' Y='316' T='349' />
<Point X='620' Y='318' T='361' />
<Point X='617' Y='320' T='373' />
<Point X='612' Y='323' T='384' />
<Point X='607' Y='326' T='393' />
<Point X='603' Y='329' T='411' />
<Point X='600' Y='330' T='422' />
<Point X='598' Y='331' T='429' />
<Point X='595' Y='332' T='439' />
<Point X='591' Y='334' T='449' />
<Point X='587' Y='336' T='460' />
<Point X='583' Y='338' T='478' />
<Point X='580' Y='340' T='486' />
<Point X='576' Y='343' T='496' />
<Point X='571' Y='346' T='512' />
<Point X='560' Y='352' T='533' />
<Point X='553' Y='353' T='545' />
<Point X='543' Y='355' T='559' />
<Point X='536' Y='356' T='568' />
<Point X='526' Y='358' T='581' />
<Point X='518' Y='359' T='595' />
<Point X='516' Y='359' T='609' />
<Point X='515' Y='359' T='619' />
<Point X='515' Y='359' T='629' />
</Stroke>
<Stroke index = '4' >
<Point X='582' Y='78' T='0' />
<Point X='580' Y='78' T='28' />
<Point X='580' Y='78' T='105' />
<Point X='580' Y='78' T='141' />
<Point X='580' Y='78' T='159' />
<Point X='579' Y='79' T='167' />
<Point X='577' Y='84' T='185' />
<Point X='575' Y='88' T='204' />
<Point X='571' Y='96' T='222' />
<Point X='568' Y='99' T='235' />
<Point X='565' Y='102' T='243' />
<Point X='561' Y='106' T='259' />
<Point X='557' Y='111' T='266' />
<Point X='555' Y='116' T='280' />
<Point X='552' Y='120' T='292' />
<Point X='550' Y='123' T='302' />
<Point X='547' Y='127' T='313' />
<Point X='543' Y='132' T='325' />
<Point X='540' Y='137' T='337' />
<Point X='537' Y='141' T='347' />
<Point X='535' Y='145' T='359' />
<Point X='533' Y='149' T='371' />
<Point X='531' Y='154' T='382' />
<Point X='528' Y='159' T='392' />
<Point X='525' Y='162' T='410' />
<Point X='522' Y='165' T='420' />
<Point X='519' Y='169' T='427' />
<Point X='517' Y='173' T='438' />
<Point X='514' Y='177' T='448' />
<Point X='513' Y='181' T='459' />
<Point X='512' Y='184' T='477' />
<Point X='511' Y='187' T='484' />
<Point X='510' Y='191' T='495' />
<Point X='508' Y='196' T='511' />
<Point X='503' Y='204' T='531' />
<Point X='501' Y='207' T='543' />
<Point X='498' Y='211' T='557' />
<Point X='496' Y='215' T='567' />
<Point X='494' Y='219' T='581' />
<Point X='491' Y='224' T='595' />
<Point X='489' Y='226' T='608' />
<Point X='488' Y='227' T='618' />
<Point X='487' Y='228' T='629' />
<Point X='486' Y='228' T='645' />
<Point X='486' Y='228' T='656' />
</Stroke>

</Gesture>
