<?xml version='1.0' encoding='utf-8' standalone='yes'?>
<Gesture Name ='3_1_5' Subject = 'test'  Speed = 'MEDIUM' NumPts = '190' InputType='finger' >

<Stroke index = '5' >
<Point X='659' Y='304' T='0' />
<Point X='659' Y='304' T='17' />
<Point X='660' Y='304' T='31' />
<Point X='661' Y='303' T='41' />
<Point X='662' Y='303' T='49' />
<Point X='663' Y='302' T='61' />
<Point X='663' Y='302' T='71' />
<Point X='664' Y='301' T='91' />
<Point X='664' Y='301' T='101' />
<Point X='664' Y='300' T='130' />
<Point X='664' Y='300' T='140' />
<Point X='663' Y='300' T='151' />
<Point X='663' Y='300' T='164' />
<Point X='661' Y='300' T='173' />
<Point X='659' Y='301' T='195' />
<Point X='658' Y='301' T='202' />
<Point X='656' Y='302' T='214' />
<Point X='654' Y='303' T='224' />
<Point X='652' Y='305' T='235' />
<Point X='648' Y='307' T='243' />
<Point X='638' Y='311' T='275' />
<Point X='622' Y='315' T='313' />
<Point X='617' Y='316' T='325' />
<Point X='614' Y='316' T='339' />
<Point X='612' Y='317' T='348' />
</Stroke>
<Stroke index = '1' >
<Point X='0' Y='613' T='10' />
<Point X='0' Y='613' T='24' />
<Point X='0' Y='613' T='32' />
<Point X='1' Y='612' T='42' />
<Point X='3' Y='612' T='50' />
<Point X='4' Y='611' T='63' />
<Point X='4' Y='611' T='72' />
<Point X='5' Y='611' T='93' />
<Point X='5' Y='611' T='103' />
<Point X='6' Y='609' T='130' />
<Point X='7' Y='609' T='140' />
<Point X='7' Y='608' T='152' />
<Point X='8' Y='608' T='165' />
<Point X='9' Y='607' T='174' />
<Point X='10' Y='607' T='196' />
<Point X='11' Y='606' T='203' />
<Point X='13' Y='605' T='216' />
<Point X='14' Y='603' T='225' />
<Point X='16' Y='602' T='236' />
<Point X='18' Y='600' T='244' />
<Point X='24' Y='594' T='277' />
<Point X='38' Y='581' T='313' />
<Point X='43' Y='576' T='327' />
<Point X='46' Y='572' T='341' />
<Point X='51' Y='567' T='349' />
<Point X='57' Y='562' T='359' />
<Point X='64' Y='556' T='375' />
<Point X='75' Y='545' T='396' />
<Point X='82' Y='537' T='409' />
<Point X='88' Y='530' T='416' />
<Point X='92' Y='523' T='428' />
<Point X='97' Y='516' T='442' />
<Point X='101' Y='511' T='449' />
<Point X='105' Y='506' T='460' />
<Point X='109' Y='502' T='470' />
<Point X='116' Y='493' T='480' />
<Point X='125' Y='479' T='494' />
<Point X='134' Y='466' T='507' />
<Point X='144' Y='453' T='515' />
<Point X='151' Y='445' T='528' />
<Point X='162' Y='435' T='547' />
<Point X='166' Y='431' T='563' />
<Point X='170' Y='428' T='569' />
<Point X='175' Y='425' T='581' />
<Point X='180' Y='422' T='591' />
<Point X='189' Y='417' T='614' />
<Point X='191' Y='415' T='624' />
<Point X='194' Y='412' T='635' />
<Point X='196' Y='410' T='646' />
<Point X='198' Y='408' T='667' />
<Point X='199' Y='407' T='681' />
</Stroke>
<Stroke index = '2' >
<Point X='205' Y='26' T='37' />
<Point X='205' Y='25' T='44' />
<Point X='205' Y='25' T='52' />
<Point X='205' Y='24' T='63' />
<Point X='205' Y='24' T='74' />
<Point X='205' Y='23' T='95' />
<Point X='205' Y='23' T='103' />
<Point X='204' Y='22' T='132' />
<Point X='204' Y='22' T='166' />
<Point X='204' Y='22' T='205' />
<Point X='203' Y='23' T='218' />
<Point X='203' Y='24' T='229' />
<Point X='203' Y='26' T='238' />
<Point X='203' Y='28' T='246' />
<Point X='201' Y='34' T='280' />
<Point X='199' Y='45' T='315' />
<Point X='199' Y='48' T='329' />
<Point X='199' Y='52' T='343' />
<Point X='199' Y='56' T='352' />
<Point X='200' Y='59' T='362' />
<Point X='200' Y='62' T='377' />
<Point X='202' Y='72' T='399' />
<Point X='202' Y='78' T='410' />
<Point X='203' Y='83' T='418' />
<Point X='203' Y='90' T='433' />
<Point X='203' Y='96' T='445' />
<Point X='203' Y='101' T='451' />
<Point X='203' Y='106' T='462' />
<Point X='203' Y='112' T='473' />
<Point X='203' Y='118' T='482' />
<Point X='203' Y='126' T='497' />
<Point X='203' Y='136' T='509' />
<Point X='202' Y='144' T='517' />
<Point X='202' Y='151' T='531' />
<Point X='203' Y='160' T='548' />
<Point X='204' Y='164' T='564' />
<Point X='205' Y='167' T='570' />
<Point X='206' Y='170' T='582' />
<Point X='208' Y='174' T='592' />
<Point X='212' Y='179' T='616' />
<Point X='213' Y='181' T='625' />
<Point X='215' Y='183' T='636' />
<Point X='216' Y='184' T='647' />
<Point X='217' Y='185' T='669' />
<Point X='217' Y='186' T='682' />
</Stroke>
<Stroke index = '4' >
<Point X='550' Y='85' T='34' />
<Point X='550' Y='85' T='51' />
<Point X='550' Y='84' T='73' />
<Point X='549' Y='84' T='141' />
<Point X='549' Y='84' T='175' />
<Point X='548' Y='84' T='197' />
<Point X='548' Y='84' T='204' />
<Point X='547' Y='85' T='216' />
<Point X='546' Y='87' T='227' />
<Point X='545' Y='90' T='237' />
<Point X='543' Y='93' T='245' />
<Point X='538' Y='99' T='279' />
<Point X='527' Y='111' T='315' />
<Point X='524' Y='115' T='327' />
<Point X='521' Y='119' T='341' />
<Point X='518' Y='122' T='351' />
<Point X='515' Y='125' T='361' />
<Point X='511' Y='129' T='375' />
<Point X='501' Y='142' T='397' />
<Point X='495' Y='148' T='410' />
<Point X='488' Y='157' T='416' />
<Point X='482' Y='163' T='430' />
<Point X='477' Y='168' T='443' />
<Point X='472' Y='172' T='449' />
<Point X='467' Y='177' T='462' />
<Point X='462' Y='183' T='472' />
<Point X='455' Y='190' T='482' />
<Point X='447' Y='197' T='496' />
<Point X='439' Y='204' T='508' />
</Stroke>
<Stroke index = '3' >
<Point X='413' Y='1' T='97' />
<Point X='413' Y='1' T='104' />
<Point X='411' Y='0' T='132' />
<Point X='411' Y='0' T='143' />
<Point X='410' Y='0' T='152' />
<Point X='410' Y='0' T='166' />
<Point X='409' Y='0' T='176' />
<Point X='409' Y='0' T='197' />
<Point X='408' Y='0' T='206' />
<Point X='407' Y='1' T='219' />
<Point X='406' Y='2' T='230' />
<Point X='405' Y='5' T='240' />
<Point X='404' Y='8' T='248' />
<Point X='403' Y='14' T='280' />
<Point X='399' Y='23' T='315' />
<Point X='398' Y='27' T='330' />
<Point X='396' Y='30' T='344' />
<Point X='394' Y='33' T='353' />
<Point X='392' Y='36' T='364' />
<Point X='390' Y='39' T='377' />
<Point X='386' Y='49' T='400' />
<Point X='383' Y='55' T='412' />
<Point X='381' Y='61' T='419' />
<Point X='378' Y='66' T='434' />
<Point X='374' Y='72' T='445' />
<Point X='370' Y='77' T='452' />
<Point X='367' Y='82' T='464' />
<Point X='364' Y='86' T='474' />
<Point X='360' Y='93' T='484' />
<Point X='355' Y='101' T='498' />
<Point X='348' Y='111' T='511' />
<Point X='343' Y='120' T='519' />
<Point X='340' Y='125' T='532' />
<Point X='337' Y='132' T='549' />
<Point X='335' Y='137' T='566' />
<Point X='333' Y='141' T='572' />
<Point X='331' Y='144' T='584' />
<Point X='330' Y='146' T='593' />
<Point X='327' Y='153' T='617' />
<Point X='326' Y='157' T='626' />
</Stroke>

</Gesture>
