<?xml version='1.0' encoding='utf-8' standalone='yes'?>
<Gesture Name ='3_1_4' Subject = 'test'  Speed = 'MEDIUM' NumPts = '212' InputType='finger' >

<Stroke index = '4' >
<Point X='597' Y='74' T='0' />
<Point X='597' Y='73' T='47' />
<Point X='596' Y='73' T='160' />
<Point X='595' Y='75' T='182' />
<Point X='595' Y='76' T='192' />
<Point X='593' Y='78' T='217' />
<Point X='591' Y='80' T='227' />
<Point X='587' Y='83' T='254' />
<Point X='585' Y='85' T='268' />
<Point X='583' Y='87' T='277' />
<Point X='579' Y='93' T='294' />
<Point X='576' Y='97' T='317' />
<Point X='572' Y='100' T='327' />
<Point X='568' Y='102' T='333' />
<Point X='565' Y='105' T='345' />
<Point X='563' Y='107' T='353' />
<Point X='560' Y='110' T='368' />
<Point X='557' Y='114' T='378' />
<Point X='554' Y='118' T='388' />
<Point X='551' Y='121' T='399' />
<Point X='548' Y='124' T='417' />
<Point X='545' Y='127' T='427' />
<Point X='542' Y='130' T='433' />
<Point X='540' Y='135' T='451' />
<Point X='538' Y='139' T='457' />
<Point X='536' Y='143' T='469' />
<Point X='533' Y='146' T='484' />
<Point X='526' Y='154' T='504' />
<Point X='522' Y='159' T='517' />
<Point X='520' Y='163' T='529' />
<Point X='518' Y='166' T='538' />
<Point X='516' Y='169' T='551' />
<Point X='514' Y='172' T='563' />
<Point X='510' Y='177' T='571' />
<Point X='493' Y='192' T='600' />
<Point X='487' Y='197' T='618' />
<Point X='482' Y='201' T='628' />
<Point X='478' Y='205' T='635' />
<Point X='474' Y='208' T='652' />
</Stroke>
<Stroke index = '1' >
<Point X='0' Y='570' T='25' />
<Point X='0' Y='569' T='49' />
<Point X='1' Y='569' T='64' />
<Point X='1' Y='568' T='79' />
<Point X='1' Y='567' T='99' />
<Point X='1' Y='567' T='105' />
<Point X='1' Y='567' T='132' />
<Point X='1' Y='567' T='161' />
<Point X='2' Y='567' T='183' />
<Point X='2' Y='567' T='193' />
<Point X='3' Y='566' T='218' />
<Point X='4' Y='566' T='228' />
<Point X='8' Y='564' T='255' />
<Point X='10' Y='563' T='270' />
<Point X='12' Y='562' T='283' />
<Point X='17' Y='559' T='296' />
<Point X='19' Y='557' T='318' />
<Point X='22' Y='555' T='328' />
<Point X='25' Y='552' T='334' />
<Point X='29' Y='550' T='346' />
<Point X='33' Y='547' T='354' />
<Point X='37' Y='545' T='369' />
<Point X='40' Y='543' T='379' />
<Point X='44' Y='540' T='389' />
<Point X='48' Y='537' T='399' />
<Point X='53' Y='533' T='419' />
<Point X='58' Y='529' T='428' />
<Point X='62' Y='527' T='434' />
<Point X='67' Y='524' T='452' />
<Point X='72' Y='520' T='459' />
<Point X='77' Y='516' T='471' />
<Point X='82' Y='511' T='485' />
<Point X='93' Y='503' T='505' />
<Point X='98' Y='499' T='519' />
<Point X='103' Y='494' T='531' />
<Point X='108' Y='489' T='540' />
<Point X='114' Y='484' T='552' />
<Point X='119' Y='480' T='564' />
<Point X='124' Y='475' T='572' />
<Point X='139' Y='459' T='601' />
<Point X='143' Y='454' T='618' />
<Point X='147' Y='449' T='630' />
<Point X='150' Y='446' T='636' />
<Point X='154' Y='442' T='653' />
<Point X='158' Y='439' T='660' />
<Point X='161' Y='435' T='670' />
<Point X='170' Y='426' T='690' />
<Point X='174' Y='422' T='701' />
<Point X='177' Y='419' T='719' />
<Point X='180' Y='416' T='731' />
<Point X='182' Y='413' T='739' />
<Point X='183' Y='411' T='751' />
<Point X='185' Y='409' T='761' />
<Point X='186' Y='407' T='769' />
<Point X='188' Y='405' T='787' />
<Point X='190' Y='403' T='798' />
<Point X='192' Y='401' T='804' />
<Point X='196' Y='396' T='836' />
<Point X='197' Y='395' T='854' />
<Point X='197' Y='394' T='858' />
<Point X='198' Y='393' T='869' />
<Point X='198' Y='393' T='886' />
</Stroke>
<Stroke index = '3' >
<Point X='475' Y='0' T='110' />
<Point X='475' Y='0' T='134' />
<Point X='474' Y='0' T='138' />
<Point X='474' Y='0' T='148' />
<Point X='473' Y='0' T='162' />
<Point X='472' Y='0' T='184' />
<Point X='471' Y='1' T='194' />
<Point X='469' Y='2' T='219' />
<Point X='468' Y='3' T='229' />
<Point X='465' Y='6' T='257' />
<Point X='464' Y='8' T='272' />
<Point X='462' Y='10' T='284' />
<Point X='460' Y='15' T='298' />
<Point X='459' Y='17' T='319' />
<Point X='457' Y='19' T='328' />
<Point X='456' Y='21' T='336' />
<Point X='455' Y='23' T='348' />
<Point X='453' Y='25' T='355' />
<Point X='451' Y='28' T='370' />
<Point X='449' Y='31' T='380' />
<Point X='446' Y='34' T='391' />
<Point X='443' Y='37' T='401' />
<Point X='441' Y='39' T='419' />
<Point X='438' Y='41' T='429' />
<Point X='436' Y='44' T='435' />
<Point X='434' Y='47' T='452' />
<Point X='431' Y='51' T='460' />
<Point X='429' Y='55' T='472' />
<Point X='426' Y='58' T='486' />
<Point X='421' Y='64' T='506' />
<Point X='419' Y='67' T='520' />
<Point X='417' Y='70' T='532' />
<Point X='415' Y='74' T='540' />
<Point X='414' Y='78' T='553' />
<Point X='413' Y='81' T='566' />
<Point X='412' Y='84' T='574' />
<Point X='400' Y='98' T='603' />
<Point X='396' Y='102' T='619' />
<Point X='392' Y='106' T='631' />
<Point X='387' Y='110' T='637' />
<Point X='383' Y='114' T='654' />
<Point X='379' Y='118' T='661' />
<Point X='376' Y='122' T='671' />
<Point X='367' Y='131' T='691' />
<Point X='362' Y='137' T='702' />
<Point X='358' Y='142' T='721' />
<Point X='355' Y='145' T='733' />
<Point X='353' Y='147' T='741' />
<Point X='350' Y='150' T='752' />
<Point X='347' Y='152' T='763' />
<Point X='344' Y='155' T='771' />
<Point X='341' Y='158' T='788' />
</Stroke>
<Stroke index = '2' >
<Point X='282' Y='2' T='151' />
<Point X='282' Y='2' T='165' />
<Point X='281' Y='2' T='184' />
<Point X='280' Y='2' T='194' />
<Point X='276' Y='5' T='220' />
<Point X='274' Y='6' T='231' />
<Point X='271' Y='11' T='261' />
<Point X='269' Y='13' T='272' />
<Point X='268' Y='15' T='285' />
<Point X='265' Y='19' T='299' />
<Point X='263' Y='21' T='320' />
<Point X='261' Y='24' T='329' />
<Point X='259' Y='27' T='337' />
<Point X='257' Y='31' T='349' />
<Point X='255' Y='35' T='356' />
<Point X='254' Y='39' T='372' />
<Point X='252' Y='41' T='381' />
<Point X='251' Y='44' T='392' />
<Point X='250' Y='48' T='401' />
<Point X='249' Y='53' T='420' />
<Point X='249' Y='58' T='430' />
<Point X='248' Y='61' T='435' />
<Point X='248' Y='65' T='454' />
<Point X='247' Y='69' T='461' />
<Point X='247' Y='74' T='473' />
<Point X='246' Y='79' T='487' />
<Point X='245' Y='88' T='507' />
<Point X='244' Y='92' T='520' />
<Point X='243' Y='97' T='533' />
<Point X='243' Y='102' T='542' />
<Point X='242' Y='106' T='554' />
<Point X='241' Y='111' T='567' />
<Point X='241' Y='117' T='576' />
<Point X='237' Y='134' T='603' />
<Point X='235' Y='140' T='620' />
<Point X='233' Y='146' T='631' />
<Point X='231' Y='151' T='638' />
<Point X='230' Y='157' T='654' />
<Point X='229' Y='162' T='661' />
<Point X='228' Y='166' T='673' />
<Point X='227' Y='177' T='692' />
<Point X='226' Y='182' T='703' />
<Point X='225' Y='187' T='722' />
<Point X='225' Y='191' T='735' />
<Point X='225' Y='194' T='741' />
<Point X='225' Y='197' T='754' />
<Point X='225' Y='200' T='764' />
<Point X='225' Y='202' T='772' />
<Point X='225' Y='204' T='789' />
<Point X='226' Y='206' T='800' />
<Point X='226' Y='207' T='807' />
</Stroke>
<Stroke index = '5' >
<Point X='629' Y='319' T='463' />
<Point X='629' Y='319' T='474' />
<Point X='628' Y='319' T='488' />
<Point X='624' Y='321' T='509' />
<Point X='621' Y='322' T='522' />
<Point X='615' Y='323' T='534' />
<Point X='610' Y='323' T='543' />
<Point X='604' Y='322' T='555' />
</Stroke>

</Gesture>
