<?xml version='1.0' encoding='utf-8' standalone='yes'?>
<Gesture Name ='3_1_12' Subject = 'test'  Speed = 'MEDIUM' NumPts = '243' InputType='finger' >

<Stroke index = '2' >
<Point X='278' Y='14' T='35' />
<Point X='278' Y='13' T='58' />
<Point X='278' Y='13' T='68' />
<Point X='278' Y='12' T='80' />
<Point X='278' Y='11' T='94' />
<Point X='278' Y='10' T='103' />
<Point X='278' Y='9' T='114' />
<Point X='277' Y='9' T='125' />
<Point X='277' Y='9' T='138' />
<Point X='276' Y='9' T='158' />
<Point X='276' Y='9' T='166' />
<Point X='275' Y='11' T='174' />
<Point X='274' Y='13' T='183' />
<Point X='271' Y='17' T='208' />
<Point X='270' Y='20' T='227' />
<Point X='268' Y='22' T='234' />
<Point X='267' Y='24' T='246' />
<Point X='266' Y='28' T='260' />
<Point X='264' Y='36' T='279' />
<Point X='263' Y='39' T='293' />
<Point X='262' Y='42' T='308' />
<Point X='262' Y='46' T='320' />
<Point X='261' Y='50' T='327' />
<Point X='261' Y='54' T='342' />
<Point X='261' Y='58' T='353' />
<Point X='260' Y='62' T='362' />
<Point X='260' Y='66' T='379' />
<Point X='260' Y='74' T='393' />
<Point X='259' Y='79' T='407' />
<Point X='259' Y='83' T='424' />
<Point X='259' Y='87' T='433' />
<Point X='259' Y='93' T='443' />
<Point X='258' Y='98' T='456' />
<Point X='258' Y='103' T='466' />
<Point X='256' Y='115' T='485' />
<Point X='255' Y='121' T='496' />
<Point X='254' Y='126' T='512' />
<Point X='253' Y='134' T='528' />
<Point X='253' Y='138' T='543' />
<Point X='253' Y='142' T='556' />
<Point X='253' Y='144' T='566' />
<Point X='253' Y='146' T='578' />
<Point X='253' Y='148' T='590' />
<Point X='253' Y='150' T='598' />
<Point X='253' Y='151' T='610' />
<Point X='253' Y='152' T='622' />
<Point X='253' Y='153' T='629' />
<Point X='253' Y='154' T='645' />
<Point X='253' Y='154' T='655' />
</Stroke>
<Stroke index = '3' >
<Point X='457' Y='1' T='33' />
<Point X='457' Y='1' T='57' />
<Point X='457' Y='0' T='67' />
<Point X='456' Y='0' T='80' />
<Point X='456' Y='0' T='92' />
<Point X='456' Y='0' T='114' />
<Point X='455' Y='0' T='125' />
<Point X='455' Y='0' T='137' />
<Point X='454' Y='0' T='157' />
<Point X='454' Y='1' T='165' />
<Point X='453' Y='2' T='173' />
<Point X='451' Y='4' T='183' />
<Point X='448' Y='9' T='208' />
<Point X='447' Y='13' T='226' />
<Point X='446' Y='16' T='233' />
<Point X='445' Y='18' T='244' />
<Point X='444' Y='21' T='259' />
<Point X='442' Y='26' T='278' />
<Point X='441' Y='30' T='292' />
<Point X='440' Y='34' T='308' />
<Point X='438' Y='38' T='319' />
<Point X='437' Y='41' T='327' />
<Point X='435' Y='44' T='341' />
<Point X='433' Y='47' T='353' />
<Point X='431' Y='51' T='361' />
<Point X='429' Y='55' T='377' />
<Point X='426' Y='62' T='392' />
<Point X='425' Y='66' T='407' />
<Point X='424' Y='70' T='423' />
<Point X='422' Y='75' T='433' />
<Point X='421' Y='80' T='442' />
<Point X='419' Y='84' T='455' />
<Point X='417' Y='88' T='466' />
<Point X='409' Y='98' T='485' />
<Point X='407' Y='102' T='494' />
<Point X='405' Y='106' T='512' />
<Point X='402' Y='111' T='527' />
<Point X='401' Y='113' T='542' />
<Point X='400' Y='116' T='554' />
<Point X='399' Y='118' T='563' />
<Point X='398' Y='120' T='577' />
<Point X='397' Y='121' T='589' />
<Point X='397' Y='122' T='597' />
<Point X='396' Y='123' T='609' />
<Point X='395' Y='124' T='621' />
<Point X='394' Y='125' T='629' />
<Point X='394' Y='125' T='643' />
<Point X='393' Y='126' T='654' />
</Stroke>
<Stroke index = '5' >
<Point X='689' Y='291' T='-28' />
<Point X='689' Y='291' T='55' />
<Point X='689' Y='291' T='124' />
<Point X='688' Y='291' T='136' />
<Point X='687' Y='292' T='155' />
<Point X='685' Y='293' T='162' />
<Point X='682' Y='294' T='171' />
<Point X='678' Y='295' T='181' />
<Point X='671' Y='297' T='206' />
<Point X='667' Y='298' T='222' />
<Point X='663' Y='299' T='230' />
<Point X='659' Y='300' T='241' />
<Point X='656' Y='302' T='256' />
<Point X='651' Y='306' T='276' />
<Point X='646' Y='309' T='289' />
<Point X='641' Y='312' T='304' />
<Point X='637' Y='314' T='316' />
<Point X='634' Y='315' T='323' />
<Point X='631' Y='317' T='337' />
<Point X='627' Y='318' T='350' />
<Point X='622' Y='320' T='358' />
<Point X='618' Y='321' T='374' />
<Point X='612' Y='325' T='389' />
<Point X='606' Y='329' T='402' />
<Point X='600' Y='332' T='419' />
<Point X='595' Y='334' T='429' />
<Point X='586' Y='337' T='438' />
<Point X='577' Y='338' T='451' />
<Point X='560' Y='340' T='460' />
<Point X='548' Y='342' T='478' />
<Point X='541' Y='344' T='490' />
<Point X='537' Y='345' T='509' />
<Point X='532' Y='347' T='524' />
<Point X='530' Y='347' T='539' />
<Point X='529' Y='348' T='551' />
<Point X='528' Y='348' T='560' />
<Point X='527' Y='349' T='574' />
<Point X='527' Y='350' T='586' />
<Point X='526' Y='350' T='594' />
<Point X='526' Y='351' T='605' />
<Point X='525' Y='351' T='617' />
<Point X='525' Y='351' T='626' />
<Point X='524' Y='351' T='640' />
</Stroke>
<Stroke index = '1' >
<Point X='2' Y='594' T='16' />
<Point X='2' Y='594' T='21' />
<Point X='2' Y='594' T='31' />
<Point X='1' Y='594' T='57' />
<Point X='0' Y='594' T='66' />
<Point X='0' Y='593' T='79' />
<Point X='0' Y='593' T='92' />
<Point X='0' Y='592' T='103' />
<Point X='1' Y='591' T='112' />
<Point X='3' Y='590' T='124' />
<Point X='4' Y='588' T='137' />
<Point X='6' Y='586' T='157' />
<Point X='8' Y='584' T='164' />
<Point X='10' Y='580' T='173' />
<Point X='13' Y='576' T='182' />
<Point X='22' Y='568' T='208' />
<Point X='26' Y='564' T='225' />
<Point X='31' Y='559' T='232' />
<Point X='36' Y='554' T='243' />
<Point X='42' Y='549' T='258' />
<Point X='52' Y='540' T='278' />
<Point X='59' Y='534' T='291' />
<Point X='65' Y='529' T='306' />
<Point X='70' Y='525' T='318' />
<Point X='75' Y='521' T='326' />
<Point X='81' Y='516' T='340' />
<Point X='86' Y='512' T='353' />
<Point X='90' Y='508' T='360' />
<Point X='94' Y='505' T='377' />
<Point X='103' Y='497' T='391' />
<Point X='108' Y='493' T='405' />
<Point X='111' Y='489' T='422' />
<Point X='114' Y='486' T='431' />
<Point X='117' Y='484' T='441' />
<Point X='121' Y='481' T='454' />
<Point X='125' Y='477' T='464' />
<Point X='133' Y='468' T='483' />
<Point X='137' Y='463' T='492' />
<Point X='142' Y='458' T='511' />
<Point X='150' Y='450' T='527' />
<Point X='153' Y='447' T='542' />
<Point X='155' Y='445' T='553' />
<Point X='157' Y='443' T='562' />
<Point X='159' Y='442' T='576' />
<Point X='160' Y='440' T='588' />
<Point X='162' Y='439' T='596' />
<Point X='163' Y='437' T='608' />
<Point X='165' Y='435' T='620' />
<Point X='166' Y='433' T='628' />
<Point X='167' Y='431' T='643' />
<Point X='168' Y='430' T='652' />
</Stroke>
<Stroke index = '4' >
<Point X='597' Y='79' T='0' />
<Point X='597' Y='79' T='13' />
<Point X='596' Y='79' T='21' />
<Point X='596' Y='79' T='30' />
<Point X='595' Y='79' T='56' />
<Point X='594' Y='79' T='65' />
<Point X='594' Y='79' T='77' />
<Point X='593' Y='79' T='91' />
<Point X='593' Y='79' T='101' />
<Point X='592' Y='79' T='111' />
<Point X='592' Y='79' T='124' />
<Point X='591' Y='80' T='136' />
<Point X='591' Y='82' T='156' />
<Point X='590' Y='83' T='164' />
<Point X='589' Y='85' T='172' />
<Point X='588' Y='87' T='181' />
<Point X='584' Y='93' T='207' />
<Point X='582' Y='96' T='225' />
<Point X='579' Y='100' T='231' />
<Point X='577' Y='102' T='242' />
<Point X='574' Y='105' T='257' />
<Point X='570' Y='112' T='278' />
<Point X='568' Y='116' T='290' />
<Point X='565' Y='121' T='306' />
<Point X='563' Y='125' T='318' />
<Point X='560' Y='128' T='324' />
<Point X='556' Y='132' T='339' />
<Point X='553' Y='136' T='351' />
<Point X='550' Y='141' T='359' />
<Point X='549' Y='144' T='375' />
<Point X='546' Y='151' T='390' />
<Point X='543' Y='155' T='404' />
<Point X='540' Y='160' T='420' />
<Point X='537' Y='164' T='429' />
<Point X='535' Y='167' T='440' />
<Point X='532' Y='171' T='453' />
<Point X='530' Y='175' T='463' />
<Point X='525' Y='183' T='479' />
<Point X='523' Y='186' T='492' />
<Point X='521' Y='188' T='511' />
<Point X='518' Y='191' T='526' />
<Point X='516' Y='192' T='541' />
<Point X='515' Y='193' T='553' />
<Point X='513' Y='194' T='560' />
<Point X='512' Y='195' T='575' />
<Point X='511' Y='196' T='587' />
<Point X='511' Y='197' T='595' />
<Point X='510' Y='198' T='607' />
<Point X='510' Y='198' T='618' />
<Point X='509' Y='199' T='626' />
<Point X='509' Y='199' T='642' />
<Point X='509' Y='200' T='651' />
</Stroke>

</Gesture>
