<?xml version='1.0' encoding='utf-8' standalone='yes'?>
<Gesture Name ='3_1_20' Subject = 'test'  Speed = 'MEDIUM' NumPts = '430' InputType='finger' >

<Stroke index = '5' >
<Point X='651' Y='319' T='156' />
<Point X='651' Y='319' T='164' />
<Point X='650' Y='319' T='185' />
<Point X='648' Y='319' T='194' />
<Point X='647' Y='320' T='203' />
<Point X='645' Y='321' T='212' />
<Point X='644' Y='322' T='226' />
<Point X='642' Y='323' T='239' />
<Point X='641' Y='324' T='255' />
<Point X='639' Y='325' T='266' />
<Point X='638' Y='327' T='276' />
<Point X='635' Y='328' T='285' />
<Point X='629' Y='332' T='304' />
<Point X='624' Y='333' T='336' />
<Point X='623' Y='334' T='346' />
<Point X='622' Y='334' T='355' />
<Point X='620' Y='335' T='379' />
<Point X='616' Y='336' T='389' />
<Point X='613' Y='338' T='403' />
<Point X='610' Y='339' T='419' />
<Point X='607' Y='340' T='425' />
<Point X='604' Y='341' T='436' />
<Point X='603' Y='342' T='447' />
<Point X='601' Y='343' T='457' />
<Point X='600' Y='344' T='468' />
<Point X='598' Y='346' T='481' />
<Point X='596' Y='348' T='488' />
<Point X='594' Y='350' T='508' />
<Point X='591' Y='352' T='515' />
<Point X='587' Y='353' T='526' />
<Point X='585' Y='354' T='540' />
<Point X='579' Y='357' T='571' />
<Point X='577' Y='358' T='582' />
<Point X='574' Y='359' T='590' />
<Point X='566' Y='363' T='611' />
<Point X='563' Y='365' T='626' />
<Point X='561' Y='366' T='642' />
<Point X='559' Y='368' T='657' />
<Point X='557' Y='369' T='663' />
<Point X='555' Y='371' T='676' />
<Point X='551' Y='373' T='688' />
<Point X='547' Y='374' T='702' />
<Point X='544' Y='375' T='711' />
<Point X='541' Y='376' T='723' />
<Point X='539' Y='376' T='733' />
<Point X='536' Y='377' T='743' />
<Point X='531' Y='378' T='756' />
<Point X='526' Y='379' T='769' />
<Point X='523' Y='379' T='778' />
<Point X='520' Y='380' T='788' />
<Point X='518' Y='380' T='794' />
<Point X='517' Y='381' T='808' />
<Point X='515' Y='381' T='824' />
<Point X='513' Y='382' T='834' />
<Point X='510' Y='383' T='844' />
<Point X='508' Y='384' T='855' />
<Point X='505' Y='385' T='862' />
<Point X='502' Y='386' T='877' />
<Point X='500' Y='387' T='892' />
<Point X='499' Y='388' T='903' />
<Point X='497' Y='388' T='917' />
<Point X='496' Y='389' T='927' />
<Point X='494' Y='390' T='944' />
<Point X='492' Y='391' T='957' />
<Point X='491' Y='391' T='978' />
<Point X='490' Y='392' T='990' />
<Point X='489' Y='392' T='997' />
<Point X='489' Y='392' T='1006' />
<Point X='488' Y='393' T='1018' />
<Point X='487' Y='393' T='1025' />
<Point X='485' Y='394' T='1059' />
<Point X='484' Y='394' T='1092' />
<Point X='484' Y='394' T='1102' />
<Point X='483' Y='394' T='1111' />
<Point X='483' Y='394' T='1124' />
<Point X='482' Y='394' T='1134' />
<Point X='482' Y='394' T='1144' />
</Stroke>
<Stroke index = '4' >
<Point X='564' Y='90' T='29' />
<Point X='563' Y='90' T='119' />
<Point X='563' Y='90' T='135' />
<Point X='562' Y='90' T='142' />
<Point X='562' Y='91' T='154' />
<Point X='561' Y='92' T='163' />
<Point X='561' Y='93' T='184' />
<Point X='560' Y='95' T='193' />
<Point X='560' Y='97' T='202' />
<Point X='559' Y='98' T='211' />
<Point X='559' Y='100' T='224' />
<Point X='558' Y='101' T='238' />
<Point X='557' Y='102' T='255' />
<Point X='557' Y='103' T='265' />
<Point X='556' Y='105' T='276' />
<Point X='555' Y='106' T='285' />
<Point X='552' Y='110' T='303' />
<Point X='548' Y='113' T='335' />
<Point X='546' Y='115' T='346' />
<Point X='544' Y='117' T='354' />
<Point X='543' Y='119' T='378' />
<Point X='539' Y='122' T='388' />
<Point X='538' Y='123' T='401' />
<Point X='537' Y='125' T='418' />
<Point X='536' Y='126' T='425' />
<Point X='535' Y='127' T='435' />
<Point X='534' Y='129' T='447' />
<Point X='533' Y='130' T='456' />
<Point X='531' Y='132' T='467' />
<Point X='529' Y='134' T='479' />
<Point X='527' Y='136' T='487' />
<Point X='525' Y='138' T='507' />
<Point X='523' Y='140' T='515' />
<Point X='521' Y='142' T='525' />
<Point X='520' Y='143' T='539' />
<Point X='516' Y='147' T='569' />
<Point X='515' Y='149' T='581' />
<Point X='514' Y='151' T='589' />
<Point X='511' Y='155' T='611' />
<Point X='509' Y='158' T='623' />
<Point X='508' Y='160' T='641' />
<Point X='506' Y='162' T='655' />
<Point X='504' Y='164' T='662' />
<Point X='502' Y='165' T='675' />
<Point X='501' Y='166' T='688' />
<Point X='499' Y='168' T='701' />
<Point X='498' Y='169' T='710' />
<Point X='497' Y='171' T='722' />
<Point X='496' Y='173' T='732' />
<Point X='495' Y='175' T='742' />
<Point X='495' Y='178' T='755' />
<Point X='494' Y='180' T='767' />
<Point X='493' Y='182' T='776' />
<Point X='493' Y='184' T='788' />
<Point X='492' Y='186' T='794' />
<Point X='491' Y='187' T='807' />
<Point X='491' Y='188' T='824' />
<Point X='490' Y='190' T='833' />
<Point X='489' Y='191' T='843' />
<Point X='488' Y='193' T='853' />
<Point X='486' Y='194' T='862' />
<Point X='485' Y='196' T='876' />
<Point X='484' Y='198' T='892' />
<Point X='483' Y='200' T='901' />
<Point X='482' Y='201' T='915' />
<Point X='481' Y='202' T='926' />
<Point X='480' Y='203' T='942' />
<Point X='479' Y='205' T='956' />
<Point X='479' Y='205' T='978' />
<Point X='478' Y='206' T='989' />
<Point X='478' Y='206' T='996' />
<Point X='477' Y='207' T='1005' />
<Point X='477' Y='207' T='1017' />
<Point X='477' Y='208' T='1024' />
<Point X='476' Y='209' T='1059' />
<Point X='476' Y='209' T='1092' />
<Point X='476' Y='209' T='1102' />
<Point X='476' Y='210' T='1110' />
<Point X='475' Y='210' T='1123' />
<Point X='475' Y='210' T='1132' />
<Point X='475' Y='211' T='1143' />
<Point X='475' Y='211' T='1175' />
</Stroke>
<Stroke index = '3' >
<Point X='433' Y='2' T='21' />
<Point X='433' Y='2' T='41' />
<Point X='432' Y='2' T='117' />
<Point X='432' Y='2' T='134' />
<Point X='432' Y='2' T='141' />
<Point X='431' Y='2' T='162' />
<Point X='431' Y='2' T='191' />
<Point X='431' Y='3' T='202' />
<Point X='430' Y='5' T='211' />
<Point X='430' Y='7' T='223' />
<Point X='429' Y='9' T='237' />
<Point X='428' Y='11' T='254' />
<Point X='427' Y='13' T='264' />
<Point X='427' Y='15' T='275' />
<Point X='426' Y='16' T='283' />
<Point X='424' Y='19' T='303' />
<Point X='422' Y='21' T='333' />
<Point X='420' Y='22' T='344' />
<Point X='419' Y='24' T='353' />
<Point X='418' Y='25' T='374' />
<Point X='415' Y='29' T='388' />
<Point X='414' Y='31' T='400' />
<Point X='413' Y='33' T='416' />
<Point X='412' Y='35' T='424' />
<Point X='411' Y='37' T='434' />
<Point X='411' Y='39' T='446' />
<Point X='410' Y='40' T='455' />
<Point X='409' Y='41' T='466' />
<Point X='408' Y='42' T='479' />
<Point X='407' Y='44' T='487' />
<Point X='405' Y='46' T='506' />
<Point X='404' Y='48' T='513' />
<Point X='402' Y='50' T='524' />
<Point X='401' Y='52' T='538' />
<Point X='396' Y='58' T='568' />
<Point X='395' Y='60' T='580' />
<Point X='394' Y='61' T='589' />
<Point X='392' Y='65' T='610' />
<Point X='391' Y='67' T='623' />
<Point X='389' Y='69' T='640' />
<Point X='388' Y='72' T='654' />
<Point X='387' Y='74' T='662' />
<Point X='386' Y='77' T='674' />
<Point X='385' Y='79' T='686' />
<Point X='384' Y='81' T='700' />
<Point X='382' Y='83' T='709' />
<Point X='381' Y='84' T='722' />
<Point X='379' Y='86' T='731' />
<Point X='378' Y='88' T='741' />
<Point X='376' Y='90' T='754' />
<Point X='375' Y='93' T='766' />
<Point X='373' Y='95' T='775' />
<Point X='372' Y='97' T='787' />
<Point X='371' Y='99' T='793' />
<Point X='370' Y='101' T='806' />
<Point X='369' Y='103' T='823' />
<Point X='368' Y='104' T='831' />
<Point X='367' Y='106' T='842' />
<Point X='366' Y='108' T='852' />
<Point X='365' Y='109' T='862' />
<Point X='363' Y='111' T='874' />
<Point X='362' Y='113' T='890' />
<Point X='360' Y='115' T='900' />
<Point X='359' Y='117' T='913' />
<Point X='357' Y='118' T='925' />
<Point X='356' Y='119' T='941' />
<Point X='354' Y='122' T='955' />
<Point X='353' Y='123' T='976' />
<Point X='353' Y='123' T='989' />
<Point X='352' Y='124' T='995' />
<Point X='352' Y='124' T='1004' />
<Point X='351' Y='125' T='1016' />
<Point X='351' Y='125' T='1023' />
<Point X='350' Y='126' T='1059' />
<Point X='350' Y='126' T='1091' />
<Point X='350' Y='126' T='1101' />
<Point X='349' Y='127' T='1121' />
<Point X='349' Y='127' T='1154' />
<Point X='349' Y='128' T='1190' />
<Point X='349' Y='128' T='1225' />
</Stroke>
<Stroke index = '1' >
<Point X='0' Y='577' T='5' />
<Point X='0' Y='577' T='12' />
<Point X='0' Y='577' T='18' />
<Point X='0' Y='577' T='40' />
<Point X='1' Y='577' T='49' />
<Point X='1' Y='577' T='61' />
<Point X='2' Y='577' T='76' />
<Point X='2' Y='577' T='83' />
<Point X='3' Y='577' T='92' />
<Point X='4' Y='577' T='117' />
<Point X='5' Y='577' T='134' />
<Point X='6' Y='577' T='141' />
<Point X='7' Y='576' T='153' />
<Point X='8' Y='576' T='162' />
<Point X='9' Y='575' T='183' />
<Point X='10' Y='574' T='191' />
<Point X='12' Y='574' T='201' />
<Point X='13' Y='573' T='210' />
<Point X='14' Y='572' T='222' />
<Point X='15' Y='571' T='236' />
<Point X='16' Y='570' T='252' />
<Point X='17' Y='570' T='262' />
<Point X='18' Y='569' T='274' />
<Point X='20' Y='568' T='283' />
<Point X='25' Y='566' T='302' />
<Point X='30' Y='564' T='332' />
<Point X='32' Y='563' T='344' />
<Point X='34' Y='562' T='353' />
<Point X='36' Y='560' T='373' />
<Point X='38' Y='557' T='387' />
<Point X='40' Y='556' T='399' />
<Point X='41' Y='554' T='415' />
<Point X='43' Y='552' T='422' />
<Point X='45' Y='550' T='433' />
<Point X='47' Y='549' T='445' />
<Point X='48' Y='548' T='454' />
<Point X='50' Y='546' T='465' />
<Point X='51' Y='545' T='478' />
<Point X='53' Y='545' T='487' />
<Point X='54' Y='544' T='506' />
<Point X='55' Y='543' T='512' />
<Point X='56' Y='542' T='522' />
<Point X='57' Y='542' T='537' />
<Point X='59' Y='539' T='566' />
<Point X='60' Y='538' T='579' />
<Point X='61' Y='537' T='588' />
<Point X='64' Y='534' T='610' />
<Point X='66' Y='532' T='622' />
<Point X='67' Y='531' T='639' />
<Point X='69' Y='530' T='653' />
<Point X='70' Y='529' T='660' />
<Point X='72' Y='528' T='673' />
<Point X='73' Y='527' T='685' />
<Point X='74' Y='526' T='697' />
<Point X='75' Y='525' T='708' />
<Point X='76' Y='525' T='721' />
<Point X='77' Y='524' T='730' />
<Point X='77' Y='524' T='739' />
<Point X='78' Y='523' T='752' />
<Point X='78' Y='523' T='765' />
<Point X='79' Y='522' T='774' />
<Point X='79' Y='521' T='786' />
<Point X='80' Y='520' T='792' />
<Point X='81' Y='519' T='805' />
<Point X='82' Y='517' T='822' />
<Point X='83' Y='516' T='830' />
<Point X='85' Y='514' T='841' />
<Point X='87' Y='512' T='852' />
<Point X='88' Y='511' T='861' />
<Point X='90' Y='509' T='873' />
<Point X='92' Y='507' T='889' />
<Point X='94' Y='506' T='899' />
<Point X='96' Y='504' T='912' />
<Point X='97' Y='503' T='924' />
<Point X='99' Y='502' T='940' />
<Point X='102' Y='498' T='953' />
<Point X='103' Y='496' T='975' />
<Point X='105' Y='493' T='987' />
<Point X='107' Y='491' T='995' />
<Point X='108' Y='489' T='1002' />
<Point X='109' Y='488' T='1014' />
<Point X='110' Y='486' T='1022' />
<Point X='112' Y='484' T='1058' />
<Point X='112' Y='483' T='1090' />
<Point X='112' Y='482' T='1099' />
<Point X='112' Y='482' T='1109' />
<Point X='113' Y='481' T='1120' />
<Point X='113' Y='481' T='1132' />
<Point X='113' Y='480' T='1141' />
<Point X='113' Y='480' T='1153' />
<Point X='113' Y='479' T='1161' />
<Point X='114' Y='479' T='1174' />
<Point X='114' Y='478' T='1189' />
<Point X='115' Y='478' T='1194' />
<Point X='115' Y='477' T='1207' />
<Point X='116' Y='476' T='1224' />
<Point X='116' Y='475' T='1230' />
<Point X='117' Y='474' T='1242' />
<Point X='117' Y='473' T='1256' />
<Point X='118' Y='472' T='1263' />
<Point X='118' Y='471' T='1276' />
<Point X='118' Y='470' T='1289' />
<Point X='118' Y='468' T='1310' />
</Stroke>
<Stroke index = '2' >
<Point X='222' Y='3' T='0' />
<Point X='222' Y='3' T='8' />
<Point X='222' Y='2' T='17' />
<Point X='222' Y='2' T='23' />
<Point X='222' Y='1' T='39' />
<Point X='223' Y='1' T='48' />
<Point X='223' Y='0' T='60' />
<Point X='223' Y='0' T='75' />
<Point X='223' Y='0' T='133' />
<Point X='223' Y='0' T='200' />
<Point X='223' Y='1' T='208' />
<Point X='223' Y='2' T='221' />
<Point X='223' Y='4' T='235' />
<Point X='223' Y='6' T='252' />
<Point X='222' Y='8' T='261' />
<Point X='222' Y='10' T='273' />
<Point X='221' Y='12' T='281' />
<Point X='221' Y='16' T='300' />
<Point X='220' Y='19' T='330' />
<Point X='219' Y='20' T='343' />
<Point X='219' Y='22' T='351' />
<Point X='218' Y='23' T='372' />
<Point X='217' Y='27' T='385' />
<Point X='217' Y='29' T='397' />
<Point X='216' Y='32' T='414' />
<Point X='216' Y='34' T='422' />
<Point X='215' Y='36' T='431' />
<Point X='214' Y='38' T='443' />
<Point X='214' Y='40' T='452' />
<Point X='213' Y='41' T='464' />
<Point X='212' Y='43' T='476' />
<Point X='211' Y='45' T='485' />
<Point X='211' Y='48' T='504' />
<Point X='210' Y='51' T='511' />
<Point X='209' Y='54' T='521' />
<Point X='208' Y='56' T='535' />
<Point X='207' Y='63' T='564' />
<Point X='206' Y='65' T='578' />
<Point X='206' Y='69' T='587' />
<Point X='205' Y='76' T='608' />
<Point X='204' Y='79' T='621' />
<Point X='204' Y='81' T='637' />
<Point X='204' Y='84' T='651' />
<Point X='203' Y='87' T='659' />
<Point X='203' Y='90' T='671' />
<Point X='203' Y='93' T='684' />
<Point X='203' Y='97' T='696' />
<Point X='202' Y='100' T='707' />
<Point X='202' Y='102' T='720' />
<Point X='202' Y='105' T='729' />
<Point X='202' Y='107' T='738' />
<Point X='201' Y='110' T='751' />
<Point X='201' Y='114' T='763' />
<Point X='201' Y='117' T='774' />
<Point X='200' Y='120' T='784' />
<Point X='200' Y='123' T='792' />
<Point X='200' Y='125' T='804' />
<Point X='199' Y='127' T='820' />
<Point X='199' Y='129' T='829' />
<Point X='198' Y='132' T='840' />
<Point X='198' Y='134' T='851' />
<Point X='198' Y='137' T='860' />
<Point X='197' Y='140' T='873' />
<Point X='197' Y='142' T='889' />
<Point X='197' Y='144' T='898' />
<Point X='196' Y='146' T='911' />
<Point X='196' Y='147' T='923' />
<Point X='195' Y='149' T='938' />
<Point X='195' Y='152' T='953' />
<Point X='195' Y='154' T='973' />
<Point X='195' Y='155' T='986' />
<Point X='195' Y='157' T='993' />
<Point X='195' Y='158' T='1001' />
<Point X='195' Y='159' T='1013' />
<Point X='195' Y='160' T='1021' />
<Point X='195' Y='162' T='1057' />
<Point X='194' Y='163' T='1090' />
<Point X='194' Y='163' T='1098' />
<Point X='194' Y='164' T='1108' />
<Point X='194' Y='164' T='1119' />
<Point X='194' Y='165' T='1131' />
<Point X='194' Y='165' T='1153' />
<Point X='194' Y='166' T='1172' />
<Point X='194' Y='166' T='1193' />
<Point X='194' Y='167' T='1223' />
<Point X='194' Y='167' T='1241' />
<Point X='195' Y='168' T='1262' />
<Point X='195' Y='168' T='1275' />
</Stroke>

</Gesture>
