<?xml version='1.0' encoding='utf-8' standalone='yes'?>
<Gesture Name ='3_1_2' Subject = 'test'  Speed = 'MEDIUM' NumPts = '314' InputType='finger' >

<Stroke index = '3' >
<Point X='428' Y='4' T='130' />
<Point X='428' Y='4' T='137' />
<Point X='428' Y='3' T='152' />
<Point X='427' Y='3' T='161' />
<Point X='427' Y='2' T='171' />
<Point X='426' Y='2' T='192' />
<Point X='426' Y='1' T='199' />
<Point X='425' Y='1' T='204' />
<Point X='425' Y='0' T='217' />
<Point X='425' Y='0' T='243' />
<Point X='424' Y='0' T='265' />
<Point X='424' Y='0' T='277' />
<Point X='424' Y='1' T='297' />
<Point X='424' Y='1' T='307' />
<Point X='424' Y='2' T='317' />
<Point X='424' Y='4' T='331' />
<Point X='423' Y='5' T='342' />
<Point X='423' Y='7' T='356' />
<Point X='422' Y='9' T='366' />
<Point X='422' Y='11' T='376' />
<Point X='421' Y='13' T='389' />
<Point X='421' Y='14' T='397' />
<Point X='420' Y='16' T='407' />
<Point X='418' Y='20' T='429' />
<Point X='413' Y='31' T='463' />
<Point X='412' Y='34' T='478' />
<Point X='410' Y='36' T='491' />
<Point X='408' Y='39' T='500' />
<Point X='407' Y='43' T='514' />
<Point X='405' Y='46' T='525' />
<Point X='404' Y='50' T='536' />
<Point X='402' Y='54' T='547' />
<Point X='399' Y='60' T='562' />
<Point X='398' Y='64' T='579' />
<Point X='396' Y='67' T='596' />
<Point X='395' Y='70' T='609' />
<Point X='393' Y='74' T='618' />
<Point X='391' Y='77' T='631' />
<Point X='390' Y='79' T='645' />
<Point X='389' Y='82' T='653' />
<Point X='388' Y='85' T='662' />
<Point X='387' Y='89' T='675' />
<Point X='386' Y='93' T='684' />
<Point X='386' Y='96' T='697' />
<Point X='385' Y='100' T='711' />
<Point X='381' Y='109' T='724' />
<Point X='378' Y='114' T='739' />
<Point X='374' Y='118' T='747' />
<Point X='371' Y='122' T='763' />
<Point X='368' Y='125' T='771' />
<Point X='365' Y='128' T='783' />
<Point X='362' Y='131' T='798' />
<Point X='356' Y='138' T='815' />
<Point X='352' Y='141' T='825' />
<Point X='347' Y='147' T='849' />
<Point X='344' Y='150' T='864' />
<Point X='341' Y='154' T='879' />
<Point X='338' Y='158' T='889' />
<Point X='334' Y='162' T='901' />
<Point X='324' Y='173' T='915' />
<Point X='313' Y='184' T='936' />
<Point X='308' Y='188' T='949' />
<Point X='304' Y='192' T='963' />
<Point X='300' Y='195' T='974' />
<Point X='297' Y='198' T='981' />
<Point X='294' Y='200' T='997' />
<Point X='292' Y='202' T='1004' />
<Point X='290' Y='203' T='1015' />
<Point X='289' Y='204' T='1030' />
<Point X='288' Y='204' T='1039' />
</Stroke>
<Stroke index = '4' >
<Point X='574' Y='74' T='83' />
<Point X='574' Y='74' T='94' />
<Point X='573' Y='74' T='103' />
<Point X='573' Y='74' T='115' />
<Point X='572' Y='74' T='128' />
<Point X='572' Y='75' T='137' />
<Point X='571' Y='75' T='152' />
<Point X='571' Y='76' T='160' />
<Point X='571' Y='76' T='170' />
<Point X='571' Y='76' T='216' />
<Point X='571' Y='77' T='241' />
<Point X='571' Y='77' T='264' />
<Point X='571' Y='78' T='295' />
<Point X='571' Y='78' T='307' />
<Point X='570' Y='79' T='316' />
<Point X='570' Y='79' T='330' />
<Point X='569' Y='80' T='341' />
<Point X='569' Y='80' T='355' />
<Point X='568' Y='82' T='365' />
<Point X='567' Y='84' T='375' />
<Point X='566' Y='86' T='387' />
<Point X='565' Y='89' T='397' />
<Point X='563' Y='92' T='406' />
<Point X='558' Y='98' T='429' />
<Point X='550' Y='106' T='462' />
<Point X='547' Y='110' T='477' />
<Point X='544' Y='114' T='489' />
<Point X='541' Y='117' T='498' />
<Point X='537' Y='120' T='513' />
<Point X='535' Y='122' T='523' />
<Point X='532' Y='125' T='534' />
<Point X='530' Y='128' T='545' />
<Point X='525' Y='136' T='562' />
<Point X='522' Y='139' T='579' />
<Point X='520' Y='141' T='595' />
<Point X='517' Y='143' T='607' />
<Point X='515' Y='145' T='618' />
<Point X='512' Y='148' T='629' />
<Point X='510' Y='152' T='643' />
<Point X='509' Y='156' T='652' />
<Point X='507' Y='160' T='662' />
<Point X='506' Y='162' T='673' />
<Point X='505' Y='164' T='682' />
<Point X='503' Y='167' T='696' />
<Point X='499' Y='171' T='709' />
<Point X='492' Y='181' T='722' />
<Point X='489' Y='184' T='738' />
<Point X='486' Y='187' T='746' />
<Point X='483' Y='191' T='763' />
<Point X='479' Y='195' T='770' />
<Point X='476' Y='198' T='782' />
<Point X='473' Y='201' T='797' />
<Point X='468' Y='206' T='813' />
<Point X='466' Y='207' T='824' />
<Point X='462' Y='210' T='848' />
<Point X='459' Y='212' T='862' />
<Point X='456' Y='216' T='878' />
<Point X='451' Y='220' T='888' />
</Stroke>
<Stroke index = '5' >
<Point X='690' Y='278' T='0' />
<Point X='689' Y='278' T='73' />
<Point X='688' Y='278' T='79' />
<Point X='687' Y='278' T='90' />
<Point X='686' Y='278' T='101' />
<Point X='686' Y='278' T='113' />
<Point X='685' Y='278' T='125' />
<Point X='685' Y='278' T='136' />
<Point X='685' Y='278' T='190' />
<Point X='685' Y='279' T='228' />
<Point X='684' Y='279' T='240' />
<Point X='684' Y='280' T='250' />
<Point X='683' Y='280' T='263' />
<Point X='683' Y='281' T='276' />
<Point X='682' Y='282' T='292' />
<Point X='681' Y='283' T='304' />
<Point X='679' Y='284' T='314' />
<Point X='678' Y='285' T='326' />
<Point X='677' Y='286' T='338' />
<Point X='675' Y='287' T='353' />
<Point X='674' Y='288' T='362' />
<Point X='672' Y='289' T='372' />
<Point X='670' Y='290' T='384' />
<Point X='667' Y='291' T='394' />
<Point X='663' Y='293' T='405' />
<Point X='658' Y='296' T='426' />
<Point X='652' Y='304' T='459' />
<Point X='649' Y='306' T='474' />
<Point X='646' Y='308' T='487' />
<Point X='642' Y='310' T='496' />
<Point X='639' Y='312' T='511' />
<Point X='637' Y='313' T='521' />
<Point X='635' Y='314' T='533' />
<Point X='634' Y='315' T='543' />
<Point X='628' Y='319' T='561' />
<Point X='623' Y='322' T='576' />
<Point X='619' Y='324' T='593' />
<Point X='617' Y='325' T='605' />
<Point X='614' Y='326' T='614' />
<Point X='612' Y='327' T='628' />
<Point X='608' Y='328' T='641' />
<Point X='603' Y='329' T='650' />
<Point X='599' Y='329' T='661' />
<Point X='595' Y='329' T='670' />
<Point X='590' Y='329' T='679' />
</Stroke>
<Stroke index = '1' >
<Point X='0' Y='606' T='55' />
<Point X='0' Y='606' T='74' />
<Point X='0' Y='605' T='81' />
<Point X='0' Y='605' T='91' />
<Point X='0' Y='604' T='102' />
<Point X='0' Y='604' T='114' />
<Point X='0' Y='604' T='126' />
<Point X='0' Y='603' T='150' />
<Point X='0' Y='603' T='169' />
<Point X='0' Y='603' T='197' />
<Point X='0' Y='602' T='214' />
<Point X='0' Y='602' T='228' />
<Point X='0' Y='602' T='241' />
<Point X='0' Y='601' T='251' />
<Point X='0' Y='601' T='264' />
<Point X='0' Y='600' T='276' />
<Point X='0' Y='600' T='294' />
<Point X='0' Y='599' T='305' />
<Point X='1' Y='597' T='315' />
<Point X='2' Y='596' T='328' />
<Point X='3' Y='593' T='339' />
<Point X='4' Y='591' T='354' />
<Point X='5' Y='589' T='364' />
<Point X='6' Y='587' T='374' />
<Point X='8' Y='585' T='385' />
<Point X='10' Y='583' T='395' />
<Point X='12' Y='581' T='405' />
<Point X='16' Y='575' T='428' />
<Point X='22' Y='566' T='461' />
<Point X='25' Y='564' T='476' />
<Point X='28' Y='561' T='488' />
<Point X='30' Y='558' T='497' />
<Point X='33' Y='555' T='512' />
<Point X='35' Y='551' T='522' />
<Point X='38' Y='548' T='533' />
<Point X='41' Y='544' T='544' />
<Point X='47' Y='537' T='562' />
<Point X='51' Y='532' T='578' />
<Point X='55' Y='528' T='594' />
<Point X='60' Y='523' T='606' />
<Point X='64' Y='519' T='616' />
<Point X='69' Y='514' T='629' />
<Point X='73' Y='508' T='642' />
<Point X='78' Y='504' T='652' />
<Point X='84' Y='498' T='661' />
<Point X='88' Y='493' T='672' />
<Point X='93' Y='488' T='680' />
<Point X='98' Y='483' T='695' />
<Point X='103' Y='479' T='708' />
<Point X='113' Y='469' T='722' />
<Point X='116' Y='465' T='735' />
<Point X='119' Y='462' T='745' />
<Point X='122' Y='460' T='761' />
<Point X='124' Y='458' T='768' />
<Point X='126' Y='456' T='781' />
<Point X='129' Y='453' T='795' />
<Point X='133' Y='447' T='812' />
<Point X='136' Y='443' T='823' />
<Point X='141' Y='437' T='846' />
<Point X='144' Y='433' T='861' />
<Point X='147' Y='429' T='875' />
<Point X='150' Y='426' T='886' />
<Point X='152' Y='423' T='897' />
<Point X='157' Y='416' T='912' />
<Point X='161' Y='411' T='934' />
<Point X='162' Y='409' T='948' />
<Point X='162' Y='408' T='958' />
<Point X='162' Y='407' T='973' />
<Point X='162' Y='407' T='980' />
<Point X='162' Y='406' T='996' />
<Point X='162' Y='406' T='1003' />
<Point X='162' Y='405' T='1014' />
</Stroke>
<Stroke index = '2' >
<Point X='244' Y='27' T='155' />
<Point X='243' Y='27' T='172' />
<Point X='243' Y='27' T='194' />
<Point X='242' Y='27' T='200' />
<Point X='242' Y='28' T='207' />
<Point X='241' Y='28' T='217' />
<Point X='241' Y='29' T='230' />
<Point X='240' Y='29' T='243' />
<Point X='240' Y='30' T='252' />
<Point X='239' Y='30' T='265' />
<Point X='239' Y='31' T='278' />
<Point X='238' Y='31' T='298' />
<Point X='238' Y='32' T='309' />
<Point X='238' Y='33' T='318' />
<Point X='237' Y='34' T='333' />
<Point X='237' Y='35' T='344' />
<Point X='236' Y='36' T='358' />
<Point X='236' Y='37' T='367' />
<Point X='235' Y='38' T='377' />
<Point X='235' Y='39' T='391' />
<Point X='234' Y='40' T='398' />
<Point X='233' Y='42' T='408' />
<Point X='231' Y='47' T='431' />
<Point X='228' Y='57' T='464' />
<Point X='227' Y='59' T='480' />
<Point X='226' Y='62' T='493' />
<Point X='226' Y='65' T='502' />
<Point X='225' Y='69' T='516' />
<Point X='225' Y='73' T='526' />
<Point X='224' Y='77' T='537' />
<Point X='224' Y='80' T='548' />
<Point X='224' Y='87' T='564' />
<Point X='224' Y='91' T='581' />
<Point X='224' Y='95' T='597' />
<Point X='224' Y='99' T='610' />
<Point X='224' Y='102' T='619' />
<Point X='224' Y='106' T='632' />
<Point X='225' Y='110' T='646' />
<Point X='225' Y='115' T='654' />
<Point X='225' Y='119' T='663' />
<Point X='225' Y='123' T='676' />
<Point X='225' Y='127' T='685' />
<Point X='225' Y='132' T='698' />
<Point X='225' Y='137' T='712' />
<Point X='223' Y='147' T='725' />
<Point X='222' Y='153' T='740' />
<Point X='220' Y='159' T='748' />
<Point X='219' Y='163' T='764' />
<Point X='217' Y='168' T='772' />
<Point X='216' Y='173' T='784' />
<Point X='215' Y='178' T='799' />
<Point X='212' Y='186' T='815' />
<Point X='211' Y='191' T='827' />
<Point X='210' Y='199' T='850' />
<Point X='210' Y='202' T='865' />
<Point X='209' Y='205' T='880' />
<Point X='209' Y='209' T='890' />
<Point X='208' Y='214' T='901' />
<Point X='205' Y='224' T='916' />
<Point X='202' Y='234' T='938' />
<Point X='200' Y='239' T='950' />
<Point X='198' Y='242' T='964' />
<Point X='197' Y='245' T='976' />
<Point X='195' Y='247' T='983' />
<Point X='194' Y='248' T='999' />
<Point X='194' Y='249' T='1006' />
<Point X='193' Y='250' T='1016' />
<Point X='193' Y='250' T='1032' />
<Point X='192' Y='251' T='1041' />
</Stroke>

</Gesture>
