<?xml version='1.0' encoding='utf-8' standalone='yes'?>
<Gesture Name ='3_1_11' Subject = 'test'  Speed = 'MEDIUM' NumPts = '252' InputType='finger' >

<Stroke index = '2' >
<Point X='262' Y='11' T='71' />
<Point X='261' Y='11' T='82' />
<Point X='261' Y='10' T='93' />
<Point X='260' Y='10' T='105' />
<Point X='260' Y='10' T='118' />
<Point X='259' Y='9' T='135' />
<Point X='258' Y='9' T='144' />
<Point X='258' Y='9' T='170' />
<Point X='257' Y='9' T='179' />
<Point X='257' Y='9' T='192' />
<Point X='256' Y='10' T='201' />
<Point X='256' Y='12' T='212' />
<Point X='255' Y='15' T='226' />
<Point X='254' Y='18' T='240' />
<Point X='253' Y='21' T='252' />
<Point X='251' Y='31' T='277' />
<Point X='251' Y='35' T='295' />
<Point X='251' Y='40' T='302' />
<Point X='251' Y='45' T='312' />
<Point X='251' Y='51' T='325' />
<Point X='251' Y='61' T='342' />
<Point X='251' Y='67' T='357' />
<Point X='251' Y='73' T='370' />
<Point X='252' Y='79' T='379' />
<Point X='252' Y='85' T='394' />
<Point X='252' Y='97' T='410' />
<Point X='252' Y='102' T='427' />
<Point X='252' Y='113' T='442' />
<Point X='251' Y='118' T='458' />
<Point X='251' Y='123' T='469' />
<Point X='251' Y='128' T='477' />
<Point X='250' Y='133' T='490' />
<Point X='249' Y='138' T='497' />
<Point X='248' Y='143' T='510' />
<Point X='246' Y='147' T='525' />
<Point X='245' Y='151' T='538' />
<Point X='244' Y='155' T='548' />
<Point X='243' Y='158' T='559' />
<Point X='242' Y='160' T='569' />
<Point X='242' Y='162' T='577' />
<Point X='241' Y='164' T='593' />
<Point X='241' Y='165' T='604' />
<Point X='240' Y='166' T='615' />
<Point X='240' Y='167' T='625' />
<Point X='239' Y='168' T='638' />
<Point X='239' Y='169' T='648' />
<Point X='238' Y='170' T='659' />
<Point X='238' Y='171' T='671' />
<Point X='238' Y='171' T='682' />
<Point X='238' Y='172' T='693' />
</Stroke>
<Stroke index = '4' >
<Point X='591' Y='83' T='42' />
<Point X='591' Y='83' T='79' />
<Point X='591' Y='83' T='132' />
<Point X='591' Y='83' T='142' />
<Point X='591' Y='83' T='153' />
<Point X='590' Y='83' T='165' />
<Point X='590' Y='83' T='176' />
<Point X='589' Y='84' T='189' />
<Point X='587' Y='86' T='199' />
<Point X='585' Y='89' T='209' />
<Point X='582' Y='93' T='224' />
<Point X='579' Y='97' T='238' />
<Point X='576' Y='101' T='249' />
<Point X='570' Y='110' T='273' />
<Point X='565' Y='116' T='288' />
<Point X='561' Y='121' T='300' />
<Point X='556' Y='125' T='311' />
<Point X='552' Y='131' T='322' />
<Point X='544' Y='142' T='340' />
<Point X='540' Y='146' T='355' />
<Point X='536' Y='151' T='365' />
<Point X='532' Y='157' T='375' />
<Point X='529' Y='162' T='391' />
<Point X='522' Y='172' T='407' />
<Point X='517' Y='177' T='424' />
<Point X='512' Y='186' T='440' />
<Point X='510' Y='190' T='454' />
<Point X='508' Y='194' T='466' />
<Point X='506' Y='199' T='475' />
<Point X='504' Y='203' T='488' />
<Point X='501' Y='206' T='496' />
<Point X='498' Y='209' T='507' />
<Point X='496' Y='211' T='522' />
<Point X='494' Y='213' T='534' />
<Point X='492' Y='215' T='545' />
<Point X='491' Y='216' T='555' />
<Point X='490' Y='217' T='566' />
<Point X='489' Y='218' T='574' />
<Point X='489' Y='219' T='590' />
<Point X='488' Y='220' T='601' />
<Point X='488' Y='221' T='612' />
<Point X='487' Y='221' T='623' />
<Point X='487' Y='222' T='634' />
<Point X='486' Y='222' T='646' />
<Point X='486' Y='223' T='656' />
<Point X='485' Y='223' T='668' />
</Stroke>
<Stroke index = '3' >
<Point X='459' Y='2' T='57' />
<Point X='459' Y='2' T='68' />
<Point X='458' Y='2' T='81' />
<Point X='458' Y='1' T='92' />
<Point X='457' Y='1' T='104' />
<Point X='457' Y='1' T='117' />
<Point X='456' Y='0' T='133' />
<Point X='455' Y='0' T='143' />
<Point X='455' Y='0' T='155' />
<Point X='454' Y='0' T='167' />
<Point X='454' Y='0' T='178' />
<Point X='453' Y='1' T='192' />
<Point X='453' Y='3' T='200' />
<Point X='452' Y='6' T='211' />
<Point X='451' Y='10' T='226' />
<Point X='450' Y='14' T='239' />
<Point X='449' Y='17' T='250' />
<Point X='446' Y='25' T='275' />
<Point X='444' Y='30' T='293' />
<Point X='442' Y='35' T='302' />
<Point X='440' Y='39' T='312' />
<Point X='437' Y='44' T='324' />
<Point X='432' Y='55' T='341' />
<Point X='429' Y='59' T='357' />
<Point X='427' Y='64' T='368' />
<Point X='425' Y='70' T='378' />
<Point X='422' Y='76' T='393' />
<Point X='416' Y='85' T='410' />
<Point X='413' Y='90' T='426' />
<Point X='409' Y='99' T='441' />
<Point X='407' Y='103' T='457' />
<Point X='406' Y='107' T='468' />
<Point X='404' Y='112' T='476' />
<Point X='402' Y='116' T='490' />
<Point X='400' Y='121' T='497' />
<Point X='397' Y='124' T='509' />
<Point X='394' Y='127' T='524' />
<Point X='392' Y='130' T='537' />
<Point X='390' Y='132' T='548' />
<Point X='389' Y='134' T='557' />
<Point X='388' Y='135' T='568' />
<Point X='387' Y='136' T='575' />
<Point X='386' Y='137' T='591' />
<Point X='385' Y='138' T='603' />
<Point X='385' Y='139' T='615' />
<Point X='384' Y='140' T='625' />
<Point X='383' Y='141' T='636' />
<Point X='383' Y='141' T='648' />
<Point X='382' Y='142' T='658' />
<Point X='381' Y='142' T='670' />
<Point X='381' Y='143' T='682' />
<Point X='380' Y='143' T='691' />
</Stroke>
<Stroke index = '5' >
<Point X='693' Y='301' T='45' />
<Point X='693' Y='300' T='53' />
<Point X='693' Y='300' T='80' />
<Point X='693' Y='299' T='90' />
<Point X='693' Y='299' T='103' />
<Point X='693' Y='298' T='116' />
<Point X='693' Y='298' T='132' />
<Point X='693' Y='298' T='143' />
<Point X='691' Y='298' T='155' />
<Point X='689' Y='299' T='166' />
<Point X='687' Y='300' T='177' />
<Point X='684' Y='301' T='190' />
<Point X='681' Y='303' T='200' />
<Point X='678' Y='305' T='210' />
<Point X='674' Y='308' T='225' />
<Point X='668' Y='311' T='238' />
<Point X='663' Y='313' T='250' />
<Point X='654' Y='317' T='274' />
<Point X='647' Y='321' T='289' />
<Point X='642' Y='324' T='301' />
<Point X='638' Y='327' T='311' />
<Point X='632' Y='331' T='323' />
<Point X='619' Y='337' T='341' />
<Point X='614' Y='340' T='356' />
<Point X='606' Y='344' T='367' />
<Point X='600' Y='348' T='376' />
<Point X='595' Y='351' T='392' />
<Point X='581' Y='356' T='408' />
<Point X='577' Y='357' T='425' />
<Point X='563' Y='362' T='441' />
<Point X='558' Y='364' T='455' />
<Point X='549' Y='368' T='468' />
<Point X='539' Y='370' T='475' />
<Point X='528' Y='372' T='488' />
<Point X='518' Y='373' T='497' />
<Point X='512' Y='374' T='508' />
<Point X='506' Y='375' T='524' />
<Point X='502' Y='376' T='535' />
<Point X='500' Y='376' T='546' />
<Point X='498' Y='376' T='557' />
<Point X='497' Y='376' T='567' />
<Point X='496' Y='376' T='575' />
<Point X='495' Y='376' T='591' />
<Point X='495' Y='376' T='602' />
<Point X='494' Y='377' T='613' />
<Point X='494' Y='377' T='623' />
<Point X='493' Y='377' T='635' />
<Point X='493' Y='377' T='647' />
<Point X='492' Y='377' T='658' />
<Point X='492' Y='377' T='669' />
<Point X='491' Y='376' T='680' />
<Point X='491' Y='376' T='690' />
</Stroke>
<Stroke index = '1' >
<Point X='1' Y='596' T='0' />
<Point X='1' Y='597' T='52' />
<Point X='1' Y='598' T='67' />
<Point X='1' Y='598' T='78' />
<Point X='0' Y='598' T='87' />
<Point X='0' Y='598' T='102' />
<Point X='0' Y='598' T='130' />
<Point X='1' Y='597' T='141' />
<Point X='3' Y='595' T='152' />
<Point X='5' Y='593' T='163' />
<Point X='7' Y='591' T='175' />
<Point X='9' Y='589' T='189' />
<Point X='11' Y='587' T='197' />
<Point X='14' Y='584' T='208' />
<Point X='17' Y='581' T='223' />
<Point X='21' Y='577' T='236' />
<Point X='25' Y='573' T='247' />
<Point X='33' Y='565' T='272' />
<Point X='38' Y='561' T='287' />
<Point X='43' Y='556' T='298' />
<Point X='48' Y='551' T='310' />
<Point X='52' Y='547' T='322' />
<Point X='61' Y='540' T='339' />
<Point X='66' Y='535' T='354' />
<Point X='71' Y='531' T='364' />
<Point X='74' Y='527' T='373' />
<Point X='78' Y='524' T='390' />
<Point X='89' Y='515' T='406' />
<Point X='93' Y='511' T='423' />
<Point X='102' Y='503' T='439' />
<Point X='107' Y='498' T='453' />
<Point X='112' Y='494' T='466' />
<Point X='116' Y='490' T='473' />
<Point X='120' Y='486' T='486' />
<Point X='125' Y='481' T='494' />
<Point X='130' Y='476' T='506' />
<Point X='135' Y='472' T='521' />
<Point X='138' Y='469' T='533' />
<Point X='140' Y='467' T='544' />
<Point X='142' Y='465' T='554' />
<Point X='143' Y='464' T='564' />
<Point X='144' Y='463' T='573' />
<Point X='144' Y='463' T='589' />
<Point X='145' Y='462' T='600' />
<Point X='145' Y='462' T='611' />
<Point X='146' Y='461' T='621' />
<Point X='146' Y='460' T='633' />
<Point X='147' Y='459' T='643' />
<Point X='148' Y='458' T='655' />
<Point X='149' Y='457' T='667' />
<Point X='149' Y='456' T='677' />
<Point X='149' Y='456' T='688' />
</Stroke>

</Gesture>
