<?xml version='1.0' encoding='utf-8' standalone='yes'?>
<Gesture Name ='3_1_6' Subject = 'test'  Speed = 'MEDIUM' NumPts = '210' InputType='finger' >

<Stroke index = '5' >
<Point X='654' Y='297' T='282' />
<Point X='654' Y='297' T='297' />
<Point X='652' Y='298' T='309' />
<Point X='648' Y='300' T='316' />
<Point X='641' Y='303' T='328' />
<Point X='635' Y='306' T='338' />
<Point X='630' Y='308' T='345' />
<Point X='626' Y='310' T='362' />
<Point X='619' Y='312' T='368' />
</Stroke>
<Stroke index = '2' >
<Point X='270' Y='15' T='110' />
<Point X='269' Y='15' T='121' />
<Point X='269' Y='15' T='126' />
<Point X='268' Y='15' T='143' />
<Point X='268' Y='15' T='152' />
<Point X='267' Y='15' T='162' />
<Point X='267' Y='15' T='174' />
<Point X='266' Y='15' T='185' />
<Point X='265' Y='15' T='197' />
<Point X='264' Y='16' T='208' />
<Point X='263' Y='17' T='220' />
<Point X='262' Y='18' T='231' />
<Point X='261' Y='19' T='243' />
<Point X='259' Y='22' T='263' />
<Point X='258' Y='25' T='269' />
<Point X='256' Y='29' T='280' />
<Point X='255' Y='33' T='296' />
<Point X='254' Y='36' T='307' />
<Point X='253' Y='39' T='315' />
<Point X='253' Y='43' T='327' />
<Point X='252' Y='47' T='337' />
<Point X='252' Y='52' T='344' />
<Point X='252' Y='57' T='362' />
<Point X='252' Y='61' T='368' />
<Point X='252' Y='66' T='378' />
<Point X='252' Y='73' T='396' />
<Point X='251' Y='87' T='412' />
<Point X='251' Y='95' T='431' />
<Point X='250' Y='101' T='442' />
<Point X='249' Y='109' T='449' />
<Point X='248' Y='117' T='463' />
<Point X='248' Y='122' T='471' />
<Point X='247' Y='128' T='482' />
<Point X='247' Y='134' T='497' />
<Point X='247' Y='139' T='508' />
<Point X='247' Y='143' T='515' />
<Point X='247' Y='148' T='530' />
<Point X='247' Y='153' T='541' />
<Point X='248' Y='157' T='550' />
<Point X='248' Y='161' T='566' />
<Point X='249' Y='165' T='577' />
<Point X='249' Y='169' T='583' />
<Point X='250' Y='173' T='600' />
<Point X='250' Y='178' T='610' />
<Point X='250' Y='181' T='616' />
<Point X='250' Y='184' T='633' />
<Point X='250' Y='186' T='642' />
<Point X='249' Y='188' T='648' />
<Point X='248' Y='189' T='668' />
</Stroke>
<Stroke index = '3' >
<Point X='454' Y='2' T='100' />
<Point X='453' Y='1' T='108' />
<Point X='453' Y='1' T='120' />
<Point X='452' Y='0' T='125' />
<Point X='452' Y='0' T='143' />
<Point X='451' Y='0' T='151' />
<Point X='451' Y='0' T='162' />
<Point X='450' Y='0' T='174' />
<Point X='450' Y='0' T='184' />
<Point X='449' Y='0' T='197' />
<Point X='448' Y='0' T='207' />
<Point X='447' Y='1' T='219' />
<Point X='446' Y='3' T='230' />
<Point X='444' Y='6' T='242' />
<Point X='443' Y='9' T='262' />
<Point X='442' Y='12' T='268' />
<Point X='441' Y='15' T='279' />
<Point X='440' Y='17' T='296' />
<Point X='438' Y='19' T='306' />
<Point X='437' Y='23' T='315' />
<Point X='435' Y='27' T='326' />
<Point X='433' Y='32' T='336' />
<Point X='431' Y='35' T='344' />
<Point X='428' Y='39' T='361' />
<Point X='425' Y='43' T='368' />
<Point X='422' Y='49' T='378' />
<Point X='419' Y='54' T='396' />
<Point X='412' Y='66' T='412' />
<Point X='407' Y='74' T='431' />
<Point X='402' Y='80' T='442' />
<Point X='398' Y='85' T='448' />
<Point X='395' Y='91' T='461' />
<Point X='392' Y='96' T='469' />
<Point X='388' Y='101' T='482' />
<Point X='386' Y='104' T='496' />
<Point X='383' Y='108' T='507' />
<Point X='381' Y='111' T='515' />
<Point X='379' Y='115' T='529' />
<Point X='377' Y='119' T='540' />
<Point X='376' Y='122' T='549' />
<Point X='374' Y='125' T='566' />
<Point X='372' Y='129' T='576' />
<Point X='369' Y='133' T='583' />
<Point X='366' Y='137' T='599' />
<Point X='362' Y='142' T='609' />
<Point X='358' Y='146' T='616' />
<Point X='355' Y='148' T='632' />
<Point X='353' Y='150' T='641' />
<Point X='350' Y='152' T='648' />
<Point X='347' Y='154' T='667' />
</Stroke>
<Stroke index = '4' >
<Point X='589' Y='86' T='38' />
<Point X='589' Y='86' T='48' />
<Point X='589' Y='85' T='78' />
<Point X='588' Y='85' T='96' />
<Point X='588' Y='84' T='119' />
<Point X='587' Y='84' T='150' />
<Point X='587' Y='84' T='172' />
<Point X='586' Y='84' T='183' />
<Point X='586' Y='84' T='196' />
<Point X='585' Y='85' T='206' />
<Point X='584' Y='87' T='219' />
<Point X='583' Y='89' T='229' />
<Point X='581' Y='91' T='240' />
<Point X='579' Y='94' T='261' />
<Point X='577' Y='97' T='267' />
<Point X='574' Y='100' T='278' />
<Point X='570' Y='103' T='294' />
<Point X='567' Y='106' T='305' />
<Point X='563' Y='110' T='314' />
<Point X='559' Y='115' T='325' />
<Point X='555' Y='120' T='336' />
<Point X='550' Y='124' T='343' />
<Point X='545' Y='128' T='361' />
<Point X='540' Y='134' T='367' />
<Point X='536' Y='140' T='377' />
<Point X='531' Y='145' T='395' />
<Point X='520' Y='158' T='412' />
<Point X='514' Y='164' T='430' />
<Point X='507' Y='170' T='440' />
<Point X='501' Y='174' T='446' />
<Point X='496' Y='179' T='459' />
<Point X='492' Y='183' T='468' />
<Point X='489' Y='185' T='481' />
<Point X='487' Y='187' T='496' />
<Point X='484' Y='189' T='505' />
<Point X='482' Y='191' T='514' />
<Point X='481' Y='193' T='528' />
<Point X='479' Y='196' T='539' />
<Point X='478' Y='198' T='548' />
<Point X='476' Y='200' T='564' />
<Point X='474' Y='202' T='575' />
<Point X='471' Y='205' T='582' />
<Point X='468' Y='207' T='597' />
<Point X='465' Y='210' T='608' />
<Point X='462' Y='212' T='615' />
<Point X='459' Y='214' T='631' />
<Point X='457' Y='217' T='640' />
<Point X='455' Y='218' T='647' />
<Point X='453' Y='219' T='665' />
</Stroke>
<Stroke index = '1' >
<Point X='0' Y='590' T='0' />
<Point X='2' Y='586' T='47' />
<Point X='3' Y='585' T='58' />
<Point X='4' Y='585' T='76' />
<Point X='5' Y='584' T='95' />
<Point X='5' Y='583' T='106' />
<Point X='5' Y='583' T='118' />
<Point X='5' Y='582' T='142' />
<Point X='5' Y='582' T='149' />
<Point X='5' Y='581' T='160' />
<Point X='6' Y='581' T='171' />
<Point X='7' Y='580' T='182' />
<Point X='8' Y='578' T='194' />
<Point X='10' Y='576' T='205' />
<Point X='12' Y='574' T='217' />
<Point X='14' Y='572' T='228' />
<Point X='16' Y='570' T='238' />
<Point X='19' Y='567' T='260' />
<Point X='22' Y='565' T='266' />
<Point X='26' Y='562' T='277' />
<Point X='30' Y='558' T='293' />
<Point X='36' Y='553' T='303' />
<Point X='40' Y='549' T='313' />
<Point X='46' Y='544' T='324' />
<Point X='52' Y='538' T='334' />
<Point X='58' Y='533' T='343' />
<Point X='63' Y='528' T='361' />
<Point X='68' Y='523' T='367' />
<Point X='75' Y='518' T='377' />
<Point X='81' Y='512' T='395' />
<Point X='95' Y='498' T='411' />
<Point X='102' Y='490' T='428' />
<Point X='108' Y='483' T='439' />
<Point X='116' Y='472' T='446' />
<Point X='122' Y='464' T='457' />
<Point X='128' Y='456' T='467' />
<Point X='134' Y='450' T='479' />
<Point X='139' Y='444' T='495' />
<Point X='144' Y='440' T='504' />
<Point X='150' Y='435' T='512' />
<Point X='157' Y='429' T='528' />
<Point X='163' Y='425' T='538' />
<Point X='168' Y='420' T='546' />
<Point X='173' Y='416' T='563' />
<Point X='178' Y='412' T='574' />
<Point X='182' Y='408' T='581' />
<Point X='187' Y='403' T='596' />
<Point X='192' Y='399' T='607' />
<Point X='197' Y='396' T='614' />
<Point X='200' Y='393' T='630' />
<Point X='202' Y='391' T='639' />
<Point X='203' Y='389' T='646' />
<Point X='204' Y='388' T='665' />
</Stroke>

</Gesture>
