<?xml version='1.0' encoding='utf-8' standalone='yes'?>
<Gesture Name ='4_1_12' Subject = 'test'  Speed = 'MEDIUM' NumPts = '167' InputType='finger' >

<Stroke index = '2' >
<Point X='109' Y='56' T='38' />
<Point X='109' Y='56' T='91' />
<Point X='109' Y='57' T='101' />
<Point X='110' Y='60' T='114' />
<Point X='112' Y='63' T='123' />
<Point X='113' Y='67' T='142' />
<Point X='115' Y='70' T='153' />
<Point X='116' Y='73' T='166' />
<Point X='118' Y='77' T='175' />
<Point X='121' Y='82' T='188' />
<Point X='124' Y='88' T='196' />
<Point X='127' Y='93' T='209' />
<Point X='130' Y='98' T='220' />
<Point X='134' Y='105' T='228' />
<Point X='138' Y='111' T='241' />
<Point X='142' Y='117' T='250' />
<Point X='147' Y='123' T='258' />
<Point X='151' Y='130' T='275' />
<Point X='155' Y='135' T='282' />
<Point X='159' Y='141' T='293' />
<Point X='163' Y='148' T='311' />
<Point X='167' Y='154' T='322' />
<Point X='171' Y='160' T='328' />
<Point X='175' Y='167' T='343' />
<Point X='178' Y='173' T='358' />
<Point X='181' Y='178' T='365' />
<Point X='184' Y='184' T='380' />
<Point X='191' Y='196' T='393' />
<Point X='193' Y='200' T='407' />
<Point X='194' Y='204' T='419' />
<Point X='196' Y='208' T='427' />
<Point X='197' Y='212' T='443' />
</Stroke>
<Stroke index = '4' >
<Point X='453' Y='53' T='41' />
<Point X='453' Y='53' T='78' />
<Point X='453' Y='54' T='92' />
<Point X='453' Y='56' T='102' />
<Point X='452' Y='60' T='115' />
<Point X='452' Y='64' T='124' />
<Point X='452' Y='68' T='142' />
<Point X='451' Y='72' T='153' />
<Point X='451' Y='75' T='166' />
<Point X='451' Y='80' T='176' />
<Point X='450' Y='85' T='189' />
<Point X='449' Y='91' T='197' />
<Point X='449' Y='96' T='209' />
<Point X='448' Y='102' T='221' />
<Point X='448' Y='109' T='230' />
<Point X='448' Y='115' T='241' />
<Point X='448' Y='123' T='250' />
<Point X='448' Y='130' T='259' />
<Point X='448' Y='136' T='275' />
<Point X='448' Y='144' T='283' />
<Point X='447' Y='152' T='293' />
<Point X='447' Y='158' T='311' />
<Point X='446' Y='164' T='322' />
<Point X='445' Y='172' T='329' />
<Point X='444' Y='177' T='345' />
<Point X='443' Y='184' T='358' />
<Point X='442' Y='190' T='367' />
<Point X='441' Y='196' T='381' />
<Point X='437' Y='207' T='394' />
<Point X='435' Y='213' T='408' />
<Point X='432' Y='217' T='420' />
<Point X='430' Y='221' T='428' />
<Point X='428' Y='226' T='444' />
</Stroke>
<Stroke index = '3' >
<Point X='246' Y='0' T='20' />
<Point X='246' Y='0' T='65' />
<Point X='246' Y='1' T='77' />
<Point X='247' Y='2' T='90' />
<Point X='247' Y='4' T='100' />
<Point X='248' Y='7' T='113' />
<Point X='248' Y='10' T='122' />
<Point X='249' Y='13' T='141' />
<Point X='249' Y='17' T='152' />
<Point X='250' Y='22' T='164' />
<Point X='250' Y='27' T='174' />
<Point X='251' Y='32' T='186' />
<Point X='251' Y='37' T='194' />
<Point X='251' Y='43' T='208' />
<Point X='252' Y='50' T='219' />
<Point X='252' Y='56' T='228' />
<Point X='253' Y='63' T='240' />
<Point X='255' Y='69' T='249' />
<Point X='256' Y='76' T='257' />
<Point X='258' Y='82' T='274' />
<Point X='260' Y='89' T='281' />
<Point X='261' Y='95' T='292' />
<Point X='263' Y='103' T='310' />
<Point X='264' Y='109' T='321' />
<Point X='266' Y='117' T='328' />
<Point X='267' Y='123' T='343' />
<Point X='268' Y='130' T='357' />
<Point X='269' Y='136' T='363' />
<Point X='271' Y='143' T='376' />
<Point X='273' Y='155' T='392' />
<Point X='274' Y='160' T='407' />
<Point X='275' Y='164' T='419' />
<Point X='275' Y='168' T='426' />
<Point X='276' Y='172' T='442' />
</Stroke>
<Stroke index = '5' >
<Point X='591' Y='493' T='45' />
<Point X='591' Y='493' T='58' />
<Point X='591' Y='493' T='67' />
<Point X='590' Y='492' T='80' />
<Point X='588' Y='492' T='92' />
<Point X='584' Y='491' T='102' />
<Point X='580' Y='489' T='117' />
<Point X='576' Y='488' T='125' />
<Point X='574' Y='487' T='143' />
<Point X='570' Y='486' T='154' />
<Point X='567' Y='484' T='166' />
<Point X='563' Y='483' T='176' />
<Point X='559' Y='481' T='189' />
<Point X='555' Y='480' T='198' />
<Point X='551' Y='478' T='210' />
<Point X='546' Y='476' T='223' />
<Point X='540' Y='474' T='231' />
<Point X='536' Y='473' T='241' />
<Point X='532' Y='472' T='251' />
<Point X='529' Y='471' T='260' />
<Point X='525' Y='471' T='276' />
<Point X='522' Y='470' T='283' />
<Point X='519' Y='469' T='294' />
<Point X='516' Y='468' T='312' />
<Point X='513' Y='466' T='323' />
<Point X='509' Y='463' T='331' />
<Point X='505' Y='460' T='346' />
<Point X='500' Y='457' T='359' />
<Point X='495' Y='453' T='367' />
<Point X='488' Y='448' T='381' />
<Point X='473' Y='438' T='395' />
<Point X='465' Y='433' T='409' />
<Point X='458' Y='430' T='422' />
<Point X='453' Y='427' T='429' />
</Stroke>
<Stroke index = '1' >
<Point X='0' Y='201' T='0' />
<Point X='0' Y='201' T='33' />
<Point X='0' Y='201' T='76' />
<Point X='2' Y='203' T='89' />
<Point X='4' Y='206' T='99' />
<Point X='6' Y='210' T='112' />
<Point X='8' Y='213' T='121' />
<Point X='10' Y='216' T='140' />
<Point X='13' Y='219' T='151' />
<Point X='15' Y='222' T='163' />
<Point X='18' Y='225' T='173' />
<Point X='22' Y='230' T='186' />
<Point X='26' Y='234' T='192' />
<Point X='30' Y='238' T='206' />
<Point X='35' Y='243' T='218' />
<Point X='41' Y='248' T='226' />
<Point X='47' Y='252' T='240' />
<Point X='52' Y='257' T='248' />
<Point X='58' Y='261' T='256' />
<Point X='64' Y='266' T='273' />
<Point X='70' Y='271' T='280' />
<Point X='76' Y='276' T='291' />
<Point X='83' Y='281' T='309' />
<Point X='89' Y='285' T='319' />
<Point X='95' Y='289' T='326' />
<Point X='102' Y='294' T='341' />
<Point X='108' Y='298' T='356' />
<Point X='114' Y='302' T='362' />
<Point X='120' Y='306' T='376' />
<Point X='131' Y='311' T='392' />
<Point X='135' Y='314' T='405' />
<Point X='141' Y='318' T='417' />
<Point X='146' Y='321' T='425' />
<Point X='150' Y='324' T='441' />
</Stroke>

</Gesture>
