<?xml version='1.0' encoding='utf-8' standalone='yes'?>
<Gesture Name ='4_1_2' Subject = 'test'  Speed = 'MEDIUM' NumPts = '227' InputType='finger' >

<Stroke index = '3' >
<Point X='277' Y='0' T='0' />
<Point X='277' Y='0' T='12' />
<Point X='277' Y='0' T='92' />
<Point X='277' Y='0' T='110' />
<Point X='277' Y='1' T='126' />
<Point X='276' Y='2' T='138' />
<Point X='276' Y='4' T='148' />
<Point X='276' Y='6' T='159' />
<Point X='276' Y='8' T='169' />
<Point X='276' Y='11' T='183' />
<Point X='276' Y='14' T='196' />
<Point X='276' Y='18' T='210' />
<Point X='276' Y='28' T='237' />
<Point X='276' Y='33' T='253' />
<Point X='276' Y='37' T='264' />
<Point X='276' Y='47' T='287' />
<Point X='275' Y='52' T='303' />
<Point X='275' Y='57' T='315' />
<Point X='274' Y='72' T='339' />
<Point X='274' Y='83' T='361' />
<Point X='275' Y='89' T='372' />
<Point X='275' Y='96' T='390' />
<Point X='275' Y='102' T='399' />
<Point X='276' Y='108' T='413' />
<Point X='276' Y='115' T='427' />
<Point X='277' Y='121' T='437' />
<Point X='278' Y='126' T='444' />
<Point X='279' Y='133' T='456' />
<Point X='280' Y='139' T='466' />
<Point X='281' Y='145' T='475' />
<Point X='282' Y='151' T='487' />
<Point X='283' Y='158' T='498' />
<Point X='285' Y='164' T='512' />
<Point X='286' Y='169' T='522' />
<Point X='289' Y='179' T='546' />
<Point X='290' Y='183' T='556' />
<Point X='291' Y='187' T='569' />
<Point X='293' Y='192' T='594' />
<Point X='294' Y='194' T='609' />
<Point X='295' Y='197' T='621' />
<Point X='295' Y='199' T='629' />
<Point X='296' Y='201' T='641' />
<Point X='296' Y='203' T='651' />
<Point X='296' Y='204' T='663' />
<Point X='296' Y='205' T='672' />
</Stroke>
<Stroke index = '4' >
<Point X='468' Y='63' T='5' />
<Point X='468' Y='63' T='14' />
<Point X='468' Y='64' T='74' />
<Point X='469' Y='65' T='94' />
<Point X='469' Y='66' T='112' />
<Point X='470' Y='70' T='129' />
<Point X='470' Y='72' T='140' />
<Point X='470' Y='74' T='150' />
<Point X='470' Y='77' T='160' />
<Point X='470' Y='80' T='170' />
<Point X='470' Y='83' T='185' />
<Point X='470' Y='85' T='197' />
<Point X='470' Y='88' T='211' />
<Point X='470' Y='99' T='239' />
<Point X='470' Y='103' T='255' />
<Point X='469' Y='107' T='267' />
<Point X='466' Y='116' T='288' />
<Point X='465' Y='120' T='305' />
<Point X='463' Y='125' T='317' />
<Point X='459' Y='138' T='342' />
<Point X='456' Y='147' T='362' />
<Point X='455' Y='151' T='375' />
<Point X='453' Y='157' T='391' />
<Point X='452' Y='162' T='400' />
<Point X='451' Y='167' T='415' />
<Point X='449' Y='172' T='428' />
<Point X='448' Y='177' T='438' />
<Point X='447' Y='183' T='446' />
<Point X='445' Y='188' T='457' />
<Point X='444' Y='193' T='467' />
<Point X='442' Y='199' T='477' />
<Point X='440' Y='205' T='487' />
<Point X='438' Y='211' T='499' />
<Point X='437' Y='218' T='515' />
<Point X='435' Y='223' T='529' />
<Point X='433' Y='233' T='546' />
<Point X='432' Y='237' T='558' />
<Point X='431' Y='241' T='570' />
<Point X='429' Y='248' T='596' />
<Point X='428' Y='251' T='610' />
<Point X='427' Y='253' T='622' />
<Point X='426' Y='256' T='631' />
<Point X='425' Y='258' T='643' />
<Point X='424' Y='260' T='652' />
<Point X='423' Y='262' T='664' />
<Point X='422' Y='264' T='673' />
</Stroke>
<Stroke index = '5' >
<Point X='617' Y='534' T='22' />
<Point X='617' Y='534' T='27' />
<Point X='616' Y='534' T='56' />
<Point X='615' Y='533' T='76' />
<Point X='614' Y='532' T='97' />
<Point X='612' Y='531' T='114' />
<Point X='607' Y='529' T='131' />
<Point X='605' Y='528' T='144' />
<Point X='603' Y='527' T='152' />
<Point X='601' Y='525' T='162' />
<Point X='599' Y='524' T='172' />
<Point X='597' Y='522' T='187' />
<Point X='595' Y='521' T='199' />
<Point X='592' Y='519' T='214' />
<Point X='581' Y='513' T='243' />
<Point X='577' Y='510' T='259' />
<Point X='572' Y='507' T='269' />
<Point X='562' Y='502' T='293' />
<Point X='557' Y='499' T='308' />
<Point X='552' Y='497' T='320' />
<Point X='540' Y='490' T='346' />
<Point X='532' Y='487' T='364' />
<Point X='528' Y='485' T='379' />
<Point X='524' Y='483' T='395' />
<Point X='521' Y='480' T='403' />
<Point X='516' Y='478' T='418' />
<Point X='512' Y='476' T='429' />
<Point X='507' Y='474' T='441' />
<Point X='504' Y='472' T='447' />
<Point X='500' Y='470' T='459' />
<Point X='494' Y='468' T='467' />
<Point X='488' Y='466' T='478' />
<Point X='483' Y='463' T='488' />
<Point X='477' Y='460' T='500' />
<Point X='469' Y='457' T='518' />
<Point X='462' Y='454' T='532' />
<Point X='451' Y='448' T='547' />
<Point X='447' Y='446' T='562' />
<Point X='443' Y='443' T='573' />
<Point X='437' Y='438' T='598' />
<Point X='434' Y='435' T='613' />
<Point X='431' Y='433' T='623' />
<Point X='429' Y='432' T='633' />
<Point X='427' Y='430' T='645' />
<Point X='425' Y='429' T='655' />
<Point X='424' Y='428' T='665' />
<Point X='423' Y='427' T='673' />
</Stroke>
<Stroke index = '1' >
<Point X='0' Y='189' T='30' />
<Point X='0' Y='189' T='83' />
<Point X='0' Y='190' T='99' />
<Point X='0' Y='191' T='117' />
<Point X='0' Y='193' T='132' />
<Point X='1' Y='194' T='145' />
<Point X='1' Y='195' T='153' />
<Point X='2' Y='197' T='164' />
<Point X='3' Y='198' T='175' />
<Point X='4' Y='200' T='189' />
<Point X='5' Y='202' T='200' />
<Point X='7' Y='204' T='215' />
<Point X='13' Y='209' T='244' />
<Point X='16' Y='212' T='261' />
<Point X='20' Y='214' T='270' />
<Point X='28' Y='220' T='295' />
<Point X='32' Y='223' T='310' />
<Point X='36' Y='226' T='321' />
<Point X='49' Y='234' T='348' />
<Point X='57' Y='239' T='365' />
<Point X='63' Y='242' T='381' />
<Point X='68' Y='244' T='396' />
<Point X='73' Y='247' T='404' />
<Point X='79' Y='250' T='420' />
<Point X='85' Y='252' T='430' />
<Point X='91' Y='255' T='441' />
<Point X='96' Y='257' T='448' />
<Point X='101' Y='260' T='459' />
<Point X='107' Y='264' T='467' />
<Point X='113' Y='267' T='478' />
<Point X='120' Y='271' T='490' />
<Point X='128' Y='276' T='501' />
<Point X='135' Y='279' T='519' />
<Point X='141' Y='283' T='533' />
<Point X='153' Y='291' T='548' />
<Point X='157' Y='294' T='563' />
<Point X='162' Y='296' T='575' />
<Point X='171' Y='300' T='599' />
<Point X='175' Y='302' T='614' />
<Point X='178' Y='304' T='624' />
<Point X='180' Y='306' T='633' />
<Point X='181' Y='307' T='646' />
<Point X='182' Y='308' T='656' />
<Point X='183' Y='309' T='665' />
<Point X='184' Y='309' T='675' />
</Stroke>
<Stroke index = '2' >
<Point X='119' Y='50' T='17' />
<Point X='119' Y='50' T='96' />
<Point X='119' Y='51' T='114' />
<Point X='119' Y='52' T='130' />
<Point X='120' Y='54' T='143' />
<Point X='120' Y='55' T='151' />
<Point X='121' Y='57' T='162' />
<Point X='123' Y='59' T='171' />
<Point X='124' Y='61' T='186' />
<Point X='126' Y='63' T='198' />
<Point X='128' Y='65' T='213' />
<Point X='134' Y='76' T='241' />
<Point X='137' Y='80' T='257' />
<Point X='139' Y='84' T='267' />
<Point X='145' Y='93' T='291' />
<Point X='149' Y='98' T='305' />
<Point X='151' Y='102' T='318' />
<Point X='157' Y='115' T='344' />
<Point X='161' Y='123' T='363' />
<Point X='164' Y='127' T='377' />
<Point X='166' Y='131' T='393' />
<Point X='169' Y='136' T='401' />
<Point X='172' Y='141' T='417' />
<Point X='174' Y='146' T='428' />
<Point X='177' Y='150' T='441' />
<Point X='179' Y='155' T='446' />
<Point X='182' Y='160' T='458' />
<Point X='184' Y='165' T='467' />
<Point X='188' Y='172' T='477' />
<Point X='192' Y='179' T='488' />
<Point X='195' Y='186' T='500' />
<Point X='199' Y='192' T='516' />
<Point X='202' Y='199' T='531' />
<Point X='207' Y='209' T='547' />
<Point X='208' Y='213' T='560' />
<Point X='210' Y='217' T='572' />
<Point X='212' Y='223' T='597' />
<Point X='213' Y='226' T='612' />
<Point X='214' Y='228' T='623' />
<Point X='215' Y='230' T='632' />
<Point X='216' Y='231' T='644' />
<Point X='217' Y='232' T='654' />
<Point X='218' Y='233' T='664' />
<Point X='219' Y='234' T='673' />
</Stroke>

</Gesture>
