<?xml version='1.0' encoding='utf-8' standalone='yes'?>
<Gesture Name ='4_1_8' Subject = 'test'  Speed = 'MEDIUM' NumPts = '160' InputType='finger' >

<Stroke index = '5' >
<Point X='615' Y='511' T='0' />
<Point X='614' Y='511' T='35' />
<Point X='614' Y='510' T='59' />
<Point X='613' Y='510' T='66' />
<Point X='610' Y='509' T='85' />
<Point X='605' Y='507' T='110' />
<Point X='603' Y='506' T='119' />
<Point X='600' Y='505' T='131' />
<Point X='595' Y='503' T='156' />
<Point X='592' Y='501' T='170' />
<Point X='590' Y='500' T='181' />
<Point X='585' Y='497' T='195' />
<Point X='582' Y='496' T='211' />
<Point X='579' Y='494' T='221' />
<Point X='574' Y='492' T='229' />
<Point X='569' Y='491' T='242' />
<Point X='565' Y='489' T='250' />
<Point X='560' Y='487' T='266' />
<Point X='555' Y='485' T='276' />
<Point X='551' Y='483' T='293' />
<Point X='546' Y='481' T='296' />
<Point X='542' Y='480' T='310' />
<Point X='537' Y='478' T='321' />
<Point X='532' Y='476' T='337' />
<Point X='527' Y='474' T='343' />
<Point X='522' Y='471' T='357' />
<Point X='515' Y='468' T='367' />
<Point X='508' Y='464' T='377' />
<Point X='501' Y='461' T='395' />
<Point X='492' Y='457' T='404' />
<Point X='485' Y='454' T='411' />
<Point X='478' Y='451' T='424' />
<Point X='469' Y='448' T='439' />
</Stroke>
<Stroke index = '2' >
<Point X='118' Y='54' T='12' />
<Point X='118' Y='54' T='36' />
<Point X='118' Y='54' T='59' />
<Point X='119' Y='54' T='87' />
<Point X='121' Y='58' T='110' />
<Point X='122' Y='60' T='121' />
<Point X='124' Y='63' T='131' />
<Point X='128' Y='69' T='158' />
<Point X='130' Y='72' T='171' />
<Point X='133' Y='76' T='181' />
<Point X='139' Y='85' T='196' />
<Point X='142' Y='89' T='212' />
<Point X='145' Y='93' T='221' />
<Point X='148' Y='98' T='230' />
<Point X='153' Y='104' T='243' />
<Point X='157' Y='110' T='252' />
<Point X='161' Y='116' T='267' />
<Point X='165' Y='124' T='276' />
<Point X='169' Y='129' T='293' />
<Point X='173' Y='136' T='297' />
<Point X='177' Y='143' T='311' />
<Point X='181' Y='151' T='322' />
<Point X='185' Y='157' T='337' />
<Point X='189' Y='167' T='343' />
<Point X='193' Y='174' T='357' />
<Point X='198' Y='184' T='367' />
<Point X='203' Y='194' T='377' />
<Point X='207' Y='203' T='395' />
<Point X='211' Y='211' T='404' />
<Point X='215' Y='219' T='412' />
<Point X='219' Y='227' T='426' />
<Point X='224' Y='236' T='439' />
</Stroke>
<Stroke index = '4' >
<Point X='445' Y='51' T='-10' />
<Point X='446' Y='51' T='57' />
<Point X='446' Y='52' T='64' />
<Point X='447' Y='53' T='84' />
<Point X='449' Y='59' T='109' />
<Point X='450' Y='62' T='118' />
<Point X='451' Y='66' T='129' />
<Point X='451' Y='72' T='156' />
<Point X='452' Y='75' T='169' />
<Point X='452' Y='78' T='179' />
<Point X='452' Y='87' T='194' />
<Point X='452' Y='91' T='210' />
<Point X='453' Y='96' T='221' />
<Point X='453' Y='102' T='228' />
<Point X='453' Y='108' T='241' />
<Point X='453' Y='114' T='250' />
<Point X='453' Y='121' T='265' />
<Point X='452' Y='128' T='274' />
<Point X='452' Y='134' T='291' />
<Point X='452' Y='141' T='296' />
<Point X='451' Y='148' T='309' />
<Point X='451' Y='155' T='320' />
<Point X='450' Y='163' T='335' />
<Point X='448' Y='171' T='342' />
<Point X='447' Y='180' T='356' />
<Point X='445' Y='190' T='366' />
<Point X='444' Y='198' T='376' />
<Point X='442' Y='207' T='393' />
<Point X='441' Y='215' T='403' />
<Point X='440' Y='223' T='410' />
<Point X='438' Y='231' T='422' />
<Point X='437' Y='237' T='437' />
</Stroke>
<Stroke index = '1' >
<Point X='0' Y='204' T='23' />
<Point X='0' Y='204' T='59' />
<Point X='0' Y='204' T='68' />
<Point X='3' Y='207' T='89' />
<Point X='7' Y='212' T='112' />
<Point X='10' Y='215' T='123' />
<Point X='13' Y='217' T='132' />
<Point X='18' Y='222' T='160' />
<Point X='21' Y='225' T='174' />
<Point X='25' Y='228' T='181' />
<Point X='32' Y='234' T='197' />
<Point X='35' Y='237' T='213' />
<Point X='38' Y='240' T='222' />
<Point X='41' Y='242' T='232' />
<Point X='44' Y='245' T='244' />
<Point X='49' Y='248' T='254' />
<Point X='54' Y='253' T='269' />
<Point X='59' Y='257' T='277' />
<Point X='65' Y='261' T='294' />
<Point X='71' Y='265' T='298' />
<Point X='76' Y='269' T='313' />
<Point X='81' Y='273' T='326' />
<Point X='87' Y='277' T='339' />
<Point X='95' Y='282' T='345' />
<Point X='102' Y='288' T='358' />
<Point X='112' Y='294' T='368' />
<Point X='121' Y='300' T='379' />
<Point X='131' Y='306' T='395' />
<Point X='139' Y='311' T='405' />
<Point X='148' Y='317' T='413' />
<Point X='156' Y='322' T='428' />
<Point X='164' Y='328' T='442' />
</Stroke>
<Stroke index = '3' >
<Point X='257' Y='0' T='15' />
<Point X='257' Y='1' T='67' />
<Point X='258' Y='5' T='88' />
<Point X='259' Y='9' T='112' />
<Point X='259' Y='11' T='121' />
<Point X='260' Y='14' T='131' />
<Point X='260' Y='21' T='159' />
<Point X='261' Y='25' T='172' />
<Point X='261' Y='29' T='181' />
<Point X='262' Y='37' T='197' />
<Point X='263' Y='42' T='213' />
<Point X='263' Y='47' T='221' />
<Point X='264' Y='52' T='231' />
<Point X='265' Y='58' T='244' />
<Point X='267' Y='65' T='253' />
<Point X='268' Y='71' T='268' />
<Point X='269' Y='78' T='276' />
<Point X='271' Y='85' T='294' />
<Point X='272' Y='91' T='297' />
<Point X='274' Y='98' T='312' />
<Point X='277' Y='106' T='324' />
<Point X='279' Y='113' T='337' />
<Point X='281' Y='121' T='345' />
<Point X='283' Y='131' T='358' />
<Point X='285' Y='139' T='367' />
<Point X='286' Y='149' T='378' />
<Point X='288' Y='157' T='395' />
<Point X='290' Y='166' T='405' />
<Point X='292' Y='172' T='412' />
<Point X='293' Y='179' T='426' />
<Point X='295' Y='186' T='441' />
</Stroke>

</Gesture>
