<?xml version='1.0' encoding='utf-8' standalone='yes'?>
<Gesture Name ='4_1_19' Subject = 'test'  Speed = 'MEDIUM' NumPts = '151' InputType='finger' >

<Stroke index = '5' >
<Point X='598' Y='504' T='0' />
<Point X='598' Y='504' T='9' />
<Point X='598' Y='504' T='19' />
<Point X='597' Y='503' T='28' />
<Point X='597' Y='503' T='47' />
<Point X='596' Y='502' T='57' />
<Point X='595' Y='501' T='70' />
<Point X='590' Y='499' T='91' />
<Point X='586' Y='497' T='101' />
<Point X='582' Y='495' T='109' />
<Point X='569' Y='489' T='145' />
<Point X='565' Y='488' T='158' />
<Point X='561' Y='487' T='171' />
<Point X='558' Y='486' T='178' />
<Point X='554' Y='485' T='193' />
<Point X='551' Y='485' T='207' />
<Point X='547' Y='484' T='220' />
<Point X='543' Y='483' T='228' />
<Point X='539' Y='482' T='242' />
<Point X='534' Y='480' T='253' />
<Point X='529' Y='479' T='264' />
<Point X='525' Y='477' T='276' />
<Point X='515' Y='474' T='296' />
<Point X='510' Y='473' T='309' />
<Point X='506' Y='472' T='323' />
<Point X='500' Y='470' T='333' />
<Point X='494' Y='468' T='345' />
<Point X='483' Y='465' T='360' />
<Point X='476' Y='463' T='375' />
<Point X='469' Y='461' T='386' />
<Point X='462' Y='459' T='394' />
<Point X='455' Y='457' T='406' />
</Stroke>
<Stroke index = '1' >
<Point X='0' Y='202' T='4' />
<Point X='0' Y='202' T='10' />
<Point X='0' Y='202' T='21' />
<Point X='0' Y='202' T='28' />
<Point X='0' Y='202' T='59' />
<Point X='0' Y='204' T='72' />
<Point X='3' Y='208' T='92' />
<Point X='5' Y='211' T='102' />
<Point X='8' Y='215' T='110' />
<Point X='20' Y='229' T='146' />
<Point X='24' Y='234' T='160' />
<Point X='30' Y='240' T='172' />
<Point X='36' Y='246' T='180' />
<Point X='42' Y='252' T='193' />
<Point X='50' Y='259' T='209' />
<Point X='56' Y='265' T='222' />
<Point X='63' Y='271' T='230' />
<Point X='72' Y='278' T='244' />
<Point X='80' Y='286' T='254' />
<Point X='88' Y='292' T='266' />
<Point X='98' Y='300' T='276' />
<Point X='113' Y='314' T='297' />
<Point X='120' Y='320' T='311' />
<Point X='127' Y='326' T='325' />
<Point X='135' Y='333' T='334' />
<Point X='141' Y='338' T='347' />
<Point X='155' Y='350' T='362' />
<Point X='161' Y='355' T='376' />
<Point X='167' Y='362' T='388' />
<Point X='177' Y='370' T='394' />
<Point X='183' Y='376' T='406' />
<Point X='191' Y='385' T='420' />
</Stroke>
<Stroke index = '4' >
<Point X='448' Y='62' T='25' />
<Point X='448' Y='62' T='49' />
<Point X='448' Y='62' T='59' />
<Point X='448' Y='62' T='73' />
<Point X='449' Y='66' T='92' />
<Point X='449' Y='70' T='103' />
<Point X='449' Y='74' T='111' />
<Point X='447' Y='90' T='146' />
<Point X='446' Y='96' T='161' />
<Point X='446' Y='103' T='173' />
<Point X='446' Y='109' T='181' />
<Point X='447' Y='118' T='195' />
<Point X='447' Y='125' T='210' />
<Point X='448' Y='134' T='222' />
<Point X='449' Y='143' T='230' />
<Point X='449' Y='152' T='244' />
<Point X='449' Y='162' T='255' />
<Point X='448' Y='170' T='266' />
<Point X='447' Y='180' T='277' />
<Point X='446' Y='198' T='298' />
<Point X='446' Y='207' T='311' />
<Point X='446' Y='216' T='326' />
<Point X='446' Y='225' T='336' />
<Point X='445' Y='233' T='348' />
<Point X='444' Y='249' T='363' />
<Point X='443' Y='256' T='378' />
<Point X='442' Y='264' T='389' />
<Point X='441' Y='271' T='396' />
<Point X='440' Y='279' T='408' />
<Point X='438' Y='288' T='421' />
</Stroke>
<Stroke index = '2' >
<Point X='110' Y='52' T='37' />
<Point X='110' Y='52' T='51' />
<Point X='110' Y='52' T='60' />
<Point X='110' Y='55' T='93' />
<Point X='111' Y='59' T='103' />
<Point X='113' Y='62' T='112' />
<Point X='119' Y='78' T='147' />
<Point X='122' Y='84' T='162' />
<Point X='126' Y='92' T='174' />
<Point X='130' Y='100' T='182' />
<Point X='135' Y='108' T='196' />
<Point X='141' Y='117' T='210' />
<Point X='146' Y='125' T='224' />
<Point X='152' Y='134' T='232' />
<Point X='158' Y='144' T='247' />
<Point X='164' Y='154' T='255' />
<Point X='169' Y='165' T='267' />
<Point X='174' Y='174' T='278' />
<Point X='184' Y='194' T='299' />
<Point X='188' Y='204' T='312' />
<Point X='192' Y='212' T='327' />
<Point X='196' Y='220' T='336' />
<Point X='200' Y='229' T='348' />
<Point X='209' Y='245' T='364' />
<Point X='212' Y='252' T='378' />
<Point X='215' Y='260' T='390' />
<Point X='219' Y='268' T='396' />
<Point X='223' Y='276' T='409' />
<Point X='228' Y='288' T='422' />
</Stroke>
<Stroke index = '3' >
<Point X='248' Y='0' T='62' />
<Point X='248' Y='0' T='74' />
<Point X='248' Y='3' T='94' />
<Point X='248' Y='6' T='104' />
<Point X='248' Y='11' T='112' />
<Point X='247' Y='28' T='148' />
<Point X='247' Y='36' T='163' />
<Point X='247' Y='43' T='175' />
<Point X='248' Y='51' T='182' />
<Point X='249' Y='60' T='197' />
<Point X='251' Y='68' T='212' />
<Point X='254' Y='78' T='225' />
<Point X='256' Y='87' T='232' />
<Point X='259' Y='97' T='248' />
<Point X='263' Y='106' T='256' />
<Point X='266' Y='116' T='267' />
<Point X='269' Y='126' T='278' />
<Point X='273' Y='146' T='300' />
<Point X='276' Y='156' T='313' />
<Point X='278' Y='165' T='328' />
<Point X='280' Y='173' T='337' />
<Point X='282' Y='183' T='348' />
<Point X='288' Y='199' T='366' />
<Point X='290' Y='207' T='378' />
<Point X='291' Y='215' T='391' />
<Point X='293' Y='223' T='398' />
<Point X='294' Y='231' T='410' />
<Point X='296' Y='239' T='422' />
</Stroke>

</Gesture>
