<?xml version='1.0' encoding='utf-8' standalone='yes'?>
<Gesture Name ='4_1_13' Subject = 'test'  Speed = 'MEDIUM' NumPts = '123' InputType='finger' >

<Stroke index = '3' >
<Point X='258' Y='0' T='0' />
<Point X='258' Y='0' T='15' />
<Point X='258' Y='1' T='42' />
<Point X='258' Y='2' T='53' />
<Point X='258' Y='4' T='65' />
<Point X='259' Y='10' T='92' />
<Point X='260' Y='13' T='101' />
<Point X='262' Y='23' T='116' />
<Point X='262' Y='28' T='128' />
<Point X='263' Y='34' T='143' />
<Point X='264' Y='42' T='157' />
<Point X='264' Y='49' T='168' />
<Point X='265' Y='57' T='176' />
<Point X='267' Y='65' T='190' />
<Point X='268' Y='74' T='200' />
<Point X='270' Y='84' T='210' />
<Point X='273' Y='94' T='223' />
<Point X='275' Y='105' T='233' />
<Point X='278' Y='117' T='242' />
<Point X='281' Y='129' T='258' />
<Point X='283' Y='141' T='263' />
<Point X='285' Y='155' T='276' />
<Point X='287' Y='166' T='292' />
<Point X='289' Y='178' T='300' />
<Point X='291' Y='189' T='309' />
<Point X='292' Y='200' T='326' />
</Stroke>
<Stroke index = '2' >
<Point X='117' Y='48' T='6' />
<Point X='117' Y='48' T='18' />
<Point X='118' Y='48' T='55' />
<Point X='118' Y='49' T='66' />
<Point X='120' Y='53' T='93' />
<Point X='121' Y='55' T='103' />
<Point X='125' Y='65' T='118' />
<Point X='128' Y='70' T='128' />
<Point X='130' Y='75' T='144' />
<Point X='134' Y='83' T='159' />
<Point X='138' Y='91' T='169' />
<Point X='144' Y='99' T='178' />
<Point X='151' Y='110' T='191' />
<Point X='156' Y='118' T='201' />
<Point X='164' Y='130' T='211' />
<Point X='170' Y='138' T='224' />
<Point X='177' Y='152' T='236' />
<Point X='182' Y='162' T='244' />
<Point X='190' Y='177' T='259' />
<Point X='194' Y='189' T='264' />
<Point X='199' Y='201' T='277' />
<Point X='204' Y='216' T='292' />
<Point X='208' Y='226' T='300' />
<Point X='214' Y='240' T='310' />
</Stroke>
<Stroke index = '1' >
<Point X='0' Y='184' T='10' />
<Point X='0' Y='184' T='25' />
<Point X='1' Y='185' T='43' />
<Point X='2' Y='186' T='57' />
<Point X='3' Y='188' T='67' />
<Point X='7' Y='195' T='93' />
<Point X='10' Y='198' T='104' />
<Point X='15' Y='205' T='119' />
<Point X='19' Y='210' T='130' />
<Point X='23' Y='215' T='145' />
<Point X='28' Y='219' T='160' />
<Point X='36' Y='225' T='170' />
<Point X='43' Y='230' T='180' />
<Point X='50' Y='236' T='192' />
<Point X='59' Y='242' T='202' />
<Point X='67' Y='247' T='213' />
<Point X='77' Y='254' T='225' />
<Point X='87' Y='260' T='237' />
<Point X='97' Y='267' T='245' />
<Point X='107' Y='274' T='259' />
<Point X='119' Y='283' T='264' />
<Point X='129' Y='290' T='278' />
<Point X='144' Y='301' T='293' />
<Point X='152' Y='307' T='301' />
<Point X='167' Y='318' T='310' />
</Stroke>
<Stroke index = '4' >
<Point X='450' Y='59' T='21' />
<Point X='450' Y='59' T='45' />
<Point X='451' Y='61' T='58' />
<Point X='453' Y='64' T='68' />
<Point X='454' Y='71' T='93' />
<Point X='454' Y='75' T='104' />
<Point X='454' Y='83' T='120' />
<Point X='452' Y='89' T='131' />
<Point X='451' Y='94' T='146' />
<Point X='449' Y='99' T='160' />
<Point X='447' Y='107' T='171' />
<Point X='446' Y='114' T='180' />
<Point X='444' Y='122' T='193' />
<Point X='444' Y='132' T='202' />
<Point X='443' Y='140' T='214' />
<Point X='442' Y='151' T='225' />
<Point X='441' Y='161' T='238' />
<Point X='440' Y='174' T='246' />
<Point X='438' Y='185' T='260' />
<Point X='435' Y='198' T='265' />
<Point X='432' Y='210' T='278' />
<Point X='429' Y='222' T='293' />
<Point X='425' Y='235' T='301' />
<Point X='422' Y='244' T='311' />
</Stroke>
<Stroke index = '5' >
<Point X='588' Y='505' T='27' />
<Point X='588' Y='505' T='46' />
<Point X='587' Y='505' T='59' />
<Point X='587' Y='504' T='69' />
<Point X='584' Y='503' T='94' />
<Point X='580' Y='501' T='105' />
<Point X='568' Y='495' T='122' />
<Point X='561' Y='490' T='131' />
<Point X='553' Y='484' T='147' />
<Point X='547' Y='479' T='161' />
<Point X='538' Y='474' T='172' />
<Point X='533' Y='471' T='181' />
<Point X='526' Y='467' T='194' />
<Point X='520' Y='463' T='204' />
<Point X='513' Y='459' T='215' />
<Point X='507' Y='455' T='227' />
<Point X='499' Y='451' T='238' />
<Point X='493' Y='448' T='247' />
<Point X='482' Y='441' T='260' />
<Point X='472' Y='436' T='265' />
<Point X='460' Y='429' T='278' />
<Point X='449' Y='423' T='293' />
<Point X='435' Y='415' T='302' />
<Point X='426' Y='410' T='311' />
</Stroke>

</Gesture>
