<?xml version='1.0' encoding='utf-8' standalone='yes'?>
<Gesture Name ='4_1_7' Subject = 'test'  Speed = 'MEDIUM' NumPts = '129' InputType='finger' >

<Stroke index = '3' >
<Point X='281' Y='0' T='5' />
<Point X='281' Y='1' T='101' />
<Point X='281' Y='2' T='112' />
<Point X='281' Y='4' T='128' />
<Point X='281' Y='7' T='137' />
<Point X='281' Y='13' T='158' />
<Point X='281' Y='16' T='167' />
<Point X='280' Y='23' T='203' />
<Point X='280' Y='45' T='295' />
<Point X='280' Y='78' T='308' />
<Point X='280' Y='96' T='332' />
<Point X='281' Y='104' T='345' />
<Point X='283' Y='123' T='366' />
<Point X='287' Y='140' T='388' />
<Point X='289' Y='148' T='407' />
<Point X='291' Y='157' T='417' />
<Point X='293' Y='164' T='429' />
<Point X='296' Y='180' T='444' />
<Point X='297' Y='188' T='455' />
<Point X='300' Y='206' T='484' />
<Point X='301' Y='209' T='502' />
<Point X='302' Y='213' T='512' />
<Point X='302' Y='217' T='524' />
</Stroke>
<Stroke index = '5' >
<Point X='625' Y='534' T='29' />
<Point X='625' Y='534' T='36' />
<Point X='625' Y='534' T='44' />
<Point X='624' Y='533' T='57' />
<Point X='624' Y='533' T='65' />
<Point X='624' Y='532' T='77' />
<Point X='623' Y='532' T='94' />
<Point X='623' Y='531' T='103' />
<Point X='622' Y='531' T='113' />
<Point X='620' Y='530' T='130' />
<Point X='618' Y='529' T='138' />
<Point X='613' Y='527' T='160' />
<Point X='610' Y='526' T='169' />
<Point X='605' Y='524' T='204' />
<Point X='589' Y='517' T='298' />
<Point X='565' Y='501' T='311' />
<Point X='554' Y='495' T='336' />
<Point X='548' Y='492' T='349' />
<Point X='538' Y='486' T='370' />
<Point X='528' Y='482' T='391' />
<Point X='524' Y='480' T='409' />
<Point X='520' Y='478' T='420' />
<Point X='514' Y='475' T='432' />
<Point X='504' Y='470' T='446' />
<Point X='498' Y='467' T='458' />
<Point X='482' Y='461' T='487' />
<Point X='479' Y='459' T='504' />
<Point X='477' Y='458' T='514' />
<Point X='474' Y='457' T='526' />
</Stroke>
<Stroke index = '4' >
<Point X='470' Y='59' T='26' />
<Point X='470' Y='59' T='77' />
<Point X='470' Y='60' T='93' />
<Point X='471' Y='61' T='101' />
<Point X='471' Y='62' T='112' />
<Point X='472' Y='64' T='129' />
<Point X='472' Y='67' T='138' />
<Point X='472' Y='73' T='159' />
<Point X='472' Y='77' T='168' />
<Point X='472' Y='83' T='203' />
<Point X='472' Y='103' T='296' />
<Point X='468' Y='135' T='309' />
<Point X='465' Y='150' T='334' />
<Point X='464' Y='158' T='346' />
<Point X='461' Y='174' T='368' />
<Point X='459' Y='191' T='390' />
<Point X='457' Y='199' T='409' />
<Point X='456' Y='207' T='418' />
<Point X='454' Y='215' T='430' />
<Point X='451' Y='231' T='445' />
<Point X='450' Y='237' T='457' />
<Point X='446' Y='253' T='485' />
<Point X='445' Y='257' T='504' />
<Point X='444' Y='262' T='513' />
<Point X='443' Y='266' T='525' />
</Stroke>
<Stroke index = '1' >
<Point X='0' Y='205' T='39' />
<Point X='0' Y='205' T='58' />
<Point X='0' Y='205' T='79' />
<Point X='1' Y='205' T='95' />
<Point X='1' Y='206' T='103' />
<Point X='2' Y='207' T='115' />
<Point X='3' Y='208' T='131' />
<Point X='5' Y='209' T='140' />
<Point X='9' Y='212' T='160' />
<Point X='11' Y='214' T='170' />
<Point X='15' Y='219' T='204' />
<Point X='31' Y='231' T='299' />
<Point X='57' Y='253' T='312' />
<Point X='73' Y='265' T='338' />
<Point X='81' Y='271' T='350' />
<Point X='98' Y='283' T='372' />
<Point X='115' Y='293' T='392' />
<Point X='122' Y='297' T='411' />
<Point X='131' Y='302' T='422' />
<Point X='139' Y='307' T='432' />
<Point X='155' Y='318' T='448' />
<Point X='161' Y='323' T='459' />
<Point X='179' Y='336' T='487' />
<Point X='182' Y='339' T='505' />
<Point X='184' Y='341' T='516' />
<Point X='186' Y='342' T='526' />
</Stroke>
<Stroke index = '2' >
<Point X='123' Y='57' T='0' />
<Point X='123' Y='57' T='11' />
<Point X='123' Y='57' T='24' />
<Point X='123' Y='57' T='64' />
<Point X='123' Y='57' T='91' />
<Point X='123' Y='58' T='110' />
<Point X='123' Y='58' T='127' />
<Point X='124' Y='59' T='136' />
<Point X='125' Y='64' T='156' />
<Point X='127' Y='67' T='167' />
<Point X='131' Y='75' T='201' />
<Point X='143' Y='94' T='293' />
<Point X='161' Y='126' T='306' />
<Point X='170' Y='143' T='331' />
<Point X='175' Y='151' T='344' />
<Point X='184' Y='167' T='364' />
<Point X='192' Y='182' T='386' />
<Point X='196' Y='188' T='405' />
<Point X='200' Y='196' T='416' />
<Point X='203' Y='203' T='427' />
<Point X='210' Y='217' T='444' />
<Point X='213' Y='223' T='454' />
<Point X='224' Y='241' T='483' />
<Point X='226' Y='246' T='501' />
<Point X='227' Y='249' T='511' />
<Point X='229' Y='253' T='522' />
</Stroke>

</Gesture>
