<?xml version='1.0' encoding='utf-8' standalone='yes'?>
<Gesture Name ='4_1_11' Subject = 'test'  Speed = 'MEDIUM' NumPts = '155' InputType='finger' >

<Stroke index = '1' >
<Point X='0' Y='184' T='21' />
<Point X='0' Y='184' T='86' />
<Point X='0' Y='185' T='94' />
<Point X='0' Y='186' T='107' />
<Point X='1' Y='188' T='117' />
<Point X='2' Y='191' T='135' />
<Point X='4' Y='194' T='144' />
<Point X='5' Y='196' T='152' />
<Point X='7' Y='199' T='170' />
<Point X='10' Y='202' T='175' />
<Point X='14' Y='205' T='185' />
<Point X='18' Y='209' T='201' />
<Point X='28' Y='219' T='219' />
<Point X='34' Y='224' T='232' />
<Point X='39' Y='229' T='245' />
<Point X='45' Y='235' T='253' />
<Point X='52' Y='240' T='268' />
<Point X='59' Y='246' T='281' />
<Point X='67' Y='252' T='291' />
<Point X='74' Y='257' T='302' />
<Point X='81' Y='262' T='319' />
<Point X='95' Y='274' T='333' />
<Point X='101' Y='278' T='347' />
<Point X='107' Y='283' T='355' />
<Point X='115' Y='290' T='368' />
<Point X='121' Y='296' T='381' />
<Point X='129' Y='303' T='389' />
<Point X='138' Y='312' T='403' />
<Point X='146' Y='320' T='417' />
</Stroke>
<Stroke index = '3' >
<Point X='266' Y='0' T='49' />
<Point X='266' Y='0' T='56' />
<Point X='266' Y='1' T='86' />
<Point X='266' Y='3' T='96' />
<Point X='266' Y='5' T='110' />
<Point X='266' Y='7' T='119' />
<Point X='265' Y='10' T='137' />
<Point X='265' Y='13' T='145' />
<Point X='265' Y='17' T='153' />
<Point X='264' Y='22' T='170' />
<Point X='264' Y='27' T='176' />
<Point X='264' Y='32' T='186' />
<Point X='264' Y='39' T='203' />
<Point X='264' Y='54' T='221' />
<Point X='266' Y='62' T='233' />
<Point X='267' Y='69' T='246' />
<Point X='269' Y='78' T='255' />
<Point X='270' Y='86' T='270' />
<Point X='271' Y='94' T='284' />
<Point X='273' Y='102' T='293' />
<Point X='274' Y='110' T='304' />
<Point X='276' Y='117' T='320' />
<Point X='278' Y='133' T='335' />
<Point X='280' Y='140' T='349' />
<Point X='281' Y='148' T='358' />
<Point X='283' Y='156' T='370' />
<Point X='285' Y='165' T='384' />
<Point X='287' Y='173' T='391' />
<Point X='289' Y='181' T='405' />
<Point X='291' Y='189' T='419' />
</Stroke>
<Stroke index = '2' >
<Point X='127' Y='42' T='46' />
<Point X='127' Y='42' T='55' />
<Point X='127' Y='42' T='86' />
<Point X='127' Y='44' T='95' />
<Point X='128' Y='46' T='109' />
<Point X='129' Y='49' T='117' />
<Point X='130' Y='51' T='136' />
<Point X='131' Y='54' T='144' />
<Point X='133' Y='58' T='153' />
<Point X='135' Y='63' T='170' />
<Point X='138' Y='68' T='176' />
<Point X='141' Y='73' T='185' />
<Point X='144' Y='79' T='202' />
<Point X='151' Y='93' T='219' />
<Point X='155' Y='101' T='233' />
<Point X='160' Y='110' T='246' />
<Point X='164' Y='117' T='255' />
<Point X='168' Y='126' T='269' />
<Point X='172' Y='134' T='282' />
<Point X='175' Y='142' T='292' />
<Point X='180' Y='151' T='303' />
<Point X='183' Y='158' T='320' />
<Point X='190' Y='175' T='334' />
<Point X='193' Y='182' T='348' />
<Point X='197' Y='191' T='356' />
<Point X='201' Y='199' T='369' />
<Point X='205' Y='207' T='382' />
<Point X='209' Y='217' T='390' />
<Point X='213' Y='225' T='404' />
<Point X='217' Y='236' T='418' />
</Stroke>
<Stroke index = '4' >
<Point X='460' Y='67' T='5' />
<Point X='460' Y='67' T='18' />
<Point X='460' Y='67' T='28' />
<Point X='460' Y='68' T='69' />
<Point X='460' Y='69' T='84' />
<Point X='460' Y='70' T='93' />
<Point X='460' Y='72' T='107' />
<Point X='459' Y='74' T='116' />
<Point X='459' Y='77' T='133' />
<Point X='459' Y='81' T='142' />
<Point X='458' Y='86' T='151' />
<Point X='457' Y='91' T='170' />
<Point X='457' Y='95' T='175' />
<Point X='456' Y='101' T='184' />
<Point X='456' Y='107' T='200' />
<Point X='454' Y='121' T='218' />
<Point X='453' Y='129' T='230' />
<Point X='452' Y='136' T='244' />
<Point X='451' Y='145' T='252' />
<Point X='449' Y='153' T='267' />
<Point X='448' Y='161' T='280' />
<Point X='446' Y='170' T='289' />
<Point X='444' Y='177' T='302' />
<Point X='442' Y='185' T='317' />
<Point X='439' Y='199' T='331' />
<Point X='438' Y='208' T='346' />
<Point X='437' Y='216' T='354' />
<Point X='436' Y='224' T='367' />
<Point X='435' Y='233' T='380' />
<Point X='434' Y='241' T='388' />
<Point X='433' Y='249' T='402' />
<Point X='431' Y='259' T='416' />
</Stroke>
<Stroke index = '5' >
<Point X='593' Y='510' T='0' />
<Point X='593' Y='510' T='16' />
<Point X='593' Y='509' T='26' />
<Point X='592' Y='509' T='43' />
<Point X='592' Y='508' T='54' />
<Point X='590' Y='507' T='68' />
<Point X='589' Y='506' T='84' />
<Point X='586' Y='504' T='92' />
<Point X='583' Y='502' T='105' />
<Point X='579' Y='500' T='114' />
<Point X='574' Y='498' T='132' />
<Point X='570' Y='497' T='142' />
<Point X='567' Y='495' T='151' />
<Point X='563' Y='493' T='168' />
<Point X='559' Y='492' T='174' />
<Point X='555' Y='490' T='184' />
<Point X='550' Y='488' T='199' />
<Point X='541' Y='483' T='217' />
<Point X='536' Y='480' T='230' />
<Point X='530' Y='478' T='243' />
<Point X='525' Y='475' T='251' />
<Point X='519' Y='473' T='266' />
<Point X='513' Y='471' T='278' />
<Point X='509' Y='469' T='288' />
<Point X='504' Y='467' T='301' />
<Point X='499' Y='465' T='316' />
<Point X='490' Y='461' T='331' />
<Point X='486' Y='459' T='344' />
<Point X='481' Y='457' T='353' />
<Point X='475' Y='454' T='367' />
<Point X='469' Y='452' T='379' />
<Point X='464' Y='450' T='386' />
<Point X='458' Y='448' T='401' />
<Point X='449' Y='445' T='415' />
</Stroke>

</Gesture>
