<?xml version='1.0' encoding='utf-8' standalone='yes'?>
<Gesture Name ='4_1_18' Subject = 'test'  Speed = 'MEDIUM' NumPts = '154' InputType='finger' >

<Stroke index = '4' >
<Point X='461' Y='62' T='0' />
<Point X='461' Y='62' T='5' />
<Point X='461' Y='63' T='27' />
<Point X='461' Y='64' T='41' />
<Point X='461' Y='66' T='56' />
<Point X='461' Y='68' T='65' />
<Point X='461' Y='73' T='82' />
<Point X='461' Y='78' T='94' />
<Point X='461' Y='83' T='103' />
<Point X='460' Y='88' T='114' />
<Point X='459' Y='94' T='124' />
<Point X='458' Y='107' T='146' />
<Point X='457' Y='122' T='163' />
<Point X='457' Y='128' T='180' />
<Point X='457' Y='137' T='192' />
<Point X='458' Y='145' T='199' />
<Point X='459' Y='153' T='210' />
<Point X='459' Y='162' T='221' />
<Point X='459' Y='170' T='230' />
<Point X='459' Y='180' T='245' />
<Point X='458' Y='189' T='256' />
<Point X='457' Y='199' T='268' />
<Point X='456' Y='208' T='285' />
<Point X='456' Y='218' T='298' />
<Point X='455' Y='226' T='306' />
<Point X='455' Y='234' T='321' />
<Point X='454' Y='243' T='331' />
<Point X='452' Y='259' T='350' />
<Point X='450' Y='267' T='366' />
<Point X='447' Y='282' T='381' />
<Point X='445' Y='296' T='404' />
<Point X='445' Y='302' T='414' />
</Stroke>
<Stroke index = '1' >
<Point X='1' Y='183' T='-5' />
<Point X='0' Y='184' T='15' />
<Point X='0' Y='185' T='27' />
<Point X='1' Y='187' T='39' />
<Point X='1' Y='189' T='55' />
<Point X='2' Y='192' T='65' />
<Point X='4' Y='196' T='80' />
<Point X='6' Y='201' T='92' />
<Point X='9' Y='206' T='101' />
<Point X='13' Y='211' T='113' />
<Point X='18' Y='216' T='124' />
<Point X='29' Y='227' T='145' />
<Point X='43' Y='237' T='162' />
<Point X='50' Y='242' T='179' />
<Point X='57' Y='248' T='190' />
<Point X='63' Y='253' T='198' />
<Point X='71' Y='258' T='209' />
<Point X='79' Y='265' T='220' />
<Point X='86' Y='271' T='229' />
<Point X='95' Y='277' T='243' />
<Point X='103' Y='284' T='255' />
<Point X='111' Y='291' T='265' />
<Point X='121' Y='298' T='283' />
<Point X='129' Y='304' T='296' />
<Point X='139' Y='311' T='305' />
<Point X='146' Y='316' T='319' />
<Point X='155' Y='322' T='330' />
<Point X='171' Y='335' T='349' />
<Point X='181' Y='341' T='365' />
<Point X='196' Y='354' T='379' />
<Point X='209' Y='364' T='402' />
<Point X='219' Y='371' T='413' />
</Stroke>
<Stroke index = '2' >
<Point X='125' Y='40' T='9' />
<Point X='125' Y='40' T='43' />
<Point X='125' Y='41' T='57' />
<Point X='126' Y='43' T='66' />
<Point X='127' Y='47' T='82' />
<Point X='129' Y='52' T='94' />
<Point X='131' Y='57' T='104' />
<Point X='133' Y='63' T='115' />
<Point X='135' Y='68' T='125' />
<Point X='142' Y='83' T='147' />
<Point X='150' Y='98' T='163' />
<Point X='154' Y='104' T='181' />
<Point X='158' Y='111' T='193' />
<Point X='163' Y='119' T='200' />
<Point X='167' Y='126' T='211' />
<Point X='172' Y='134' T='222' />
<Point X='177' Y='144' T='231' />
<Point X='182' Y='152' T='245' />
<Point X='189' Y='164' T='258' />
<Point X='192' Y='171' T='269' />
<Point X='199' Y='183' T='286' />
<Point X='204' Y='191' T='298' />
<Point X='210' Y='202' T='307' />
<Point X='213' Y='210' T='321' />
<Point X='218' Y='219' T='331' />
<Point X='227' Y='236' T='351' />
<Point X='232' Y='246' T='367' />
<Point X='237' Y='263' T='382' />
<Point X='245' Y='278' T='405' />
<Point X='250' Y='286' T='416' />
</Stroke>
<Stroke index = '3' >
<Point X='259' Y='0' T='18' />
<Point X='259' Y='0' T='44' />
<Point X='259' Y='1' T='58' />
<Point X='259' Y='4' T='67' />
<Point X='260' Y='8' T='83' />
<Point X='260' Y='13' T='95' />
<Point X='260' Y='19' T='104' />
<Point X='260' Y='24' T='116' />
<Point X='260' Y='30' T='127' />
<Point X='260' Y='44' T='148' />
<Point X='262' Y='60' T='165' />
<Point X='264' Y='67' T='181' />
<Point X='266' Y='75' T='194' />
<Point X='269' Y='83' T='201' />
<Point X='271' Y='91' T='212' />
<Point X='274' Y='100' T='223' />
<Point X='277' Y='110' T='232' />
<Point X='279' Y='120' T='246' />
<Point X='282' Y='130' T='258' />
<Point X='284' Y='141' T='271' />
<Point X='287' Y='151' T='287' />
<Point X='290' Y='161' T='299' />
<Point X='293' Y='171' T='308' />
<Point X='295' Y='179' T='322' />
<Point X='297' Y='189' T='331' />
<Point X='302' Y='206' T='353' />
<Point X='303' Y='214' T='368' />
<Point X='308' Y='231' T='383' />
<Point X='313' Y='245' T='406' />
<Point X='315' Y='251' T='416' />
</Stroke>
<Stroke index = '5' >
<Point X='594' Y='490' T='19' />
<Point X='594' Y='490' T='45' />
<Point X='593' Y='490' T='59' />
<Point X='592' Y='490' T='68' />
<Point X='591' Y='490' T='87' />
<Point X='588' Y='489' T='95' />
<Point X='585' Y='488' T='104' />
<Point X='580' Y='486' T='117' />
<Point X='574' Y='484' T='127' />
<Point X='565' Y='478' T='148' />
<Point X='556' Y='474' T='165' />
<Point X='552' Y='472' T='182' />
<Point X='549' Y='471' T='195' />
<Point X='546' Y='470' T='202' />
<Point X='542' Y='469' T='213' />
<Point X='538' Y='468' T='224' />
<Point X='534' Y='467' T='233' />
<Point X='529' Y='465' T='247' />
<Point X='525' Y='464' T='259' />
<Point X='519' Y='462' T='272' />
<Point X='514' Y='461' T='288' />
<Point X='509' Y='459' T='300' />
<Point X='503' Y='458' T='308' />
<Point X='496' Y='456' T='322' />
<Point X='490' Y='454' T='333' />
<Point X='478' Y='451' T='354' />
<Point X='472' Y='450' T='369' />
<Point X='463' Y='447' T='384' />
<Point X='455' Y='444' T='407' />
<Point X='451' Y='443' T='418' />
</Stroke>

</Gesture>
