<?xml version='1.0' encoding='utf-8' standalone='yes'?>
<Gesture Name ='4_1_5' Subject = 'test'  Speed = 'MEDIUM' NumPts = '210' InputType='finger' >

<Stroke index = '1' >
<Point X='0' Y='169' T='39' />
<Point X='0' Y='169' T='66' />
<Point X='1' Y='169' T='112' />
<Point X='3' Y='172' T='127' />
<Point X='5' Y='174' T='139' />
<Point X='8' Y='176' T='150' />
<Point X='11' Y='179' T='164' />
<Point X='14' Y='182' T='178' />
<Point X='18' Y='185' T='186' />
<Point X='22' Y='189' T='193' />
<Point X='33' Y='196' T='217' />
<Point X='38' Y='200' T='235' />
<Point X='42' Y='204' T='246' />
<Point X='48' Y='208' T='255' />
<Point X='54' Y='212' T='268' />
<Point X='59' Y='216' T='272' />
<Point X='65' Y='221' T='284' />
<Point X='71' Y='226' T='303' />
<Point X='80' Y='231' T='316' />
<Point X='88' Y='236' T='322' />
<Point X='97' Y='243' T='338' />
<Point X='105' Y='250' T='351' />
<Point X='121' Y='263' T='363' />
<Point X='127' Y='269' T='379' />
<Point X='133' Y='274' T='387' />
<Point X='141' Y='279' T='399' />
<Point X='147' Y='284' T='413' />
<Point X='153' Y='289' T='426' />
<Point X='161' Y='294' T='437' />
<Point X='167' Y='299' T='450' />
<Point X='173' Y='304' T='463' />
<Point X='179' Y='310' T='473' />
<Point X='184' Y='314' T='479' />
<Point X='187' Y='316' T='492' />
<Point X='189' Y='318' T='501' />
<Point X='191' Y='320' T='521' />
<Point X='194' Y='322' T='535' />
<Point X='195' Y='323' T='545' />
<Point X='197' Y='324' T='558' />
<Point X='199' Y='325' T='570' />
<Point X='201' Y='325' T='593' />
</Stroke>
<Stroke index = '5' >
<Point X='578' Y='544' T='0' />
<Point X='578' Y='542' T='50' />
<Point X='578' Y='541' T='65' />
<Point X='578' Y='540' T='72' />
<Point X='578' Y='539' T='84' />
<Point X='578' Y='538' T='95' />
<Point X='577' Y='537' T='110' />
<Point X='573' Y='534' T='126' />
<Point X='570' Y='531' T='139' />
<Point X='566' Y='529' T='149' />
<Point X='562' Y='526' T='162' />
<Point X='558' Y='523' T='176' />
<Point X='554' Y='520' T='186' />
<Point X='551' Y='517' T='193' />
<Point X='544' Y='512' T='216' />
<Point X='541' Y='510' T='234' />
<Point X='537' Y='508' T='245' />
<Point X='534' Y='507' T='253' />
<Point X='531' Y='505' T='267' />
<Point X='526' Y='502' T='272' />
<Point X='521' Y='499' T='283' />
<Point X='516' Y='496' T='301' />
<Point X='511' Y='492' T='314' />
<Point X='504' Y='487' T='321' />
<Point X='498' Y='482' T='337' />
<Point X='493' Y='478' T='350' />
<Point X='483' Y='472' T='362' />
<Point X='478' Y='471' T='378' />
<Point X='475' Y='469' T='386' />
<Point X='471' Y='468' T='397' />
<Point X='468' Y='466' T='412' />
<Point X='465' Y='464' T='424' />
<Point X='461' Y='461' T='435' />
<Point X='457' Y='459' T='449' />
<Point X='454' Y='456' T='462' />
<Point X='452' Y='454' T='471' />
<Point X='449' Y='452' T='478' />
<Point X='447' Y='450' T='492' />
<Point X='445' Y='448' T='500' />
<Point X='444' Y='447' T='519' />
<Point X='441' Y='444' T='535' />
<Point X='440' Y='442' T='543' />
<Point X='439' Y='441' T='557' />
<Point X='438' Y='439' T='568' />
<Point X='436' Y='436' T='592' />
</Stroke>
<Stroke index = '4' >
<Point X='465' Y='77' T='42' />
<Point X='465' Y='77' T='67' />
<Point X='465' Y='77' T='86' />
<Point X='465' Y='78' T='97' />
<Point X='466' Y='80' T='113' />
<Point X='466' Y='84' T='128' />
<Point X='466' Y='86' T='141' />
<Point X='466' Y='88' T='151' />
<Point X='465' Y='90' T='166' />
<Point X='464' Y='94' T='178' />
<Point X='463' Y='98' T='187' />
<Point X='462' Y='102' T='195' />
<Point X='461' Y='111' T='217' />
<Point X='461' Y='116' T='236' />
<Point X='461' Y='122' T='247' />
<Point X='460' Y='126' T='255' />
<Point X='460' Y='132' T='269' />
<Point X='459' Y='138' T='273' />
<Point X='458' Y='144' T='286' />
<Point X='457' Y='151' T='304' />
<Point X='455' Y='159' T='317' />
<Point X='453' Y='167' T='324' />
<Point X='451' Y='175' T='338' />
<Point X='450' Y='184' T='352' />
<Point X='448' Y='199' T='365' />
<Point X='448' Y='207' T='381' />
<Point X='449' Y='213' T='387' />
<Point X='449' Y='221' T='401' />
<Point X='449' Y='229' T='415' />
<Point X='448' Y='235' T='426' />
<Point X='447' Y='243' T='437' />
<Point X='446' Y='249' T='451' />
<Point X='444' Y='254' T='464' />
<Point X='443' Y='259' T='474' />
<Point X='442' Y='263' T='480' />
<Point X='441' Y='265' T='493' />
<Point X='440' Y='267' T='501' />
<Point X='440' Y='269' T='522' />
<Point X='439' Y='271' T='536' />
<Point X='439' Y='272' T='546' />
<Point X='438' Y='273' T='559' />
<Point X='438' Y='274' T='570' />
<Point X='437' Y='276' T='594' />
</Stroke>
<Stroke index = '3' >
<Point X='277' Y='0' T='53' />
<Point X='277' Y='0' T='88' />
<Point X='277' Y='1' T='115' />
<Point X='277' Y='3' T='129' />
<Point X='278' Y='5' T='142' />
<Point X='278' Y='8' T='152' />
<Point X='278' Y='12' T='166' />
<Point X='278' Y='15' T='180' />
<Point X='278' Y='19' T='188' />
<Point X='278' Y='23' T='195' />
<Point X='278' Y='33' T='218' />
<Point X='279' Y='38' T='237' />
<Point X='279' Y='42' T='248' />
<Point X='280' Y='48' T='257' />
<Point X='281' Y='54' T='269' />
<Point X='282' Y='59' T='273' />
<Point X='282' Y='67' T='286' />
<Point X='283' Y='74' T='305' />
<Point X='284' Y='83' T='318' />
<Point X='285' Y='94' T='324' />
<Point X='286' Y='102' T='339' />
<Point X='287' Y='113' T='352' />
<Point X='290' Y='129' T='368' />
<Point X='292' Y='137' T='382' />
<Point X='294' Y='144' T='389' />
<Point X='297' Y='152' T='402' />
<Point X='299' Y='159' T='416' />
<Point X='301' Y='166' T='427' />
<Point X='303' Y='173' T='439' />
<Point X='305' Y='180' T='452' />
<Point X='306' Y='186' T='465' />
<Point X='307' Y='191' T='475' />
<Point X='308' Y='194' T='480' />
<Point X='309' Y='197' T='495' />
<Point X='310' Y='200' T='502' />
<Point X='310' Y='202' T='522' />
<Point X='311' Y='205' T='536' />
<Point X='312' Y='206' T='547' />
<Point X='312' Y='207' T='560' />
<Point X='312' Y='207' T='571' />
<Point X='312' Y='208' T='595' />
</Stroke>
<Stroke index = '2' >
<Point X='135' Y='46' T='69' />
<Point X='135' Y='46' T='116' />
<Point X='136' Y='48' T='130' />
<Point X='136' Y='50' T='143' />
<Point X='137' Y='52' T='152' />
<Point X='138' Y='55' T='168' />
<Point X='139' Y='59' T='182' />
<Point X='140' Y='62' T='189' />
<Point X='142' Y='66' T='197' />
<Point X='148' Y='76' T='218' />
<Point X='151' Y='81' T='238' />
<Point X='155' Y='87' T='250' />
<Point X='159' Y='93' T='258' />
<Point X='163' Y='100' T='270' />
<Point X='167' Y='106' T='274' />
<Point X='171' Y='114' T='287' />
<Point X='175' Y='121' T='306' />
<Point X='179' Y='129' T='318' />
<Point X='184' Y='139' T='325' />
<Point X='188' Y='147' T='340' />
<Point X='193' Y='157' T='353' />
<Point X='200' Y='173' T='369' />
<Point X='204' Y='181' T='383' />
<Point X='207' Y='187' T='389' />
<Point X='210' Y='193' T='403' />
<Point X='214' Y='200' T='417' />
<Point X='217' Y='207' T='428' />
<Point X='220' Y='213' T='440' />
<Point X='223' Y='221' T='453' />
<Point X='226' Y='227' T='467' />
<Point X='228' Y='233' T='475' />
<Point X='230' Y='237' T='482' />
<Point X='232' Y='241' T='495' />
<Point X='233' Y='243' T='502' />
<Point X='234' Y='245' T='523' />
<Point X='235' Y='247' T='537' />
<Point X='235' Y='248' T='548' />
<Point X='236' Y='248' T='561' />
<Point X='236' Y='249' T='572' />
<Point X='236' Y='250' T='596' />
</Stroke>

</Gesture>
