<?xml version='1.0' encoding='utf-8' standalone='yes'?>
<Gesture Name ='4_1_15' Subject = 'test'  Speed = 'MEDIUM' NumPts = '117' InputType='finger' >

<Stroke index = '3' >
<Point X='253' Y='0' T='26' />
<Point X='253' Y='0' T='36' />
<Point X='253' Y='3' T='68' />
<Point X='253' Y='7' T='78' />
<Point X='252' Y='10' T='91' />
<Point X='252' Y='20' T='118' />
<Point X='252' Y='26' T='124' />
<Point X='252' Y='38' T='149' />
<Point X='253' Y='44' T='162' />
<Point X='253' Y='52' T='168' />
<Point X='254' Y='59' T='184' />
<Point X='255' Y='67' T='197' />
<Point X='257' Y='76' T='204' />
<Point X='259' Y='86' T='218' />
<Point X='265' Y='108' T='231' />
<Point X='268' Y='121' T='248' />
<Point X='271' Y='133' T='256' />
<Point X='274' Y='146' T='269' />
<Point X='276' Y='158' T='288' />
<Point X='284' Y='181' T='312' />
<Point X='292' Y='204' T='330' />
<Point X='296' Y='218' T='345' />
<Point X='298' Y='229' T='354' />
</Stroke>
<Stroke index = '2' >
<Point X='119' Y='51' T='15' />
<Point X='119' Y='51' T='35' />
<Point X='119' Y='52' T='68' />
<Point X='120' Y='54' T='77' />
<Point X='122' Y='57' T='89' />
<Point X='126' Y='68' T='116' />
<Point X='128' Y='73' T='124' />
<Point X='135' Y='86' T='149' />
<Point X='138' Y='92' T='161' />
<Point X='142' Y='98' T='167' />
<Point X='146' Y='106' T='183' />
<Point X='150' Y='113' T='196' />
<Point X='155' Y='121' T='202' />
<Point X='160' Y='131' T='217' />
<Point X='170' Y='153' T='231' />
<Point X='176' Y='165' T='248' />
<Point X='183' Y='177' T='256' />
<Point X='189' Y='189' T='269' />
<Point X='194' Y='199' T='286' />
<Point X='207' Y='221' T='312' />
<Point X='219' Y='241' T='329' />
<Point X='227' Y='257' T='344' />
<Point X='231' Y='264' T='353' />
</Stroke>
<Stroke index = '1' >
<Point X='0' Y='194' T='-10' />
<Point X='0' Y='194' T='32' />
<Point X='2' Y='198' T='64' />
<Point X='3' Y='201' T='74' />
<Point X='6' Y='204' T='86' />
<Point X='14' Y='213' T='113' />
<Point X='19' Y='217' T='121' />
<Point X='28' Y='225' T='147' />
<Point X='34' Y='230' T='157' />
<Point X='39' Y='235' T='164' />
<Point X='44' Y='239' T='179' />
<Point X='50' Y='243' T='192' />
<Point X='57' Y='247' T='200' />
<Point X='65' Y='253' T='214' />
<Point X='85' Y='266' T='230' />
<Point X='98' Y='275' T='241' />
<Point X='106' Y='282' T='252' />
<Point X='121' Y='293' T='266' />
<Point X='129' Y='299' T='284' />
<Point X='149' Y='314' T='307' />
<Point X='169' Y='330' T='326' />
<Point X='184' Y='340' T='341' />
</Stroke>
<Stroke index = '5' >
<Point X='566' Y='509' T='4' />
<Point X='565' Y='508' T='11' />
<Point X='564' Y='508' T='23' />
<Point X='564' Y='507' T='35' />
<Point X='559' Y='501' T='66' />
<Point X='555' Y='499' T='76' />
<Point X='551' Y='496' T='89' />
<Point X='542' Y='492' T='116' />
<Point X='537' Y='489' T='123' />
<Point X='529' Y='484' T='148' />
<Point X='525' Y='481' T='160' />
<Point X='520' Y='478' T='166' />
<Point X='516' Y='475' T='181' />
<Point X='511' Y='472' T='195' />
<Point X='506' Y='469' T='201' />
<Point X='501' Y='466' T='216' />
<Point X='490' Y='461' T='231' />
<Point X='486' Y='459' T='246' />
<Point X='481' Y='457' T='255' />
<Point X='475' Y='455' T='267' />
<Point X='470' Y='453' T='285' />
<Point X='460' Y='449' T='310' />
<Point X='448' Y='444' T='328' />
<Point X='442' Y='441' T='342' />
<Point X='436' Y='439' T='352' />
</Stroke>
<Stroke index = '4' >
<Point X='451' Y='62' T='0' />
<Point X='451' Y='62' T='10' />
<Point X='451' Y='63' T='22' />
<Point X='451' Y='63' T='34' />
<Point X='451' Y='70' T='65' />
<Point X='451' Y='73' T='76' />
<Point X='450' Y='77' T='88' />
<Point X='448' Y='87' T='114' />
<Point X='447' Y='92' T='123' />
<Point X='445' Y='103' T='147' />
<Point X='444' Y='109' T='158' />
<Point X='443' Y='115' T='166' />
<Point X='442' Y='123' T='179' />
<Point X='441' Y='131' T='193' />
<Point X='441' Y='140' T='201' />
<Point X='440' Y='151' T='215' />
<Point X='439' Y='173' T='230' />
<Point X='437' Y='184' T='244' />
<Point X='436' Y='196' T='254' />
<Point X='435' Y='207' T='266' />
<Point X='434' Y='218' T='285' />
<Point X='432' Y='241' T='308' />
<Point X='429' Y='263' T='328' />
<Point X='428' Y='278' T='341' />
</Stroke>

</Gesture>
