<?xml version='1.0' encoding='utf-8' standalone='yes'?>
<Gesture Name ='4_1_17' Subject = 'test'  Speed = 'MEDIUM' NumPts = '140' InputType='finger' >

<Stroke index = '5' >
<Point X='597' Y='481' T='28' />
<Point X='595' Y='480' T='53' />
<Point X='594' Y='480' T='64' />
<Point X='591' Y='480' T='80' />
<Point X='587' Y='479' T='90' />
<Point X='583' Y='478' T='102' />
<Point X='579' Y='477' T='110' />
<Point X='570' Y='475' T='133' />
<Point X='566' Y='475' T='152' />
<Point X='562' Y='474' T='159' />
<Point X='558' Y='474' T='172' />
<Point X='553' Y='472' T='191' />
<Point X='542' Y='469' T='202' />
<Point X='536' Y='466' T='219' />
<Point X='529' Y='463' T='232' />
<Point X='524' Y='460' T='241' />
<Point X='518' Y='458' T='255' />
<Point X='512' Y='457' T='268' />
<Point X='507' Y='456' T='278' />
<Point X='502' Y='455' T='287' />
<Point X='498' Y='455' T='301' />
<Point X='492' Y='454' T='305' />
<Point X='487' Y='453' T='317' />
<Point X='482' Y='451' T='327' />
<Point X='476' Y='450' T='338' />
<Point X='462' Y='445' T='363' />
<Point X='455' Y='443' T='379' />
</Stroke>
<Stroke index = '3' >
<Point X='249' Y='0' T='30' />
<Point X='249' Y='1' T='54' />
<Point X='249' Y='3' T='66' />
<Point X='249' Y='6' T='81' />
<Point X='249' Y='9' T='92' />
<Point X='249' Y='14' T='103' />
<Point X='249' Y='20' T='110' />
<Point X='250' Y='31' T='134' />
<Point X='250' Y='36' T='153' />
<Point X='251' Y='43' T='160' />
<Point X='252' Y='49' T='174' />
<Point X='253' Y='55' T='191' />
<Point X='257' Y='70' T='203' />
<Point X='259' Y='78' T='219' />
<Point X='261' Y='88' T='233' />
<Point X='263' Y='98' T='242' />
<Point X='266' Y='108' T='255' />
<Point X='268' Y='118' T='268' />
<Point X='271' Y='130' T='279' />
<Point X='274' Y='139' T='288' />
<Point X='278' Y='152' T='302' />
<Point X='281' Y='161' T='305' />
<Point X='285' Y='172' T='317' />
<Point X='288' Y='181' T='327' />
<Point X='291' Y='192' T='338' />
<Point X='297' Y='209' T='364' />
<Point X='300' Y='217' T='380' />
</Stroke>
<Stroke index = '1' >
<Point X='1' Y='194' T='0' />
<Point X='0' Y='194' T='14' />
<Point X='0' Y='194' T='24' />
<Point X='1' Y='197' T='51' />
<Point X='2' Y='200' T='60' />
<Point X='3' Y='203' T='77' />
<Point X='4' Y='208' T='87' />
<Point X='6' Y='212' T='99' />
<Point X='9' Y='217' T='108' />
<Point X='16' Y='227' T='131' />
<Point X='20' Y='232' T='150' />
<Point X='25' Y='237' T='156' />
<Point X='30' Y='242' T='168' />
<Point X='35' Y='246' T='187' />
<Point X='46' Y='255' T='199' />
<Point X='54' Y='260' T='216' />
<Point X='60' Y='265' T='228' />
<Point X='71' Y='273' T='237' />
<Point X='80' Y='279' T='251' />
<Point X='92' Y='286' T='264' />
<Point X='98' Y='292' T='272' />
<Point X='110' Y='300' T='284' />
<Point X='118' Y='306' T='299' />
<Point X='131' Y='315' T='304' />
<Point X='139' Y='321' T='315' />
<Point X='152' Y='330' T='326' />
<Point X='159' Y='337' T='334' />
<Point X='180' Y='353' T='359' />
<Point X='191' Y='362' T='377' />
</Stroke>
<Stroke index = '4' >
<Point X='448' Y='52' T='8' />
<Point X='448' Y='52' T='16' />
<Point X='448' Y='52' T='25' />
<Point X='448' Y='53' T='53' />
<Point X='448' Y='55' T='61' />
<Point X='448' Y='59' T='78' />
<Point X='447' Y='64' T='89' />
<Point X='447' Y='69' T='100' />
<Point X='447' Y='73' T='108' />
<Point X='446' Y='85' T='132' />
<Point X='446' Y='90' T='151' />
<Point X='446' Y='95' T='157' />
<Point X='446' Y='102' T='170' />
<Point X='445' Y='108' T='188' />
<Point X='444' Y='122' T='200' />
<Point X='444' Y='130' T='217' />
<Point X='443' Y='138' T='229' />
<Point X='442' Y='148' T='238' />
<Point X='442' Y='157' T='252' />
<Point X='441' Y='168' T='265' />
<Point X='441' Y='178' T='276' />
<Point X='441' Y='190' T='285' />
<Point X='441' Y='200' T='300' />
<Point X='441' Y='212' T='304' />
<Point X='441' Y='222' T='316' />
<Point X='440' Y='233' T='326' />
<Point X='440' Y='243' T='336' />
<Point X='439' Y='262' T='361' />
<Point X='439' Y='273' T='378' />
</Stroke>
<Stroke index = '2' >
<Point X='120' Y='53' T='20' />
<Point X='120' Y='53' T='26' />
<Point X='120' Y='53' T='53' />
<Point X='120' Y='54' T='63' />
<Point X='120' Y='55' T='79' />
<Point X='121' Y='59' T='89' />
<Point X='122' Y='64' T='100' />
<Point X='123' Y='69' T='109' />
<Point X='128' Y='79' T='132' />
<Point X='131' Y='86' T='152' />
<Point X='134' Y='91' T='158' />
<Point X='138' Y='97' T='171' />
<Point X='141' Y='104' T='189' />
<Point X='148' Y='117' T='200' />
<Point X='154' Y='126' T='217' />
<Point X='158' Y='134' T='231' />
<Point X='164' Y='145' T='239' />
<Point X='168' Y='153' T='253' />
<Point X='175' Y='166' T='266' />
<Point X='180' Y='174' T='277' />
<Point X='186' Y='187' T='287' />
<Point X='190' Y='196' T='301' />
<Point X='196' Y='206' T='305' />
<Point X='202' Y='217' T='316' />
<Point X='206' Y='225' T='327' />
<Point X='211' Y='235' T='336' />
<Point X='222' Y='250' T='362' />
<Point X='227' Y='258' T='379' />
</Stroke>

</Gesture>
