<?xml version='1.0' encoding='utf-8' standalone='yes'?>
<Gesture Name ='4_1_16' Subject = 'test'  Speed = 'MEDIUM' NumPts = '118' InputType='finger' >

<Stroke index = '2' >
<Point X='123' Y='50' T='60' />
<Point X='123' Y='50' T='86' />
<Point X='123' Y='51' T='97' />
<Point X='126' Y='56' T='110' />
<Point X='127' Y='58' T='124' />
<Point X='128' Y='62' T='142' />
<Point X='133' Y='73' T='162' />
<Point X='135' Y='78' T='174' />
<Point X='139' Y='93' T='194' />
<Point X='142' Y='99' T='214' />
<Point X='151' Y='117' T='228' />
<Point X='155' Y='124' T='242' />
<Point X='161' Y='135' T='256' />
<Point X='166' Y='143' T='262' />
<Point X='175' Y='156' T='276' />
<Point X='180' Y='165' T='290' />
<Point X='187' Y='178' T='300' />
<Point X='193' Y='187' T='308' />
<Point X='199' Y='200' T='325' />
<Point X='204' Y='209' T='331' />
<Point X='210' Y='223' T='350' />
<Point X='222' Y='247' T='362' />
</Stroke>
<Stroke index = '3' >
<Point X='260' Y='0' T='47' />
<Point X='260' Y='0' T='58' />
<Point X='260' Y='0' T='85' />
<Point X='261' Y='1' T='96' />
<Point X='262' Y='8' T='110' />
<Point X='263' Y='12' T='124' />
<Point X='263' Y='16' T='141' />
<Point X='264' Y='27' T='161' />
<Point X='263' Y='34' T='172' />
<Point X='262' Y='49' T='193' />
<Point X='262' Y='56' T='214' />
<Point X='262' Y='73' T='227' />
<Point X='263' Y='83' T='241' />
<Point X='264' Y='93' T='254' />
<Point X='267' Y='104' T='262' />
<Point X='271' Y='116' T='275' />
<Point X='274' Y='126' T='289' />
<Point X='279' Y='139' T='300' />
<Point X='282' Y='149' T='307' />
<Point X='286' Y='161' T='324' />
<Point X='289' Y='172' T='331' />
<Point X='293' Y='185' T='350' />
<Point X='300' Y='210' T='362' />
</Stroke>
<Stroke index = '1' >
<Point X='0' Y='188' T='45' />
<Point X='0' Y='188' T='56' />
<Point X='0' Y='188' T='84' />
<Point X='1' Y='189' T='94' />
<Point X='5' Y='195' T='109' />
<Point X='7' Y='199' T='123' />
<Point X='10' Y='203' T='140' />
<Point X='15' Y='211' T='160' />
<Point X='19' Y='216' T='170' />
<Point X='27' Y='225' T='192' />
<Point X='33' Y='230' T='212' />
<Point X='47' Y='242' T='227' />
<Point X='55' Y='248' T='239' />
<Point X='65' Y='255' T='253' />
<Point X='73' Y='261' T='262' />
<Point X='83' Y='269' T='274' />
<Point X='92' Y='276' T='287' />
<Point X='102' Y='285' T='299' />
<Point X='110' Y='292' T='306' />
<Point X='118' Y='300' T='323' />
<Point X='128' Y='308' T='329' />
<Point X='136' Y='317' T='349' />
<Point X='158' Y='337' T='361' />
</Stroke>
<Stroke index = '4' >
<Point X='454' Y='58' T='20' />
<Point X='454' Y='58' T='42' />
<Point X='455' Y='59' T='55' />
<Point X='456' Y='60' T='76' />
<Point X='457' Y='61' T='84' />
<Point X='458' Y='63' T='92' />
<Point X='461' Y='71' T='109' />
<Point X='461' Y='76' T='120' />
<Point X='461' Y='80' T='139' />
<Point X='459' Y='91' T='160' />
<Point X='457' Y='97' T='169' />
<Point X='455' Y='111' T='192' />
<Point X='454' Y='119' T='212' />
<Point X='454' Y='135' T='227' />
<Point X='454' Y='145' T='237' />
<Point X='455' Y='155' T='252' />
<Point X='456' Y='166' T='261' />
<Point X='457' Y='176' T='273' />
<Point X='458' Y='187' T='287' />
<Point X='458' Y='198' T='298' />
<Point X='458' Y='208' T='305' />
<Point X='458' Y='220' T='321' />
<Point X='458' Y='231' T='329' />
<Point X='457' Y='244' T='348' />
<Point X='452' Y='270' T='360' />
</Stroke>
<Stroke index = '5' >
<Point X='592' Y='496' T='0' />
<Point X='592' Y='494' T='42' />
<Point X='592' Y='494' T='54' />
<Point X='591' Y='493' T='75' />
<Point X='591' Y='493' T='82' />
<Point X='590' Y='492' T='92' />
<Point X='586' Y='491' T='108' />
<Point X='582' Y='489' T='119' />
<Point X='578' Y='488' T='138' />
<Point X='568' Y='484' T='158' />
<Point X='562' Y='482' T='168' />
<Point X='554' Y='481' T='191' />
<Point X='551' Y='480' T='210' />
<Point X='544' Y='480' T='225' />
<Point X='540' Y='480' T='236' />
<Point X='537' Y='480' T='251' />
<Point X='533' Y='480' T='260' />
<Point X='528' Y='480' T='271' />
<Point X='524' Y='480' T='284' />
<Point X='520' Y='480' T='296' />
<Point X='517' Y='480' T='304' />
<Point X='512' Y='479' T='320' />
<Point X='506' Y='479' T='328' />
<Point X='500' Y='478' T='347' />
<Point X='477' Y='474' T='359' />
</Stroke>

</Gesture>
