<?xml version='1.0' encoding='utf-8' standalone='yes'?>
<Gesture Name ='4_1_6' Subject = 'test'  Speed = 'MEDIUM' NumPts = '235' InputType='finger' >

<Stroke index = '5' >
<Point X='589' Y='544' T='0' />
<Point X='589' Y='543' T='21' />
<Point X='589' Y='543' T='33' />
<Point X='589' Y='542' T='46' />
<Point X='589' Y='542' T='54' />
<Point X='589' Y='541' T='65' />
<Point X='589' Y='540' T='76' />
<Point X='588' Y='539' T='88' />
<Point X='586' Y='538' T='105' />
<Point X='583' Y='536' T='114' />
<Point X='578' Y='533' T='123' />
<Point X='565' Y='524' T='156' />
<Point X='561' Y='521' T='170' />
<Point X='558' Y='520' T='181' />
<Point X='555' Y='518' T='193' />
<Point X='553' Y='517' T='209' />
<Point X='547' Y='515' T='222' />
<Point X='544' Y='514' T='238' />
<Point X='540' Y='512' T='247' />
<Point X='537' Y='511' T='257' />
<Point X='532' Y='509' T='271' />
<Point X='527' Y='507' T='283' />
<Point X='523' Y='505' T='294' />
<Point X='519' Y='503' T='305' />
<Point X='515' Y='501' T='314' />
<Point X='512' Y='500' T='328' />
<Point X='507' Y='498' T='337' />
<Point X='503' Y='497' T='348' />
<Point X='499' Y='495' T='362' />
<Point X='495' Y='494' T='371' />
<Point X='491' Y='492' T='389' />
<Point X='486' Y='491' T='394' />
<Point X='482' Y='490' T='404' />
<Point X='479' Y='489' T='423' />
<Point X='476' Y='488' T='431' />
<Point X='473' Y='487' T='440' />
<Point X='472' Y='487' T='452' />
<Point X='469' Y='485' T='470' />
<Point X='467' Y='484' T='490' />
<Point X='466' Y='483' T='501' />
<Point X='464' Y='482' T='510' />
<Point X='463' Y='481' T='519' />
<Point X='461' Y='479' T='532' />
<Point X='460' Y='478' T='542' />
<Point X='459' Y='477' T='559' />
<Point X='458' Y='476' T='569' />
<Point X='457' Y='475' T='577' />
<Point X='456' Y='475' T='586' />
<Point X='454' Y='474' T='607' />
<Point X='453' Y='473' T='624' />
</Stroke>
<Stroke index = '1' >
<Point X='0' Y='197' T='9' />
<Point X='0' Y='197' T='22' />
<Point X='0' Y='197' T='34' />
<Point X='0' Y='197' T='47' />
<Point X='0' Y='197' T='56' />
<Point X='0' Y='198' T='66' />
<Point X='0' Y='199' T='78' />
<Point X='2' Y='201' T='88' />
<Point X='5' Y='205' T='106' />
<Point X='9' Y='209' T='114' />
<Point X='13' Y='213' T='125' />
<Point X='25' Y='226' T='157' />
<Point X='29' Y='231' T='170' />
<Point X='33' Y='235' T='183' />
<Point X='38' Y='239' T='194' />
<Point X='42' Y='243' T='210' />
<Point X='53' Y='253' T='223' />
<Point X='59' Y='258' T='238' />
<Point X='65' Y='263' T='249' />
<Point X='73' Y='269' T='258' />
<Point X='80' Y='276' T='273' />
<Point X='87' Y='281' T='283' />
<Point X='94' Y='288' T='294' />
<Point X='101' Y='295' T='305' />
<Point X='107' Y='300' T='314' />
<Point X='113' Y='305' T='328' />
<Point X='119' Y='311' T='338' />
<Point X='126' Y='317' T='349' />
<Point X='132' Y='322' T='362' />
<Point X='139' Y='327' T='372' />
<Point X='145' Y='332' T='390' />
<Point X='151' Y='336' T='394' />
<Point X='156' Y='339' T='405' />
<Point X='161' Y='343' T='424' />
<Point X='164' Y='345' T='433' />
<Point X='167' Y='346' T='441' />
<Point X='169' Y='348' T='455' />
<Point X='173' Y='350' T='472' />
<Point X='174' Y='351' T='492' />
<Point X='176' Y='352' T='502' />
<Point X='178' Y='354' T='510' />
<Point X='181' Y='356' T='521' />
<Point X='184' Y='358' T='533' />
<Point X='187' Y='360' T='542' />
<Point X='189' Y='361' T='560' />
<Point X='190' Y='362' T='571' />
<Point X='191' Y='363' T='578' />
<Point X='192' Y='364' T='587' />
<Point X='193' Y='365' T='608' />
</Stroke>
<Stroke index = '2' >
<Point X='125' Y='53' T='43' />
<Point X='125' Y='53' T='48' />
<Point X='125' Y='53' T='57' />
<Point X='125' Y='53' T='68' />
<Point X='125' Y='53' T='80' />
<Point X='126' Y='55' T='90' />
<Point X='127' Y='59' T='109' />
<Point X='129' Y='62' T='119' />
<Point X='132' Y='67' T='129' />
<Point X='141' Y='83' T='161' />
<Point X='144' Y='89' T='174' />
<Point X='147' Y='95' T='187' />
<Point X='150' Y='101' T='198' />
<Point X='153' Y='107' T='211' />
<Point X='160' Y='121' T='226' />
<Point X='164' Y='129' T='240' />
<Point X='169' Y='137' T='252' />
<Point X='173' Y='146' T='262' />
<Point X='177' Y='155' T='275' />
<Point X='181' Y='163' T='287' />
<Point X='186' Y='172' T='296' />
<Point X='189' Y='180' T='306' />
<Point X='193' Y='188' T='316' />
<Point X='196' Y='194' T='329' />
<Point X='199' Y='202' T='340' />
<Point X='201' Y='209' T='352' />
<Point X='204' Y='215' T='363' />
<Point X='208' Y='223' T='372' />
<Point X='211' Y='229' T='391' />
<Point X='214' Y='234' T='395' />
<Point X='217' Y='240' T='408' />
<Point X='219' Y='244' T='425' />
<Point X='220' Y='248' T='436' />
<Point X='222' Y='251' T='443' />
<Point X='223' Y='254' T='459' />
<Point X='225' Y='258' T='475' />
<Point X='227' Y='260' T='494' />
<Point X='228' Y='262' T='506' />
<Point X='230' Y='265' T='513' />
<Point X='231' Y='267' T='525' />
<Point X='232' Y='269' T='537' />
<Point X='233' Y='271' T='545' />
<Point X='234' Y='273' T='563' />
<Point X='235' Y='274' T='573' />
<Point X='236' Y='275' T='579' />
<Point X='236' Y='276' T='588' />
<Point X='237' Y='277' T='610' />
</Stroke>
<Stroke index = '3' >
<Point X='283' Y='0' T='39' />
<Point X='283' Y='1' T='79' />
<Point X='283' Y='3' T='90' />
<Point X='283' Y='6' T='108' />
<Point X='283' Y='10' T='117' />
<Point X='283' Y='15' T='128' />
<Point X='282' Y='30' T='159' />
<Point X='281' Y='36' T='173' />
<Point X='281' Y='41' T='185' />
<Point X='280' Y='47' T='196' />
<Point X='280' Y='53' T='211' />
<Point X='280' Y='66' T='226' />
<Point X='280' Y='74' T='240' />
<Point X='280' Y='82' T='252' />
<Point X='280' Y='90' T='260' />
<Point X='281' Y='100' T='274' />
<Point X='282' Y='107' T='286' />
<Point X='283' Y='117' T='295' />
<Point X='283' Y='124' T='306' />
<Point X='284' Y='132' T='316' />
<Point X='285' Y='140' T='329' />
<Point X='286' Y='147' T='340' />
<Point X='287' Y='153' T='352' />
<Point X='288' Y='161' T='363' />
<Point X='290' Y='167' T='372' />
<Point X='292' Y='173' T='390' />
<Point X='294' Y='179' T='395' />
<Point X='296' Y='185' T='406' />
<Point X='297' Y='189' T='425' />
<Point X='298' Y='193' T='435' />
<Point X='299' Y='196' T='443' />
<Point X='300' Y='199' T='458' />
<Point X='301' Y='204' T='473' />
<Point X='302' Y='207' T='493' />
<Point X='302' Y='209' T='505' />
<Point X='303' Y='211' T='512' />
<Point X='303' Y='213' T='523' />
<Point X='303' Y='215' T='536' />
<Point X='303' Y='217' T='545' />
<Point X='304' Y='218' T='562' />
<Point X='304' Y='219' T='573' />
<Point X='304' Y='220' T='579' />
<Point X='304' Y='220' T='587' />
<Point X='304' Y='221' T='609' />
<Point X='304' Y='222' T='629' />
</Stroke>
<Stroke index = '4' >
<Point X='473' Y='69' T='37' />
<Point X='473' Y='70' T='90' />
<Point X='473' Y='72' T='107' />
<Point X='472' Y='76' T='116' />
<Point X='471' Y='81' T='126' />
<Point X='467' Y='94' T='159' />
<Point X='465' Y='99' T='172' />
<Point X='464' Y='105' T='185' />
<Point X='463' Y='110' T='195' />
<Point X='463' Y='114' T='210' />
<Point X='461' Y='127' T='225' />
<Point X='460' Y='133' T='239' />
<Point X='459' Y='140' T='250' />
<Point X='458' Y='148' T='259' />
<Point X='457' Y='156' T='273' />
<Point X='455' Y='164' T='284' />
<Point X='454' Y='172' T='294' />
<Point X='453' Y='178' T='306' />
<Point X='451' Y='186' T='315' />
<Point X='450' Y='194' T='328' />
<Point X='449' Y='200' T='340' />
<Point X='449' Y='207' T='351' />
<Point X='449' Y='214' T='363' />
<Point X='449' Y='221' T='372' />
<Point X='449' Y='227' T='390' />
<Point X='449' Y='233' T='394' />
<Point X='450' Y='239' T='405' />
<Point X='450' Y='244' T='424' />
<Point X='450' Y='249' T='434' />
<Point X='450' Y='253' T='443' />
<Point X='450' Y='256' T='456' />
<Point X='450' Y='261' T='472' />
<Point X='449' Y='263' T='493' />
<Point X='449' Y='266' T='504' />
<Point X='449' Y='268' T='511' />
<Point X='448' Y='271' T='522' />
<Point X='448' Y='273' T='535' />
<Point X='448' Y='275' T='544' />
<Point X='447' Y='277' T='561' />
<Point X='447' Y='278' T='572' />
<Point X='447' Y='279' T='578' />
<Point X='447' Y='279' T='587' />
<Point X='446' Y='280' T='609' />
<Point X='446' Y='281' T='628' />
</Stroke>

</Gesture>
