<?xml version='1.0' encoding='utf-8' standalone='yes'?>
<Gesture Name ='4_1_14' Subject = 'test'  Speed = 'MEDIUM' NumPts = '111' InputType='finger' >

<Stroke index = '3' >
<Point X='242' Y='0' T='51' />
<Point X='243' Y='1' T='82' />
<Point X='244' Y='3' T='94' />
<Point X='245' Y='7' T='102' />
<Point X='246' Y='12' T='121' />
<Point X='247' Y='16' T='129' />
<Point X='248' Y='22' T='139' />
<Point X='248' Y='28' T='155' />
<Point X='248' Y='34' T='168' />
<Point X='249' Y='40' T='175' />
<Point X='249' Y='48' T='187' />
<Point X='251' Y='62' T='204' />
<Point X='252' Y='71' T='217' />
<Point X='253' Y='81' T='227' />
<Point X='254' Y='93' T='245' />
<Point X='255' Y='105' T='252' />
<Point X='256' Y='117' T='266' />
<Point X='258' Y='129' T='280' />
<Point X='260' Y='140' T='286' />
<Point X='262' Y='152' T='301' />
<Point X='263' Y='163' T='313' />
</Stroke>
<Stroke index = '2' >
<Point X='106' Y='48' T='54' />
<Point X='106' Y='48' T='59' />
<Point X='106' Y='48' T='84' />
<Point X='106' Y='50' T='94' />
<Point X='108' Y='54' T='103' />
<Point X='109' Y='57' T='121' />
<Point X='111' Y='62' T='131' />
<Point X='114' Y='68' T='140' />
<Point X='117' Y='75' T='156' />
<Point X='121' Y='81' T='169' />
<Point X='124' Y='88' T='177' />
<Point X='128' Y='96' T='188' />
<Point X='138' Y='112' T='205' />
<Point X='143' Y='120' T='218' />
<Point X='150' Y='133' T='227' />
<Point X='156' Y='143' T='245' />
<Point X='163' Y='157' T='254' />
<Point X='168' Y='167' T='267' />
<Point X='174' Y='182' T='280' />
<Point X='179' Y='192' T='286' />
<Point X='185' Y='204' T='302' />
<Point X='189' Y='216' T='314' />
</Stroke>
<Stroke index = '5' >
<Point X='583' Y='496' T='33' />
<Point X='582' Y='495' T='57' />
<Point X='581' Y='494' T='79' />
<Point X='580' Y='493' T='91' />
<Point X='578' Y='491' T='101' />
<Point X='573' Y='487' T='120' />
<Point X='567' Y='482' T='128' />
<Point X='561' Y='478' T='136' />
<Point X='554' Y='473' T='154' />
<Point X='548' Y='469' T='164' />
<Point X='542' Y='466' T='174' />
<Point X='536' Y='463' T='185' />
<Point X='525' Y='456' T='202' />
<Point X='518' Y='452' T='215' />
<Point X='510' Y='447' T='224' />
<Point X='504' Y='442' T='243' />
<Point X='494' Y='437' T='251' />
<Point X='486' Y='432' T='264' />
<Point X='473' Y='424' T='279' />
<Point X='463' Y='419' T='284' />
<Point X='449' Y='413' T='298' />
<Point X='441' Y='409' T='312' />
</Stroke>
<Stroke index = '1' >
<Point X='0' Y='189' T='37' />
<Point X='0' Y='189' T='48' />
<Point X='0' Y='189' T='58' />
<Point X='1' Y='191' T='81' />
<Point X='2' Y='193' T='92' />
<Point X='4' Y='197' T='102' />
<Point X='7' Y='201' T='120' />
<Point X='10' Y='204' T='128' />
<Point X='15' Y='208' T='138' />
<Point X='21' Y='213' T='155' />
<Point X='27' Y='217' T='166' />
<Point X='33' Y='222' T='174' />
<Point X='38' Y='226' T='186' />
<Point X='51' Y='233' T='204' />
<Point X='58' Y='238' T='217' />
<Point X='67' Y='244' T='226' />
<Point X='77' Y='250' T='244' />
<Point X='89' Y='258' T='252' />
<Point X='99' Y='264' T='265' />
<Point X='111' Y='272' T='279' />
<Point X='120' Y='279' T='284' />
<Point X='132' Y='288' T='300' />
<Point X='140' Y='294' T='313' />
</Stroke>
<Stroke index = '4' >
<Point X='428' Y='49' T='0' />
<Point X='428' Y='51' T='46' />
<Point X='429' Y='52' T='56' />
<Point X='430' Y='55' T='78' />
<Point X='430' Y='58' T='90' />
<Point X='430' Y='61' T='100' />
<Point X='431' Y='66' T='118' />
<Point X='431' Y='71' T='127' />
<Point X='431' Y='76' T='135' />
<Point X='430' Y='81' T='153' />
<Point X='429' Y='87' T='164' />
<Point X='428' Y='94' T='172' />
<Point X='427' Y='100' T='184' />
<Point X='425' Y='115' T='202' />
<Point X='424' Y='123' T='214' />
<Point X='422' Y='133' T='224' />
<Point X='420' Y='142' T='241' />
<Point X='417' Y='154' T='251' />
<Point X='414' Y='164' T='263' />
<Point X='411' Y='177' T='277' />
<Point X='409' Y='188' T='283' />
<Point X='405' Y='200' T='296' />
<Point X='402' Y='211' T='311' />
</Stroke>

</Gesture>
