<?xml version='1.0' encoding='utf-8' standalone='yes'?>
<Gesture Name ='4_1_4' Subject = 'test'  Speed = 'MEDIUM' NumPts = '178' InputType='finger' >

<Stroke index = '2' >
<Point X='136' Y='50' T='33' />
<Point X='136' Y='50' T='62' />
<Point X='137' Y='51' T='71' />
<Point X='138' Y='53' T='83' />
<Point X='141' Y='60' T='105' />
<Point X='144' Y='66' T='115' />
<Point X='146' Y='71' T='135' />
<Point X='149' Y='76' T='145' />
<Point X='153' Y='82' T='158' />
<Point X='157' Y='89' T='169' />
<Point X='167' Y='110' T='200' />
<Point X='171' Y='118' T='215' />
<Point X='175' Y='128' T='222' />
<Point X='184' Y='146' T='241' />
<Point X='189' Y='156' T='257' />
<Point X='193' Y='166' T='272' />
<Point X='203' Y='184' T='300' />
<Point X='212' Y='203' T='317' />
<Point X='219' Y='220' T='337' />
<Point X='222' Y='229' T='352' />
<Point X='226' Y='237' T='361' />
<Point X='229' Y='245' T='370' />
<Point X='232' Y='251' T='382' />
<Point X='234' Y='256' T='394' />
<Point X='236' Y='261' T='403' />
<Point X='237' Y='266' T='416' />
<Point X='238' Y='268' T='428' />
<Point X='240' Y='271' T='438' />
<Point X='241' Y='273' T='451' />
<Point X='242' Y='275' T='462' />
<Point X='243' Y='277' T='469' />
<Point X='244' Y='278' T='480' />
<Point X='245' Y='280' T='504' />
<Point X='247' Y='282' T='517' />
<Point X='248' Y='283' T='530' />
</Stroke>
<Stroke index = '1' >
<Point X='0' Y='186' T='25' />
<Point X='0' Y='186' T='39' />
<Point X='1' Y='187' T='70' />
<Point X='3' Y='189' T='82' />
<Point X='11' Y='196' T='105' />
<Point X='16' Y='201' T='115' />
<Point X='21' Y='205' T='134' />
<Point X='26' Y='210' T='144' />
<Point X='32' Y='215' T='155' />
<Point X='37' Y='219' T='168' />
<Point X='53' Y='234' T='198' />
<Point X='58' Y='240' T='215' />
<Point X='64' Y='246' T='221' />
<Point X='79' Y='259' T='240' />
<Point X='88' Y='267' T='255' />
<Point X='97' Y='275' T='270' />
<Point X='113' Y='290' T='298' />
<Point X='129' Y='304' T='317' />
<Point X='144' Y='317' T='334' />
<Point X='150' Y='322' T='351' />
<Point X='159' Y='329' T='360' />
<Point X='166' Y='335' T='369' />
<Point X='171' Y='339' T='382' />
<Point X='177' Y='345' T='393' />
<Point X='182' Y='349' T='402' />
<Point X='187' Y='353' T='416' />
<Point X='190' Y='355' T='427' />
<Point X='193' Y='357' T='436' />
<Point X='196' Y='360' T='450' />
<Point X='199' Y='361' T='461' />
<Point X='201' Y='363' T='469' />
<Point X='203' Y='364' T='479' />
<Point X='205' Y='365' T='502' />
<Point X='207' Y='365' T='517' />
<Point X='208' Y='365' T='529' />
</Stroke>
<Stroke index = '5' >
<Point X='594' Y='546' T='9' />
<Point X='594' Y='546' T='30' />
<Point X='593' Y='545' T='61' />
<Point X='592' Y='544' T='68' />
<Point X='590' Y='542' T='81' />
<Point X='584' Y='534' T='103' />
<Point X='579' Y='530' T='113' />
<Point X='574' Y='527' T='133' />
<Point X='570' Y='524' T='141' />
<Point X='565' Y='522' T='153' />
<Point X='561' Y='520' T='166' />
<Point X='551' Y='515' T='194' />
<Point X='547' Y='513' T='212' />
<Point X='542' Y='511' T='219' />
<Point X='532' Y='508' T='239' />
<Point X='526' Y='506' T='254' />
<Point X='520' Y='505' T='268' />
<Point X='510' Y='503' T='294' />
<Point X='496' Y='500' T='314' />
<Point X='486' Y='497' T='330' />
<Point X='481' Y='495' T='348' />
<Point X='476' Y='494' T='357' />
<Point X='473' Y='492' T='367' />
<Point X='470' Y='490' T='380' />
<Point X='467' Y='489' T='390' />
<Point X='465' Y='488' T='400' />
<Point X='462' Y='486' T='413' />
<Point X='460' Y='485' T='425' />
<Point X='458' Y='483' T='434' />
<Point X='456' Y='482' T='448' />
<Point X='455' Y='480' T='459' />
<Point X='453' Y='478' T='467' />
<Point X='451' Y='476' T='477' />
<Point X='450' Y='474' T='500' />
<Point X='447' Y='470' T='513' />
<Point X='446' Y='469' T='526' />
</Stroke>
<Stroke index = '4' >
<Point X='477' Y='73' T='0' />
<Point X='477' Y='73' T='17' />
<Point X='477' Y='73' T='29' />
<Point X='477' Y='73' T='38' />
<Point X='478' Y='74' T='59' />
<Point X='478' Y='76' T='67' />
<Point X='479' Y='79' T='79' />
<Point X='479' Y='89' T='101' />
<Point X='478' Y='94' T='112' />
<Point X='477' Y='100' T='131' />
<Point X='476' Y='105' T='140' />
<Point X='474' Y='111' T='152' />
<Point X='473' Y='117' T='164' />
<Point X='472' Y='139' T='192' />
<Point X='472' Y='147' T='211' />
<Point X='471' Y='157' T='219' />
<Point X='470' Y='177' T='237' />
<Point X='469' Y='185' T='252' />
<Point X='468' Y='196' T='266' />
<Point X='466' Y='216' T='292' />
<Point X='464' Y='234' T='312' />
<Point X='462' Y='251' T='329' />
<Point X='462' Y='260' T='347' />
<Point X='460' Y='268' T='356' />
<Point X='459' Y='274' T='364' />
<Point X='458' Y='280' T='379' />
<Point X='457' Y='286' T='390' />
<Point X='456' Y='289' T='399' />
<Point X='455' Y='293' T='412' />
<Point X='454' Y='296' T='423' />
<Point X='453' Y='299' T='431' />
<Point X='453' Y='301' T='446' />
<Point X='452' Y='304' T='458' />
<Point X='451' Y='306' T='466' />
<Point X='451' Y='307' T='476' />
<Point X='450' Y='308' T='499' />
<Point X='449' Y='310' T='512' />
<Point X='449' Y='311' T='525' />
</Stroke>
<Stroke index = '3' >
<Point X='289' Y='0' T='22' />
<Point X='289' Y='1' T='70' />
<Point X='290' Y='3' T='81' />
<Point X='291' Y='13' T='104' />
<Point X='291' Y='18' T='114' />
<Point X='291' Y='24' T='134' />
<Point X='291' Y='30' T='142' />
<Point X='291' Y='36' T='154' />
<Point X='291' Y='43' T='167' />
<Point X='293' Y='65' T='196' />
<Point X='294' Y='74' T='214' />
<Point X='295' Y='83' T='220' />
<Point X='298' Y='103' T='240' />
<Point X='300' Y='114' T='255' />
<Point X='301' Y='125' T='269' />
<Point X='304' Y='146' T='297' />
<Point X='306' Y='166' T='315' />
<Point X='308' Y='186' T='332' />
<Point X='309' Y='196' T='350' />
<Point X='310' Y='204' T='359' />
<Point X='312' Y='211' T='368' />
<Point X='313' Y='217' T='381' />
<Point X='314' Y='222' T='391' />
<Point X='315' Y='226' T='401' />
<Point X='316' Y='229' T='414' />
<Point X='317' Y='232' T='425' />
<Point X='317' Y='234' T='435' />
<Point X='318' Y='236' T='448' />
<Point X='318' Y='238' T='460' />
<Point X='319' Y='240' T='467' />
<Point X='319' Y='242' T='478' />
<Point X='319' Y='243' T='501' />
<Point X='319' Y='245' T='515' />
<Point X='319' Y='245' T='528' />
</Stroke>

</Gesture>
