<?xml version='1.0' encoding='utf-8' standalone='yes'?>
<Gesture Name ='4_1_3' Subject = 'test'  Speed = 'MEDIUM' NumPts = '231' InputType='finger' >

<Stroke index = '2' >
<Point X='144' Y='49' T='88' />
<Point X='144' Y='50' T='153' />
<Point X='144' Y='51' T='168' />
<Point X='145' Y='54' T='188' />
<Point X='146' Y='55' T='200' />
<Point X='147' Y='57' T='220' />
<Point X='148' Y='59' T='235' />
<Point X='151' Y='64' T='243' />
<Point X='152' Y='66' T='262' />
<Point X='154' Y='69' T='276' />
<Point X='158' Y='75' T='297' />
<Point X='164' Y='82' T='321' />
<Point X='171' Y='91' T='338' />
<Point X='174' Y='96' T='371' />
<Point X='186' Y='110' T='380' />
<Point X='190' Y='114' T='397' />
<Point X='193' Y='118' T='405' />
<Point X='196' Y='123' T='413' />
<Point X='199' Y='128' T='428' />
<Point X='202' Y='134' T='445' />
<Point X='209' Y='145' T='463' />
<Point X='213' Y='152' T='476' />
<Point X='216' Y='157' T='492' />
<Point X='219' Y='163' T='500' />
<Point X='222' Y='168' T='511' />
<Point X='224' Y='173' T='525' />
<Point X='231' Y='188' T='555' />
<Point X='236' Y='199' T='571' />
<Point X='238' Y='204' T='597' />
<Point X='242' Y='212' T='612' />
<Point X='243' Y='216' T='625' />
<Point X='244' Y='218' T='638' />
<Point X='245' Y='219' T='647' />
<Point X='246' Y='220' T='662' />
<Point X='247' Y='221' T='673' />
<Point X='247' Y='221' T='685' />
<Point X='248' Y='222' T='700' />
<Point X='248' Y='222' T='706' />
<Point X='248' Y='223' T='726' />
<Point X='249' Y='224' T='734' />
<Point X='249' Y='225' T='743' />
</Stroke>
<Stroke index = '3' >
<Point X='295' Y='0' T='80' />
<Point X='295' Y='0' T='98' />
<Point X='295' Y='1' T='120' />
<Point X='295' Y='2' T='128' />
<Point X='295' Y='5' T='153' />
<Point X='295' Y='7' T='166' />
<Point X='296' Y='10' T='187' />
<Point X='296' Y='12' T='199' />
<Point X='296' Y='14' T='219' />
<Point X='296' Y='16' T='233' />
<Point X='296' Y='20' T='243' />
<Point X='296' Y='24' T='259' />
<Point X='296' Y='27' T='274' />
<Point X='296' Y='33' T='295' />
<Point X='296' Y='41' T='321' />
<Point X='296' Y='49' T='338' />
<Point X='296' Y='53' T='369' />
<Point X='299' Y='69' T='380' />
<Point X='299' Y='73' T='396' />
<Point X='300' Y='77' T='404' />
<Point X='301' Y='82' T='413' />
<Point X='303' Y='88' T='427' />
<Point X='304' Y='93' T='444' />
<Point X='308' Y='105' T='462' />
<Point X='310' Y='111' T='476' />
<Point X='312' Y='116' T='491' />
<Point X='313' Y='121' T='499' />
<Point X='315' Y='127' T='510' />
<Point X='316' Y='132' T='523' />
<Point X='321' Y='150' T='554' />
<Point X='323' Y='161' T='570' />
<Point X='324' Y='167' T='595' />
<Point X='326' Y='176' T='610' />
<Point X='326' Y='180' T='625' />
<Point X='327' Y='183' T='636' />
<Point X='328' Y='185' T='646' />
<Point X='328' Y='187' T='660' />
<Point X='329' Y='191' T='673' />
<Point X='329' Y='193' T='683' />
<Point X='329' Y='196' T='699' />
<Point X='329' Y='198' T='706' />
<Point X='329' Y='199' T='725' />
<Point X='329' Y='201' T='733' />
<Point X='329' Y='202' T='743' />
</Stroke>
<Stroke index = '1' >
<Point X='0' Y='184' T='18' />
<Point X='0' Y='184' T='41' />
<Point X='0' Y='184' T='77' />
<Point X='0' Y='185' T='97' />
<Point X='0' Y='185' T='107' />
<Point X='0' Y='186' T='119' />
<Point X='0' Y='186' T='128' />
<Point X='1' Y='187' T='152' />
<Point X='2' Y='188' T='165' />
<Point X='4' Y='190' T='185' />
<Point X='6' Y='192' T='197' />
<Point X='7' Y='193' T='218' />
<Point X='9' Y='195' T='231' />
<Point X='13' Y='197' T='242' />
<Point X='16' Y='199' T='259' />
<Point X='19' Y='200' T='274' />
<Point X='25' Y='203' T='294' />
<Point X='33' Y='206' T='318' />
<Point X='45' Y='212' T='336' />
<Point X='50' Y='215' T='367' />
<Point X='65' Y='221' T='378' />
<Point X='68' Y='223' T='394' />
<Point X='72' Y='225' T='403' />
<Point X='77' Y='227' T='412' />
<Point X='82' Y='230' T='426' />
<Point X='88' Y='234' T='442' />
<Point X='102' Y='241' T='460' />
<Point X='108' Y='244' T='475' />
<Point X='114' Y='247' T='490' />
<Point X='119' Y='250' T='499' />
<Point X='124' Y='253' T='510' />
<Point X='129' Y='255' T='523' />
<Point X='144' Y='263' T='552' />
<Point X='154' Y='269' T='569' />
<Point X='158' Y='271' T='593' />
<Point X='170' Y='280' T='609' />
<Point X='175' Y='283' T='624' />
<Point X='181' Y='287' T='634' />
<Point X='186' Y='289' T='644' />
<Point X='190' Y='291' T='660' />
<Point X='194' Y='294' T='672' />
<Point X='195' Y='295' T='683' />
<Point X='196' Y='295' T='697' />
<Point X='196' Y='296' T='705' />
<Point X='197' Y='296' T='724' />
<Point X='197' Y='297' T='732' />
<Point X='197' Y='297' T='742' />
</Stroke>
<Stroke index = '5' >
<Point X='616' Y='522' T='6' />
<Point X='615' Y='522' T='15' />
<Point X='615' Y='522' T='29' />
<Point X='614' Y='522' T='52' />
<Point X='614' Y='522' T='69' />
<Point X='613' Y='522' T='76' />
<Point X='613' Y='522' T='86' />
<Point X='612' Y='521' T='96' />
<Point X='612' Y='521' T='106' />
<Point X='611' Y='521' T='118' />
<Point X='610' Y='521' T='127' />
<Point X='607' Y='520' T='151' />
<Point X='605' Y='519' T='162' />
<Point X='601' Y='518' T='185' />
<Point X='598' Y='516' T='196' />
<Point X='596' Y='515' T='217' />
<Point X='593' Y='512' T='230' />
<Point X='587' Y='508' T='241' />
<Point X='584' Y='506' T='257' />
<Point X='581' Y='504' T='272' />
<Point X='575' Y='500' T='291' />
<Point X='568' Y='496' T='317' />
<Point X='561' Y='492' T='334' />
<Point X='558' Y='490' T='365' />
<Point X='547' Y='483' T='377' />
<Point X='544' Y='482' T='393' />
<Point X='542' Y='480' T='403' />
<Point X='539' Y='479' T='412' />
<Point X='537' Y='478' T='425' />
<Point X='533' Y='476' T='440' />
<Point X='525' Y='472' T='459' />
<Point X='522' Y='470' T='474' />
<Point X='519' Y='469' T='489' />
<Point X='516' Y='467' T='497' />
<Point X='512' Y='465' T='510' />
<Point X='507' Y='464' T='522' />
<Point X='498' Y='459' T='551' />
<Point X='492' Y='456' T='567' />
<Point X='489' Y='454' T='592' />
<Point X='483' Y='450' T='607' />
<Point X='481' Y='449' T='623' />
<Point X='479' Y='447' T='633' />
<Point X='478' Y='446' T='642' />
<Point X='476' Y='444' T='658' />
<Point X='471' Y='441' T='672' />
<Point X='469' Y='439' T='681' />
<Point X='467' Y='438' T='696' />
<Point X='465' Y='436' T='705' />
<Point X='463' Y='435' T='723' />
<Point X='462' Y='433' T='731' />
<Point X='460' Y='432' T='741' />
</Stroke>
<Stroke index = '4' >
<Point X='483' Y='68' T='0' />
<Point X='483' Y='68' T='13' />
<Point X='483' Y='69' T='75' />
<Point X='483' Y='70' T='85' />
<Point X='483' Y='71' T='93' />
<Point X='483' Y='72' T='105' />
<Point X='484' Y='74' T='117' />
<Point X='484' Y='75' T='127' />
<Point X='484' Y='78' T='151' />
<Point X='484' Y='79' T='161' />
<Point X='485' Y='83' T='185' />
<Point X='485' Y='85' T='195' />
<Point X='485' Y='88' T='215' />
<Point X='484' Y='91' T='227' />
<Point X='484' Y='96' T='240' />
<Point X='484' Y='98' T='256' />
<Point X='484' Y='102' T='271' />
<Point X='484' Y='109' T='289' />
<Point X='484' Y='116' T='315' />
<Point X='483' Y='123' T='333' />
<Point X='482' Y='128' T='349' />
<Point X='480' Y='140' T='376' />
<Point X='479' Y='144' T='392' />
<Point X='479' Y='149' T='402' />
<Point X='479' Y='153' T='411' />
<Point X='479' Y='158' T='423' />
<Point X='478' Y='163' T='438' />
<Point X='476' Y='175' T='458' />
<Point X='475' Y='180' T='473' />
<Point X='474' Y='185' T='488' />
<Point X='473' Y='190' T='495' />
<Point X='473' Y='195' T='508' />
<Point X='472' Y='200' T='521' />
<Point X='470' Y='215' T='548' />
<Point X='469' Y='224' T='567' />
<Point X='468' Y='229' T='590' />
<Point X='468' Y='238' T='606' />
<Point X='467' Y='242' T='623' />
<Point X='467' Y='245' T='632' />
<Point X='466' Y='248' T='641' />
<Point X='466' Y='251' T='657' />
<Point X='464' Y='256' T='670' />
<Point X='463' Y='258' T='680' />
<Point X='462' Y='260' T='695' />
<Point X='461' Y='262' T='704' />
<Point X='460' Y='264' T='722' />
<Point X='459' Y='266' T='730' />
<Point X='458' Y='268' T='740' />
</Stroke>

</Gesture>
