<?xml version='1.0' encoding='utf-8' standalone='yes'?>
<Gesture Name ='4_1_9' Subject = 'test'  Speed = 'MEDIUM' NumPts = '144' InputType='finger' >

<Stroke index = '5' >
<Point X='609' Y='508' T='0' />
<Point X='609' Y='508' T='12' />
<Point X='608' Y='508' T='20' />
<Point X='608' Y='508' T='29' />
<Point X='607' Y='508' T='35' />
<Point X='606' Y='508' T='60' />
<Point X='606' Y='508' T='70' />
<Point X='605' Y='508' T='85' />
<Point X='604' Y='508' T='99' />
<Point X='602' Y='507' T='109' />
<Point X='599' Y='506' T='123' />
<Point X='595' Y='504' T='131' />
<Point X='592' Y='502' T='146' />
<Point X='588' Y='500' T='158' />
<Point X='584' Y='498' T='168' />
<Point X='580' Y='497' T='182' />
<Point X='575' Y='495' T='190' />
<Point X='570' Y='493' T='202' />
<Point X='565' Y='491' T='213' />
<Point X='559' Y='489' T='224' />
<Point X='546' Y='481' T='240' />
<Point X='539' Y='477' T='257' />
<Point X='531' Y='474' T='261' />
<Point X='526' Y='471' T='277' />
<Point X='520' Y='469' T='294' />
<Point X='508' Y='463' T='310' />
<Point X='502' Y='460' T='325' />
<Point X='487' Y='454' T='342' />
<Point X='479' Y='450' T='357' />
<Point X='466' Y='445' T='367' />
<Point X='456' Y='441' T='376' />
</Stroke>
<Stroke index = '4' >
<Point X='457' Y='59' T='4' />
<Point X='457' Y='59' T='14' />
<Point X='457' Y='60' T='30' />
<Point X='457' Y='60' T='37' />
<Point X='458' Y='64' T='61' />
<Point X='459' Y='66' T='72' />
<Point X='459' Y='69' T='91' />
<Point X='460' Y='72' T='100' />
<Point X='460' Y='74' T='111' />
<Point X='461' Y='76' T='124' />
<Point X='461' Y='79' T='132' />
<Point X='461' Y='83' T='147' />
<Point X='461' Y='88' T='159' />
<Point X='462' Y='92' T='169' />
<Point X='462' Y='97' T='183' />
<Point X='462' Y='101' T='192' />
<Point X='462' Y='107' T='203' />
<Point X='462' Y='112' T='214' />
<Point X='462' Y='118' T='225' />
<Point X='461' Y='131' T='241' />
<Point X='460' Y='138' T='257' />
<Point X='458' Y='146' T='261' />
<Point X='457' Y='153' T='278' />
<Point X='455' Y='161' T='295' />
<Point X='454' Y='177' T='312' />
<Point X='452' Y='185' T='325' />
<Point X='447' Y='204' T='343' />
<Point X='444' Y='214' T='358' />
<Point X='440' Y='224' T='369' />
<Point X='437' Y='234' T='377' />
</Stroke>
<Stroke index = '1' >
<Point X='0' Y='202' T='17' />
<Point X='0' Y='202' T='30' />
<Point X='0' Y='202' T='37' />
<Point X='0' Y='202' T='61' />
<Point X='1' Y='203' T='72' />
<Point X='2' Y='205' T='91' />
<Point X='3' Y='207' T='101' />
<Point X='4' Y='209' T='111' />
<Point X='6' Y='212' T='124' />
<Point X='9' Y='214' T='134' />
<Point X='11' Y='217' T='148' />
<Point X='15' Y='219' T='160' />
<Point X='18' Y='222' T='169' />
<Point X='21' Y='225' T='184' />
<Point X='25' Y='228' T='193' />
<Point X='30' Y='232' T='205' />
<Point X='35' Y='236' T='214' />
<Point X='40' Y='240' T='226' />
<Point X='55' Y='247' T='241' />
<Point X='61' Y='252' T='258' />
<Point X='69' Y='257' T='261' />
<Point X='76' Y='261' T='279' />
<Point X='82' Y='266' T='295' />
<Point X='94' Y='275' T='313' />
<Point X='100' Y='280' T='327' />
<Point X='116' Y='294' T='344' />
<Point X='124' Y='301' T='358' />
<Point X='136' Y='310' T='370' />
<Point X='144' Y='317' T='379' />
</Stroke>
<Stroke index = '3' >
<Point X='262' Y='0' T='23' />
<Point X='262' Y='2' T='62' />
<Point X='262' Y='4' T='74' />
<Point X='262' Y='7' T='92' />
<Point X='262' Y='9' T='101' />
<Point X='262' Y='12' T='112' />
<Point X='263' Y='14' T='125' />
<Point X='263' Y='18' T='135' />
<Point X='263' Y='22' T='150' />
<Point X='264' Y='26' T='160' />
<Point X='264' Y='30' T='171' />
<Point X='265' Y='34' T='184' />
<Point X='265' Y='39' T='193' />
<Point X='266' Y='45' T='207' />
<Point X='267' Y='50' T='215' />
<Point X='268' Y='56' T='227' />
<Point X='270' Y='70' T='242' />
<Point X='271' Y='78' T='258' />
<Point X='272' Y='86' T='262' />
<Point X='273' Y='94' T='280' />
<Point X='274' Y='101' T='297' />
<Point X='278' Y='115' T='314' />
<Point X='281' Y='125' T='327' />
<Point X='286' Y='142' T='345' />
<Point X='288' Y='152' T='359' />
<Point X='290' Y='162' T='371' />
<Point X='291' Y='171' T='380' />
</Stroke>
<Stroke index = '2' >
<Point X='120' Y='49' T='26' />
<Point X='120' Y='49' T='63' />
<Point X='120' Y='50' T='74' />
<Point X='121' Y='52' T='92' />
<Point X='122' Y='55' T='102' />
<Point X='124' Y='58' T='113' />
<Point X='125' Y='61' T='125' />
<Point X='127' Y='65' T='136' />
<Point X='129' Y='69' T='151' />
<Point X='131' Y='72' T='160' />
<Point X='133' Y='76' T='172' />
<Point X='136' Y='81' T='185' />
<Point X='140' Y='86' T='194' />
<Point X='143' Y='92' T='208' />
<Point X='146' Y='97' T='217' />
<Point X='151' Y='103' T='227' />
<Point X='160' Y='117' T='242' />
<Point X='165' Y='125' T='258' />
<Point X='168' Y='132' T='262' />
<Point X='172' Y='138' T='281' />
<Point X='175' Y='145' T='297' />
<Point X='182' Y='158' T='315' />
<Point X='186' Y='166' T='327' />
<Point X='195' Y='183' T='346' />
<Point X='201' Y='194' T='360' />
<Point X='206' Y='204' T='373' />
<Point X='211' Y='216' T='381' />
</Stroke>

</Gesture>
