<?xml version='1.0' encoding='utf-8' standalone='yes'?>
<Gesture Name ='4_1_10' Subject = 'test'  Speed = 'MEDIUM' NumPts = '129' InputType='finger' >

<Stroke index = '5' >
<Point X='587' Y='531' T='0' />
<Point X='587' Y='531' T='6' />
<Point X='586' Y='530' T='18' />
<Point X='586' Y='530' T='33' />
<Point X='585' Y='529' T='43' />
<Point X='584' Y='528' T='56' />
<Point X='581' Y='526' T='80' />
<Point X='576' Y='523' T='100' />
<Point X='572' Y='521' T='111' />
<Point X='569' Y='519' T='120' />
<Point X='564' Y='517' T='131' />
<Point X='559' Y='514' T='143' />
<Point X='554' Y='511' T='154' />
<Point X='549' Y='510' T='166' />
<Point X='544' Y='508' T='183' />
<Point X='539' Y='507' T='195' />
<Point X='535' Y='506' T='205' />
<Point X='530' Y='505' T='218' />
<Point X='518' Y='503' T='233' />
<Point X='512' Y='501' T='246' />
<Point X='504' Y='498' T='254' />
<Point X='497' Y='495' T='269' />
<Point X='490' Y='491' T='285' />
<Point X='480' Y='487' T='296' />
<Point X='472' Y='484' T='307' />
<Point X='464' Y='481' T='319' />
<Point X='450' Y='475' T='335' />
<Point X='443' Y='472' T='349' />
<Point X='436' Y='470' T='359' />
</Stroke>
<Stroke index = '4' >
<Point X='463' Y='67' T='-5' />
<Point X='463' Y='67' T='18' />
<Point X='463' Y='67' T='33' />
<Point X='463' Y='67' T='42' />
<Point X='463' Y='68' T='55' />
<Point X='463' Y='74' T='78' />
<Point X='463' Y='82' T='99' />
<Point X='463' Y='87' T='110' />
<Point X='463' Y='92' T='119' />
<Point X='463' Y='97' T='130' />
<Point X='462' Y='103' T='142' />
<Point X='461' Y='108' T='154' />
<Point X='461' Y='114' T='166' />
<Point X='460' Y='120' T='182' />
<Point X='460' Y='126' T='194' />
<Point X='459' Y='134' T='203' />
<Point X='458' Y='142' T='217' />
<Point X='456' Y='159' T='232' />
<Point X='455' Y='168' T='245' />
<Point X='452' Y='179' T='253' />
<Point X='450' Y='189' T='268' />
<Point X='446' Y='201' T='284' />
<Point X='444' Y='211' T='295' />
<Point X='442' Y='223' T='306' />
<Point X='440' Y='233' T='318' />
<Point X='435' Y='257' T='334' />
<Point X='431' Y='273' T='347' />
<Point X='428' Y='284' T='358' />
</Stroke>
<Stroke index = '3' >
<Point X='270' Y='0' T='21' />
<Point X='270' Y='0' T='44' />
<Point X='270' Y='4' T='81' />
<Point X='271' Y='13' T='102' />
<Point X='271' Y='18' T='113' />
<Point X='272' Y='23' T='121' />
<Point X='272' Y='29' T='132' />
<Point X='273' Y='36' T='143' />
<Point X='273' Y='42' T='155' />
<Point X='274' Y='48' T='167' />
<Point X='275' Y='55' T='184' />
<Point X='276' Y='61' T='196' />
<Point X='277' Y='69' T='205' />
<Point X='279' Y='77' T='219' />
<Point X='281' Y='95' T='235' />
<Point X='281' Y='104' T='248' />
<Point X='282' Y='117' T='255' />
<Point X='282' Y='128' T='271' />
<Point X='282' Y='141' T='285' />
<Point X='282' Y='151' T='297' />
<Point X='283' Y='165' T='308' />
<Point X='285' Y='173' T='320' />
<Point X='290' Y='197' T='336' />
<Point X='292' Y='211' T='349' />
<Point X='293' Y='220' T='361' />
</Stroke>
<Stroke index = '2' >
<Point X='130' Y='47' T='46' />
<Point X='130' Y='47' T='58' />
<Point X='131' Y='49' T='81' />
<Point X='135' Y='59' T='102' />
<Point X='137' Y='64' T='113' />
<Point X='140' Y='69' T='121' />
<Point X='143' Y='75' T='132' />
<Point X='146' Y='82' T='144' />
<Point X='149' Y='87' T='156' />
<Point X='152' Y='93' T='167' />
<Point X='156' Y='101' T='185' />
<Point X='159' Y='107' T='197' />
<Point X='163' Y='115' T='207' />
<Point X='167' Y='123' T='219' />
<Point X='175' Y='142' T='235' />
<Point X='179' Y='151' T='249' />
<Point X='184' Y='164' T='255' />
<Point X='188' Y='174' T='272' />
<Point X='193' Y='188' T='286' />
<Point X='195' Y='197' T='298' />
<Point X='198' Y='209' T='309' />
<Point X='201' Y='218' T='320' />
<Point X='210' Y='242' T='336' />
<Point X='215' Y='253' T='350' />
<Point X='219' Y='264' T='362' />
</Stroke>
<Stroke index = '1' >
<Point X='0' Y='198' T='49' />
<Point X='1' Y='199' T='82' />
<Point X='4' Y='204' T='103' />
<Point X='7' Y='207' T='114' />
<Point X='10' Y='211' T='122' />
<Point X='15' Y='215' T='133' />
<Point X='20' Y='219' T='145' />
<Point X='26' Y='224' T='156' />
<Point X='32' Y='229' T='168' />
<Point X='39' Y='234' T='186' />
<Point X='44' Y='238' T='199' />
<Point X='50' Y='243' T='208' />
<Point X='56' Y='248' T='219' />
<Point X='68' Y='260' T='236' />
<Point X='76' Y='267' T='250' />
<Point X='85' Y='274' T='256' />
<Point X='94' Y='282' T='274' />
<Point X='103' Y='289' T='287' />
<Point X='111' Y='296' T='300' />
<Point X='119' Y='304' T='310' />
<Point X='127' Y='312' T='321' />
<Point X='145' Y='329' T='337' />
</Stroke>

</Gesture>
