<?xml version='1.0' encoding='utf-8' standalone='yes'?>
<Gesture Name ='4_1_20' Subject = 'test'  Speed = 'MEDIUM' NumPts = '129' InputType='finger' >

<Stroke index = '1' >
<Point X='0' Y='192' T='53' />
<Point X='0' Y='192' T='65' />
<Point X='0' Y='194' T='101' />
<Point X='2' Y='197' T='111' />
<Point X='3' Y='201' T='123' />
<Point X='8' Y='208' T='150' />
<Point X='11' Y='213' T='159' />
<Point X='29' Y='236' T='200' />
<Point X='34' Y='242' T='213' />
<Point X='48' Y='255' T='236' />
<Point X='55' Y='262' T='254' />
<Point X='72' Y='277' T='270' />
<Point X='80' Y='285' T='289' />
<Point X='90' Y='293' T='301' />
<Point X='106' Y='307' T='316' />
<Point X='114' Y='314' T='325' />
<Point X='128' Y='328' T='351' />
<Point X='134' Y='333' T='365' />
<Point X='139' Y='337' T='380' />
<Point X='145' Y='342' T='387' />
<Point X='151' Y='349' T='400' />
<Point X='157' Y='354' T='412' />
<Point X='164' Y='360' T='419' />
<Point X='172' Y='367' T='431' />
<Point X='177' Y='372' T='443' />
<Point X='182' Y='377' T='451' />
</Stroke>
<Stroke index = '4' >
<Point X='451' Y='67' T='55' />
<Point X='451' Y='67' T='66' />
<Point X='451' Y='67' T='76' />
<Point X='451' Y='70' T='102' />
<Point X='452' Y='75' T='112' />
<Point X='452' Y='78' T='125' />
<Point X='452' Y='86' T='152' />
<Point X='451' Y='92' T='160' />
<Point X='447' Y='117' T='201' />
<Point X='447' Y='123' T='214' />
<Point X='446' Y='140' T='236' />
<Point X='446' Y='149' T='256' />
<Point X='444' Y='167' T='271' />
<Point X='443' Y='177' T='290' />
<Point X='442' Y='186' T='302' />
<Point X='440' Y='204' T='317' />
<Point X='439' Y='214' T='326' />
<Point X='438' Y='230' T='352' />
<Point X='438' Y='238' T='366' />
<Point X='437' Y='246' T='381' />
<Point X='436' Y='253' T='389' />
<Point X='435' Y='261' T='402' />
<Point X='434' Y='268' T='413' />
<Point X='433' Y='274' T='420' />
<Point X='433' Y='282' T='433' />
<Point X='432' Y='288' T='443' />
<Point X='431' Y='294' T='452' />
</Stroke>
<Stroke index = '2' >
<Point X='115' Y='43' T='68' />
<Point X='115' Y='43' T='103' />
<Point X='115' Y='44' T='113' />
<Point X='116' Y='48' T='126' />
<Point X='118' Y='56' T='152' />
<Point X='120' Y='61' T='162' />
<Point X='130' Y='90' T='201' />
<Point X='134' Y='99' T='215' />
<Point X='143' Y='117' T='238' />
<Point X='148' Y='125' T='257' />
<Point X='160' Y='146' T='272' />
<Point X='167' Y='159' T='290' />
<Point X='172' Y='168' T='303' />
<Point X='182' Y='190' T='318' />
<Point X='187' Y='201' T='326' />
<Point X='196' Y='219' T='353' />
<Point X='200' Y='227' T='367' />
<Point X='203' Y='234' T='382' />
<Point X='206' Y='243' T='391' />
<Point X='209' Y='249' T='402' />
<Point X='212' Y='257' T='414' />
<Point X='216' Y='265' T='422' />
<Point X='219' Y='270' T='434' />
<Point X='222' Y='277' T='444' />
<Point X='225' Y='285' T='452' />
</Stroke>
<Stroke index = '3' >
<Point X='265' Y='0' T='70' />
<Point X='265' Y='1' T='116' />
<Point X='265' Y='4' T='127' />
<Point X='265' Y='13' T='153' />
<Point X='265' Y='17' T='163' />
<Point X='264' Y='44' T='202' />
<Point X='264' Y='52' T='216' />
<Point X='266' Y='69' T='239' />
<Point X='267' Y='78' T='258' />
<Point X='270' Y='98' T='273' />
<Point X='272' Y='109' T='292' />
<Point X='273' Y='119' T='304' />
<Point X='277' Y='140' T='319' />
<Point X='278' Y='149' T='327' />
<Point X='282' Y='167' T='354' />
<Point X='284' Y='175' T='371' />
<Point X='285' Y='184' T='383' />
<Point X='287' Y='191' T='392' />
<Point X='288' Y='199' T='403' />
<Point X='289' Y='205' T='415' />
<Point X='291' Y='212' T='422' />
<Point X='292' Y='219' T='435' />
<Point X='293' Y='225' T='445' />
<Point X='294' Y='231' T='453' />
</Stroke>
<Stroke index = '5' >
<Point X='559' Y='483' T='0' />
<Point X='556' Y='482' T='64' />
<Point X='556' Y='482' T='75' />
<Point X='554' Y='481' T='100' />
<Point X='553' Y='481' T='110' />
<Point X='550' Y='480' T='123' />
<Point X='543' Y='479' T='150' />
<Point X='539' Y='477' T='159' />
<Point X='524' Y='472' T='199' />
<Point X='522' Y='471' T='212' />
<Point X='517' Y='469' T='235' />
<Point X='515' Y='469' T='253' />
<Point X='510' Y='467' T='269' />
<Point X='507' Y='466' T='287' />
<Point X='504' Y='465' T='300' />
<Point X='498' Y='463' T='315' />
<Point X='493' Y='462' T='323' />
<Point X='484' Y='460' T='350' />
<Point X='481' Y='459' T='364' />
<Point X='477' Y='458' T='379' />
<Point X='472' Y='456' T='387' />
<Point X='467' Y='455' T='399' />
<Point X='462' Y='454' T='411' />
<Point X='457' Y='452' T='419' />
<Point X='452' Y='451' T='431' />
<Point X='447' Y='450' T='441' />
<Point X='441' Y='448' T='450' />
</Stroke>

</Gesture>
