<?xml version='1.0' encoding='utf-8' standalone='yes'?>
<Gesture Name ='4_1_1' Subject = 'test'  Speed = 'MEDIUM' NumPts = '227' InputType='finger' >

<Stroke index = '5' >
<Point X='623' Y='493' T='67' />
<Point X='623' Y='493' T='89' />
<Point X='622' Y='493' T='98' />
<Point X='621' Y='493' T='109' />
<Point X='621' Y='493' T='122' />
<Point X='617' Y='493' T='152' />
<Point X='615' Y='493' T='170' />
<Point X='611' Y='493' T='185' />
<Point X='607' Y='492' T='211' />
<Point X='605' Y='492' T='225' />
<Point X='597' Y='490' T='262' />
<Point X='594' Y='490' T='275' />
<Point X='587' Y='489' T='294' />
<Point X='580' Y='486' T='310' />
<Point X='575' Y='485' T='321' />
<Point X='571' Y='482' T='335' />
<Point X='567' Y='480' T='352' />
<Point X='558' Y='476' T='366' />
<Point X='549' Y='472' T='390' />
<Point X='546' Y='471' T='405' />
<Point X='542' Y='470' T='420' />
<Point X='538' Y='469' T='433' />
<Point X='528' Y='466' T='444' />
<Point X='524' Y='465' T='463' />
<Point X='518' Y='462' T='470' />
<Point X='511' Y='459' T='488' />
<Point X='498' Y='453' T='505' />
<Point X='490' Y='451' T='517' />
<Point X='485' Y='449' T='522' />
<Point X='480' Y='447' T='538' />
<Point X='475' Y='445' T='549' />
<Point X='469' Y='444' T='557' />
<Point X='465' Y='442' T='568' />
<Point X='461' Y='440' T='588' />
<Point X='457' Y='438' T='599' />
<Point X='449' Y='434' T='614' />
<Point X='445' Y='432' T='625' />
<Point X='442' Y='430' T='638' />
<Point X='440' Y='428' T='644' />
<Point X='435' Y='425' T='672' />
<Point X='433' Y='424' T='683' />
<Point X='430' Y='423' T='706' />
<Point X='429' Y='422' T='717' />
<Point X='428' Y='421' T='733' />
<Point X='427' Y='420' T='745' />
</Stroke>
<Stroke index = '1' >
<Point X='0' Y='204' T='70' />
<Point X='0' Y='204' T='90' />
<Point X='0' Y='205' T='99' />
<Point X='0' Y='205' T='111' />
<Point X='0' Y='206' T='123' />
<Point X='1' Y='210' T='153' />
<Point X='1' Y='211' T='172' />
<Point X='2' Y='214' T='187' />
<Point X='4' Y='216' T='212' />
<Point X='5' Y='218' T='247' />
<Point X='10' Y='224' T='263' />
<Point X='12' Y='226' T='276' />
<Point X='16' Y='230' T='296' />
<Point X='21' Y='235' T='312' />
<Point X='25' Y='237' T='322' />
<Point X='29' Y='240' T='337' />
<Point X='33' Y='242' T='353' />
<Point X='42' Y='247' T='368' />
<Point X='52' Y='252' T='392' />
<Point X='56' Y='254' T='406' />
<Point X='61' Y='257' T='422' />
<Point X='66' Y='259' T='435' />
<Point X='76' Y='264' T='446' />
<Point X='82' Y='268' T='464' />
<Point X='88' Y='271' T='470' />
<Point X='94' Y='273' T='489' />
<Point X='105' Y='279' T='506' />
<Point X='113' Y='283' T='517' />
<Point X='119' Y='286' T='523' />
<Point X='125' Y='290' T='539' />
<Point X='133' Y='293' T='550' />
<Point X='138' Y='296' T='558' />
<Point X='145' Y='299' T='569' />
<Point X='153' Y='303' T='589' />
<Point X='160' Y='306' T='600' />
<Point X='175' Y='314' T='616' />
<Point X='181' Y='317' T='626' />
<Point X='186' Y='320' T='639' />
<Point X='192' Y='323' T='645' />
<Point X='202' Y='327' T='673' />
<Point X='205' Y='329' T='683' />
<Point X='208' Y='331' T='707' />
<Point X='210' Y='332' T='718' />
<Point X='211' Y='333' T='736' />
<Point X='213' Y='335' T='746' />
</Stroke>
<Stroke index = '2' >
<Point X='101' Y='61' T='92' />
<Point X='101' Y='61' T='101' />
<Point X='101' Y='61' T='113' />
<Point X='101' Y='62' T='124' />
<Point X='102' Y='65' T='155' />
<Point X='102' Y='65' T='174' />
<Point X='103' Y='68' T='189' />
<Point X='105' Y='71' T='214' />
<Point X='106' Y='73' T='250' />
<Point X='111' Y='83' T='265' />
<Point X='113' Y='86' T='278' />
<Point X='117' Y='91' T='297' />
<Point X='122' Y='99' T='313' />
<Point X='124' Y='103' T='325' />
<Point X='127' Y='107' T='338' />
<Point X='129' Y='110' T='358' />
<Point X='137' Y='119' T='370' />
<Point X='143' Y='128' T='393' />
<Point X='146' Y='132' T='408' />
<Point X='148' Y='135' T='424' />
<Point X='152' Y='140' T='436' />
<Point X='158' Y='148' T='447' />
<Point X='161' Y='152' T='464' />
<Point X='164' Y='157' T='471' />
<Point X='167' Y='162' T='491' />
<Point X='173' Y='172' T='506' />
<Point X='177' Y='178' T='518' />
<Point X='182' Y='184' T='524' />
<Point X='186' Y='191' T='540' />
<Point X='189' Y='196' T='550' />
<Point X='193' Y='203' T='558' />
<Point X='198' Y='209' T='569' />
<Point X='202' Y='214' T='590' />
<Point X='205' Y='219' T='610' />
<Point X='212' Y='232' T='616' />
<Point X='215' Y='236' T='627' />
<Point X='219' Y='241' T='640' />
<Point X='223' Y='246' T='646' />
<Point X='227' Y='253' T='674' />
<Point X='228' Y='255' T='683' />
<Point X='229' Y='258' T='707' />
<Point X='229' Y='259' T='720' />
<Point X='229' Y='260' T='737' />
<Point X='229' Y='260' T='748' />
</Stroke>
<Stroke index = '4' >
<Point X='461' Y='58' T='0' />
<Point X='461' Y='58' T='45' />
<Point X='461' Y='58' T='63' />
<Point X='461' Y='58' T='87' />
<Point X='461' Y='58' T='95' />
<Point X='461' Y='59' T='106' />
<Point X='461' Y='60' T='120' />
<Point X='463' Y='66' T='150' />
<Point X='463' Y='67' T='165' />
<Point X='464' Y='71' T='181' />
<Point X='465' Y='77' T='206' />
<Point X='465' Y='81' T='221' />
<Point X='466' Y='90' T='258' />
<Point X='466' Y='94' T='270' />
<Point X='466' Y='101' T='291' />
<Point X='465' Y='109' T='306' />
<Point X='464' Y='112' T='318' />
<Point X='463' Y='117' T='332' />
<Point X='462' Y='121' T='348' />
<Point X='461' Y='130' T='363' />
<Point X='459' Y='138' T='386' />
<Point X='459' Y='143' T='402' />
<Point X='458' Y='148' T='417' />
<Point X='457' Y='152' T='430' />
<Point X='456' Y='161' T='440' />
<Point X='455' Y='166' T='460' />
<Point X='454' Y='171' T='468' />
<Point X='453' Y='176' T='486' />
<Point X='451' Y='188' T='502' />
<Point X='449' Y='194' T='516' />
<Point X='448' Y='200' T='521' />
<Point X='446' Y='208' T='536' />
<Point X='444' Y='214' T='547' />
<Point X='442' Y='220' T='556' />
<Point X='441' Y='228' T='566' />
<Point X='440' Y='233' T='586' />
<Point X='439' Y='239' T='598' />
<Point X='437' Y='253' T='613' />
<Point X='436' Y='256' T='623' />
<Point X='435' Y='260' T='636' />
<Point X='435' Y='264' T='643' />
<Point X='434' Y='272' T='671' />
<Point X='433' Y='275' T='681' />
<Point X='432' Y='278' T='704' />
<Point X='432' Y='278' T='714' />
<Point X='432' Y='279' T='730' />
<Point X='432' Y='280' T='741' />
</Stroke>
<Stroke index = '3' >
<Point X='256' Y='0' T='10' />
<Point X='256' Y='0' T='48' />
<Point X='256' Y='0' T='65' />
<Point X='256' Y='0' T='96' />
<Point X='256' Y='1' T='108' />
<Point X='256' Y='1' T='121' />
<Point X='256' Y='4' T='151' />
<Point X='256' Y='5' T='168' />
<Point X='256' Y='9' T='183' />
<Point X='257' Y='15' T='209' />
<Point X='257' Y='19' T='222' />
<Point X='258' Y='28' T='260' />
<Point X='258' Y='32' T='272' />
<Point X='259' Y='40' T='292' />
<Point X='260' Y='48' T='308' />
<Point X='260' Y='53' T='319' />
<Point X='260' Y='58' T='334' />
<Point X='261' Y='63' T='351' />
<Point X='262' Y='73' T='364' />
<Point X='263' Y='83' T='388' />
<Point X='264' Y='88' T='404' />
<Point X='265' Y='93' T='419' />
<Point X='265' Y='98' T='431' />
<Point X='267' Y='107' T='442' />
<Point X='268' Y='113' T='461' />
<Point X='269' Y='119' T='468' />
<Point X='270' Y='126' T='487' />
<Point X='272' Y='141' T='504' />
<Point X='274' Y='148' T='516' />
<Point X='275' Y='155' T='522' />
<Point X='278' Y='163' T='538' />
<Point X='280' Y='171' T='548' />
<Point X='283' Y='178' T='557' />
<Point X='286' Y='186' T='567' />
<Point X='288' Y='193' T='587' />
<Point X='289' Y='200' T='599' />
<Point X='292' Y='214' T='614' />
<Point X='293' Y='218' T='625' />
<Point X='294' Y='223' T='638' />
<Point X='295' Y='228' T='643' />
<Point X='298' Y='235' T='672' />
<Point X='299' Y='237' T='682' />
<Point X='301' Y='240' T='705' />
<Point X='301' Y='241' T='715' />
<Point X='302' Y='242' T='731' />
<Point X='303' Y='243' T='744' />
</Stroke>

</Gesture>
