<?xml version='1.0' encoding='utf-8' standalone='yes'?>
<Gesture Name ='5_1_19' Subject = 'test'  Speed = 'MEDIUM' NumPts = '123' InputType='finger' >

<Stroke index = '1' >
<Point X='1' Y='626' T='57' />
<Point X='0' Y='625' T='70' />
<Point X='0' Y='624' T='79' />
<Point X='0' Y='623' T='85' />
<Point X='0' Y='621' T='103' />
<Point X='0' Y='618' T='113' />
<Point X='1' Y='616' T='124' />
<Point X='2' Y='614' T='136' />
<Point X='6' Y='610' T='154' />
<Point X='8' Y='607' T='170' />
<Point X='10' Y='605' T='182' />
<Point X='13' Y='602' T='190' />
<Point X='17' Y='599' T='202' />
<Point X='22' Y='595' T='212' />
<Point X='27' Y='591' T='224' />
<Point X='32' Y='586' T='235' />
<Point X='40' Y='580' T='246' />
<Point X='47' Y='574' T='256' />
<Point X='55' Y='567' T='270' />
<Point X='64' Y='559' T='274' />
<Point X='72' Y='552' T='287' />
<Point X='80' Y='544' T='300' />
<Point X='98' Y='527' T='324' />
<Point X='106' Y='518' T='335' />
<Point X='116' Y='506' T='344' />
<Point X='125' Y='496' T='356' />
<Point X='159' Y='459' T='391' />
<Point X='164' Y='453' T='405' />
</Stroke>
<Stroke index = '4' >
<Point X='397' Y='92' T='0' />
<Point X='396' Y='91' T='14' />
<Point X='396' Y='90' T='33' />
<Point X='395' Y='90' T='44' />
<Point X='395' Y='90' T='64' />
<Point X='395' Y='90' T='119' />
<Point X='395' Y='91' T='133' />
<Point X='395' Y='93' T='151' />
<Point X='394' Y='96' T='165' />
<Point X='394' Y='100' T='176' />
<Point X='393' Y='105' T='186' />
<Point X='393' Y='110' T='196' />
<Point X='392' Y='116' T='208' />
<Point X='391' Y='124' T='218' />
<Point X='389' Y='132' T='231' />
<Point X='387' Y='142' T='242' />
<Point X='384' Y='150' T='253' />
<Point X='380' Y='160' T='267' />
<Point X='375' Y='170' T='272' />
<Point X='372' Y='178' T='285' />
<Point X='367' Y='188' T='297' />
<Point X='354' Y='206' T='319' />
<Point X='349' Y='214' T='334' />
<Point X='343' Y='222' T='341' />
<Point X='333' Y='235' T='352' />
<Point X='310' Y='272' T='387' />
<Point X='306' Y='278' T='403' />
</Stroke>
<Stroke index = '5' >
<Point X='540' Y='326' T='7' />
<Point X='540' Y='326' T='16' />
<Point X='540' Y='325' T='36' />
<Point X='540' Y='325' T='47' />
<Point X='540' Y='324' T='55' />
<Point X='540' Y='324' T='65' />
<Point X='540' Y='323' T='77' />
<Point X='540' Y='324' T='166' />
<Point X='540' Y='324' T='177' />
<Point X='540' Y='326' T='186' />
<Point X='539' Y='329' T='197' />
<Point X='537' Y='333' T='209' />
<Point X='534' Y='337' T='220' />
<Point X='527' Y='343' T='232' />
<Point X='519' Y='349' T='243' />
<Point X='505' Y='358' T='255' />
<Point X='496' Y='363' T='269' />
<Point X='479' Y='372' T='272' />
</Stroke>
<Stroke index = '3' >
<Point X='269' Y='0' T='41' />
<Point X='269' Y='0' T='67' />
<Point X='268' Y='0' T='78' />
<Point X='268' Y='1' T='83' />
<Point X='267' Y='3' T='101' />
<Point X='267' Y='5' T='111' />
<Point X='266' Y='8' T='121' />
<Point X='266' Y='11' T='134' />
<Point X='263' Y='19' T='152' />
<Point X='261' Y='23' T='168' />
<Point X='259' Y='28' T='179' />
<Point X='256' Y='34' T='187' />
<Point X='254' Y='40' T='199' />
<Point X='253' Y='48' T='210' />
<Point X='252' Y='56' T='221' />
<Point X='252' Y='66' T='233' />
<Point X='251' Y='77' T='244' />
<Point X='250' Y='88' T='255' />
<Point X='249' Y='102' T='269' />
<Point X='247' Y='114' T='273' />
<Point X='245' Y='129' T='286' />
<Point X='242' Y='142' T='298' />
<Point X='233' Y='169' T='321' />
<Point X='229' Y='179' T='334' />
</Stroke>
<Stroke index = '2' >
<Point X='88' Y='84' T='50' />
<Point X='87' Y='84' T='68' />
<Point X='87' Y='85' T='85' />
<Point X='86' Y='86' T='102' />
<Point X='86' Y='88' T='112' />
<Point X='86' Y='91' T='123' />
<Point X='86' Y='94' T='135' />
<Point X='86' Y='104' T='153' />
<Point X='86' Y='109' T='168' />
<Point X='86' Y='115' T='181' />
<Point X='87' Y='121' T='188' />
<Point X='88' Y='128' T='201' />
<Point X='89' Y='134' T='211' />
<Point X='91' Y='143' T='222' />
<Point X='92' Y='151' T='234' />
<Point X='94' Y='162' T='244' />
<Point X='95' Y='172' T='255' />
<Point X='97' Y='184' T='269' />
<Point X='98' Y='194' T='274' />
<Point X='100' Y='209' T='286' />
<Point X='102' Y='217' T='299' />
<Point X='107' Y='241' T='322' />
<Point X='112' Y='257' T='335' />
<Point X='116' Y='267' T='343' />
<Point X='121' Y='280' T='355' />
<Point X='137' Y='328' T='389' />
</Stroke>

</Gesture>
