<?xml version='1.0' encoding='utf-8' standalone='yes'?>
<Gesture Name ='5_1_15' Subject = 'test'  Speed = 'MEDIUM' NumPts = '159' InputType='finger' >

<Stroke index = '4' >
<Point X='389' Y='90' T='-9' />
<Point X='389' Y='90' T='49' />
<Point X='389' Y='90' T='57' />
<Point X='389' Y='93' T='70' />
<Point X='389' Y='98' T='81' />
<Point X='388' Y='103' T='93' />
<Point X='387' Y='108' T='103' />
<Point X='385' Y='114' T='121' />
<Point X='379' Y='137' T='152' />
<Point X='377' Y='146' T='168' />
<Point X='374' Y='157' T='177' />
<Point X='366' Y='184' T='197' />
<Point X='361' Y='197' T='210' />
<Point X='355' Y='214' T='224' />
<Point X='338' Y='256' T='253' />
<Point X='328' Y='284' T='271' />
<Point X='321' Y='296' T='283' />
<Point X='315' Y='308' T='301' />
<Point X='307' Y='331' T='308' />
<Point X='298' Y='351' T='322' />
<Point X='294' Y='356' T='331' />
<Point X='293' Y='357' T='342' />
<Point X='293' Y='358' T='355' />
<Point X='292' Y='360' T='363' />
<Point X='291' Y='361' T='377' />
<Point X='291' Y='361' T='388' />
<Point X='290' Y='362' T='400' />
<Point X='290' Y='362' T='412' />
<Point X='289' Y='363' T='422' />
</Stroke>
<Stroke index = '2' >
<Point X='83' Y='85' T='22' />
<Point X='83' Y='85' T='28' />
<Point X='83' Y='85' T='39' />
<Point X='83' Y='86' T='55' />
<Point X='83' Y='89' T='61' />
<Point X='83' Y='95' T='75' />
<Point X='83' Y='101' T='89' />
<Point X='82' Y='108' T='98' />
<Point X='81' Y='116' T='108' />
<Point X='80' Y='125' T='126' />
<Point X='78' Y='154' T='158' />
<Point X='78' Y='166' T='173' />
<Point X='78' Y='176' T='183' />
<Point X='80' Y='202' T='202' />
<Point X='82' Y='213' T='215' />
<Point X='84' Y='227' T='228' />
<Point X='90' Y='261' T='259' />
<Point X='95' Y='282' T='275' />
<Point X='97' Y='293' T='292' />
<Point X='99' Y='301' T='306' />
<Point X='102' Y='309' T='312' />
<Point X='103' Y='317' T='325' />
<Point X='104' Y='323' T='333' />
<Point X='105' Y='329' T='344' />
<Point X='105' Y='334' T='356' />
<Point X='105' Y='337' T='364' />
<Point X='106' Y='340' T='382' />
<Point X='106' Y='342' T='393' />
<Point X='106' Y='345' T='406' />
<Point X='106' Y='347' T='418' />
<Point X='106' Y='349' T='427' />
<Point X='106' Y='350' T='437' />
<Point X='107' Y='352' T='457' />
</Stroke>
<Stroke index = '5' >
<Point X='500' Y='294' T='20' />
<Point X='500' Y='294' T='27' />
<Point X='500' Y='294' T='61' />
<Point X='500' Y='294' T='74' />
<Point X='500' Y='295' T='88' />
<Point X='500' Y='297' T='97' />
<Point X='500' Y='299' T='106' />
<Point X='500' Y='302' T='125' />
<Point X='496' Y='314' T='157' />
<Point X='493' Y='319' T='173' />
<Point X='489' Y='325' T='182' />
<Point X='481' Y='338' T='200' />
<Point X='476' Y='347' T='214' />
<Point X='471' Y='355' T='227' />
<Point X='452' Y='377' T='257' />
<Point X='439' Y='389' T='274' />
<Point X='433' Y='395' T='291' />
<Point X='428' Y='400' T='304' />
<Point X='423' Y='403' T='312' />
<Point X='419' Y='406' T='325' />
<Point X='415' Y='408' T='333' />
<Point X='412' Y='410' T='344' />
<Point X='409' Y='411' T='356' />
<Point X='406' Y='412' T='364' />
<Point X='405' Y='412' T='380' />
<Point X='403' Y='412' T='392' />
<Point X='402' Y='412' T='405' />
<Point X='401' Y='412' T='416' />
<Point X='400' Y='412' T='427' />
<Point X='399' Y='411' T='435' />
<Point X='397' Y='410' T='457' />
</Stroke>
<Stroke index = '1' >
<Point X='0' Y='615' T='16' />
<Point X='0' Y='615' T='27' />
<Point X='0' Y='614' T='38' />
<Point X='0' Y='614' T='54' />
<Point X='0' Y='613' T='60' />
<Point X='0' Y='612' T='73' />
<Point X='0' Y='611' T='85' />
<Point X='0' Y='610' T='97' />
<Point X='2' Y='607' T='105' />
<Point X='4' Y='603' T='123' />
<Point X='15' Y='587' T='156' />
<Point X='19' Y='581' T='172' />
<Point X='23' Y='575' T='180' />
<Point X='38' Y='561' T='199' />
<Point X='50' Y='552' T='213' />
<Point X='59' Y='546' T='226' />
<Point X='83' Y='527' T='256' />
<Point X='96' Y='515' T='274' />
<Point X='101' Y='509' T='289' />
<Point X='107' Y='503' T='304' />
<Point X='112' Y='497' T='311' />
<Point X='118' Y='492' T='324' />
<Point X='123' Y='487' T='332' />
<Point X='127' Y='483' T='344' />
<Point X='131' Y='480' T='356' />
<Point X='135' Y='476' T='363' />
<Point X='138' Y='472' T='380' />
<Point X='141' Y='469' T='390' />
<Point X='144' Y='466' T='404' />
<Point X='146' Y='464' T='415' />
<Point X='148' Y='462' T='425' />
<Point X='149' Y='460' T='434' />
<Point X='150' Y='457' T='456' />
</Stroke>
<Stroke index = '3' >
<Point X='272' Y='0' T='0' />
<Point X='271' Y='0' T='25' />
<Point X='271' Y='0' T='37' />
<Point X='270' Y='1' T='51' />
<Point X='270' Y='5' T='59' />
<Point X='269' Y='11' T='73' />
<Point X='268' Y='17' T='82' />
<Point X='266' Y='24' T='95' />
<Point X='264' Y='31' T='104' />
<Point X='261' Y='39' T='123' />
<Point X='253' Y='65' T='153' />
<Point X='251' Y='75' T='171' />
<Point X='249' Y='86' T='180' />
<Point X='246' Y='111' T='199' />
<Point X='244' Y='125' T='212' />
<Point X='241' Y='141' T='225' />
<Point X='233' Y='183' T='255' />
<Point X='227' Y='208' T='273' />
<Point X='224' Y='220' T='286' />
<Point X='220' Y='231' T='302' />
<Point X='215' Y='242' T='309' />
<Point X='212' Y='252' T='324' />
<Point X='210' Y='260' T='331' />
<Point X='208' Y='268' T='343' />
<Point X='207' Y='274' T='356' />
<Point X='206' Y='279' T='363' />
<Point X='205' Y='283' T='378' />
<Point X='205' Y='286' T='389' />
<Point X='204' Y='288' T='402' />
<Point X='204' Y='290' T='414' />
<Point X='203' Y='291' T='424' />
<Point X='203' Y='291' T='433' />
<Point X='203' Y='292' T='456' />
</Stroke>

</Gesture>
