<?xml version='1.0' encoding='utf-8' standalone='yes'?>
<Gesture Name ='5_1_14' Subject = 'test'  Speed = 'MEDIUM' NumPts = '136' InputType='finger' >

<Stroke index = '3' >
<Point X='223' Y='1' T='0' />
<Point X='222' Y='0' T='18' />
<Point X='222' Y='0' T='32' />
<Point X='222' Y='0' T='62' />
<Point X='222' Y='1' T='73' />
<Point X='222' Y='1' T='83' />
<Point X='222' Y='3' T='94' />
<Point X='222' Y='4' T='104' />
<Point X='222' Y='6' T='126' />
<Point X='222' Y='8' T='135' />
<Point X='222' Y='10' T='145' />
<Point X='222' Y='13' T='158' />
<Point X='221' Y='16' T='171' />
<Point X='221' Y='20' T='182' />
<Point X='219' Y='28' T='205' />
<Point X='218' Y='33' T='216' />
<Point X='217' Y='39' T='224' />
<Point X='215' Y='50' T='240' />
<Point X='214' Y='56' T='259' />
<Point X='213' Y='63' T='270' />
<Point X='213' Y='69' T='283' />
<Point X='212' Y='76' T='295' />
<Point X='211' Y='94' T='308' />
<Point X='210' Y='107' T='325' />
<Point X='208' Y='133' T='341' />
<Point X='205' Y='146' T='362' />
<Point X='202' Y='157' T='372' />
<Point X='200' Y='166' T='380' />
<Point X='197' Y='174' T='393' />
<Point X='196' Y='183' T='404' />
<Point X='194' Y='192' T='413' />
</Stroke>
<Stroke index = '5' >
<Point X='502' Y='288' T='80' />
<Point X='502' Y='288' T='129' />
<Point X='502' Y='288' T='140' />
<Point X='502' Y='289' T='150' />
<Point X='502' Y='290' T='162' />
<Point X='502' Y='291' T='175' />
<Point X='502' Y='293' T='189' />
<Point X='498' Y='297' T='210' />
<Point X='495' Y='299' T='219' />
<Point X='492' Y='302' T='230' />
<Point X='484' Y='307' T='246' />
<Point X='478' Y='311' T='264' />
<Point X='473' Y='314' T='275' />
<Point X='469' Y='317' T='291' />
<Point X='463' Y='321' T='302' />
</Stroke>
<Stroke index = '4' >
<Point X='356' Y='77' T='4' />
<Point X='356' Y='76' T='21' />
<Point X='356' Y='76' T='51' />
<Point X='356' Y='76' T='74' />
<Point X='356' Y='77' T='84' />
<Point X='356' Y='77' T='95' />
<Point X='356' Y='78' T='105' />
<Point X='356' Y='80' T='128' />
<Point X='356' Y='81' T='137' />
<Point X='356' Y='83' T='148' />
<Point X='356' Y='86' T='159' />
<Point X='355' Y='88' T='172' />
<Point X='354' Y='91' T='184' />
<Point X='352' Y='96' T='206' />
<Point X='350' Y='100' T='216' />
<Point X='348' Y='105' T='226' />
<Point X='345' Y='114' T='241' />
<Point X='343' Y='118' T='261' />
<Point X='341' Y='122' T='271' />
<Point X='340' Y='128' T='285' />
<Point X='338' Y='132' T='298' />
<Point X='329' Y='145' T='310' />
<Point X='325' Y='151' T='330' />
<Point X='318' Y='165' T='342' />
<Point X='314' Y='172' T='363' />
<Point X='310' Y='177' T='374' />
<Point X='306' Y='182' T='382' />
<Point X='302' Y='187' T='395' />
<Point X='299' Y='191' T='406' />
<Point X='294' Y='197' T='415' />
</Stroke>
<Stroke index = '2' >
<Point X='43' Y='100' T='40' />
<Point X='43' Y='100' T='46' />
<Point X='43' Y='100' T='53' />
<Point X='42' Y='100' T='64' />
<Point X='42' Y='101' T='76' />
<Point X='41' Y='103' T='85' />
<Point X='41' Y='106' T='96' />
<Point X='41' Y='108' T='106' />
<Point X='41' Y='110' T='129' />
<Point X='41' Y='112' T='138' />
<Point X='41' Y='114' T='148' />
<Point X='40' Y='117' T='161' />
<Point X='40' Y='121' T='173' />
<Point X='40' Y='126' T='185' />
<Point X='40' Y='134' T='207' />
<Point X='40' Y='139' T='217' />
<Point X='40' Y='144' T='228' />
<Point X='42' Y='154' T='242' />
<Point X='44' Y='158' T='262' />
<Point X='45' Y='164' T='272' />
<Point X='47' Y='170' T='285' />
<Point X='48' Y='175' T='300' />
<Point X='51' Y='189' T='311' />
<Point X='53' Y='196' T='331' />
<Point X='57' Y='211' T='343' />
<Point X='60' Y='218' T='364' />
<Point X='62' Y='226' T='375' />
<Point X='64' Y='233' T='383' />
<Point X='66' Y='240' T='396' />
<Point X='68' Y='248' T='407' />
<Point X='70' Y='255' T='416' />
</Stroke>
<Stroke index = '1' >
<Point X='8' Y='656' T='43' />
<Point X='7' Y='656' T='47' />
<Point X='7' Y='655' T='55' />
<Point X='6' Y='655' T='66' />
<Point X='5' Y='654' T='77' />
<Point X='3' Y='652' T='87' />
<Point X='2' Y='651' T='98' />
<Point X='0' Y='649' T='106' />
<Point X='0' Y='647' T='129' />
<Point X='0' Y='645' T='139' />
<Point X='0' Y='642' T='150' />
<Point X='1' Y='639' T='161' />
<Point X='2' Y='635' T='174' />
<Point X='4' Y='630' T='187' />
<Point X='9' Y='619' T='209' />
<Point X='12' Y='612' T='218' />
<Point X='15' Y='605' T='229' />
<Point X='25' Y='590' T='243' />
<Point X='29' Y='583' T='264' />
<Point X='35' Y='574' T='274' />
<Point X='39' Y='565' T='289' />
<Point X='44' Y='556' T='301' />
<Point X='54' Y='538' T='313' />
<Point X='59' Y='529' T='332' />
<Point X='68' Y='514' T='344' />
<Point X='72' Y='507' T='365' />
<Point X='76' Y='500' T='375' />
<Point X='82' Y='492' T='383' />
<Point X='90' Y='480' T='397' />
</Stroke>

</Gesture>
