<?xml version='1.0' encoding='utf-8' standalone='yes'?>
<Gesture Name ='5_1_9' Subject = 'test'  Speed = 'MEDIUM' NumPts = '86' InputType='finger' >

<Stroke index = '4' >
<Point X='386' Y='108' T='0' />
<Point X='386' Y='106' T='28' />
<Point X='386' Y='106' T='40' />
<Point X='385' Y='106' T='65' />
<Point X='382' Y='113' T='81' />
<Point X='377' Y='122' T='94' />
<Point X='373' Y='131' T='104' />
<Point X='364' Y='151' T='133' />
<Point X='359' Y='159' T='141' />
<Point X='352' Y='173' T='157' />
<Point X='348' Y='182' T='164' />
<Point X='340' Y='197' T='176' />
<Point X='331' Y='214' T='189' />
<Point X='322' Y='230' T='198' />
<Point X='311' Y='247' T='210' />
<Point X='292' Y='280' T='229' />
<Point X='285' Y='291' T='245' />
<Point X='276' Y='310' T='249' />
<Point X='265' Y='335' T='262' />
</Stroke>
<Stroke index = '1' >
<Point X='5' Y='585' T='17' />
<Point X='4' Y='584' T='31' />
<Point X='4' Y='584' T='44' />
<Point X='3' Y='583' T='56' />
<Point X='2' Y='583' T='67' />
<Point X='0' Y='581' T='83' />
<Point X='0' Y='580' T='95' />
<Point X='0' Y='579' T='105' />
<Point X='4' Y='575' T='134' />
<Point X='9' Y='571' T='143' />
<Point X='15' Y='567' T='158' />
<Point X='21' Y='561' T='166' />
<Point X='30' Y='554' T='177' />
<Point X='36' Y='547' T='190' />
<Point X='46' Y='536' T='199' />
<Point X='54' Y='526' T='212' />
<Point X='68' Y='503' T='230' />
<Point X='74' Y='493' T='245' />
<Point X='80' Y='484' T='249' />
<Point X='87' Y='475' T='263' />
</Stroke>
<Stroke index = '5' >
<Point X='454' Y='314' T='22' />
<Point X='454' Y='313' T='32' />
<Point X='454' Y='313' T='46' />
<Point X='454' Y='312' T='57' />
<Point X='454' Y='312' T='68' />
<Point X='454' Y='311' T='84' />
<Point X='454' Y='312' T='106' />
<Point X='454' Y='317' T='135' />
<Point X='452' Y='320' T='145' />
<Point X='446' Y='324' T='159' />
<Point X='436' Y='330' T='166' />
<Point X='420' Y='339' T='178' />
<Point X='401' Y='348' T='192' />
</Stroke>
<Stroke index = '3' >
<Point X='285' Y='0' T='35' />
<Point X='285' Y='0' T='58' />
<Point X='284' Y='1' T='69' />
<Point X='283' Y='8' T='85' />
<Point X='282' Y='13' T='96' />
<Point X='280' Y='18' T='107' />
<Point X='272' Y='30' T='136' />
<Point X='266' Y='39' T='148' />
<Point X='259' Y='49' T='160' />
<Point X='251' Y='65' T='167' />
<Point X='244' Y='79' T='179' />
<Point X='236' Y='97' T='193' />
<Point X='229' Y='116' T='201' />
<Point X='223' Y='136' T='215' />
<Point X='214' Y='174' T='230' />
<Point X='209' Y='186' T='246' />
<Point X='204' Y='202' T='249' />
<Point X='201' Y='215' T='263' />
</Stroke>
<Stroke index = '2' >
<Point X='66' Y='99' T='87' />
<Point X='66' Y='99' T='97' />
<Point X='66' Y='101' T='108' />
<Point X='64' Y='112' T='137' />
<Point X='63' Y='120' T='149' />
<Point X='63' Y='129' T='162' />
<Point X='63' Y='139' T='167' />
<Point X='63' Y='151' T='181' />
<Point X='63' Y='165' T='194' />
<Point X='63' Y='178' T='201' />
<Point X='64' Y='195' T='216' />
<Point X='66' Y='220' T='230' />
<Point X='68' Y='230' T='247' />
<Point X='70' Y='241' T='250' />
<Point X='72' Y='252' T='263' />
<Point X='73' Y='264' T='281' />
</Stroke>

</Gesture>
