<?xml version='1.0' encoding='utf-8' standalone='yes'?>
<Gesture Name ='5_1_7' Subject = 'test'  Speed = 'MEDIUM' NumPts = '70' InputType='finger' >

<Stroke index = '2' >
<Point X='107' Y='84' T='35' />
<Point X='107' Y='84' T='50' />
<Point X='107' Y='84' T='61' />
<Point X='108' Y='86' T='70' />
<Point X='109' Y='91' T='77' />
<Point X='109' Y='97' T='88' />
<Point X='110' Y='107' T='112' />
<Point X='111' Y='112' T='128' />
<Point X='112' Y='120' T='139' />
<Point X='113' Y='126' T='150' />
<Point X='116' Y='136' T='159' />
<Point X='119' Y='146' T='175' />
<Point X='124' Y='161' T='182' />
<Point X='142' Y='206' T='209' />
<Point X='159' Y='248' T='243' />
</Stroke>
<Stroke index = '3' >
<Point X='357' Y='0' T='27' />
<Point X='356' Y='0' T='32' />
<Point X='356' Y='0' T='48' />
<Point X='355' Y='0' T='61' />
<Point X='354' Y='2' T='70' />
<Point X='352' Y='7' T='75' />
<Point X='350' Y='12' T='87' />
<Point X='345' Y='24' T='112' />
<Point X='341' Y='33' T='127' />
<Point X='336' Y='42' T='138' />
<Point X='329' Y='54' T='150' />
<Point X='323' Y='67' T='159' />
<Point X='314' Y='82' T='171' />
<Point X='306' Y='101' T='181' />
</Stroke>
<Stroke index = '5' >
<Point X='539' Y='321' T='16' />
<Point X='539' Y='321' T='24' />
<Point X='539' Y='320' T='31' />
<Point X='539' Y='320' T='45' />
<Point X='539' Y='319' T='59' />
<Point X='539' Y='319' T='75' />
<Point X='539' Y='319' T='87' />
<Point X='537' Y='323' T='110' />
<Point X='536' Y='326' T='125' />
<Point X='532' Y='330' T='137' />
<Point X='524' Y='336' T='148' />
<Point X='514' Y='341' T='157' />
</Stroke>
<Stroke index = '1' >
<Point X='6' Y='628' T='4' />
<Point X='5' Y='627' T='13' />
<Point X='5' Y='627' T='21' />
<Point X='4' Y='625' T='29' />
<Point X='2' Y='623' T='43' />
<Point X='1' Y='620' T='58' />
<Point X='0' Y='617' T='69' />
<Point X='0' Y='613' T='75' />
<Point X='2' Y='609' T='87' />
<Point X='9' Y='597' T='108' />
<Point X='14' Y='591' T='125' />
<Point X='22' Y='580' T='136' />
<Point X='29' Y='571' T='148' />
<Point X='42' Y='555' T='157' />
<Point X='55' Y='540' T='169' />
</Stroke>
<Stroke index = '4' >
<Point X='465' Y='94' T='0' />
<Point X='465' Y='94' T='10' />
<Point X='465' Y='93' T='19' />
<Point X='465' Y='93' T='58' />
<Point X='464' Y='95' T='68' />
<Point X='462' Y='99' T='74' />
<Point X='459' Y='103' T='87' />
<Point X='452' Y='115' T='108' />
<Point X='448' Y='123' T='124' />
<Point X='443' Y='130' T='134' />
<Point X='437' Y='139' T='146' />
<Point X='431' Y='149' T='155' />
<Point X='422' Y='161' T='168' />
<Point X='412' Y='177' T='178' />
</Stroke>

</Gesture>
