<?xml version='1.0' encoding='utf-8' standalone='yes'?>
<Gesture Name ='5_1_5' Subject = 'test'  Speed = 'MEDIUM' NumPts = '95' InputType='finger' >

<Stroke index = '4' >
<Point X='477' Y='97' T='0' />
<Point X='477' Y='96' T='11' />
<Point X='476' Y='96' T='21' />
<Point X='476' Y='95' T='40' />
<Point X='475' Y='95' T='48' />
<Point X='475' Y='94' T='58' />
<Point X='474' Y='94' T='70' />
<Point X='474' Y='94' T='80' />
<Point X='473' Y='95' T='92' />
<Point X='472' Y='96' T='106' />
<Point X='471' Y='97' T='117' />
<Point X='469' Y='100' T='134' />
<Point X='467' Y='103' T='146' />
<Point X='465' Y='106' T='159' />
<Point X='462' Y='111' T='169' />
<Point X='454' Y='123' T='190' />
<Point X='448' Y='134' T='204' />
<Point X='440' Y='143' T='216' />
<Point X='430' Y='157' T='223' />
<Point X='420' Y='170' T='236' />
<Point X='406' Y='186' T='250' />
<Point X='379' Y='215' T='273' />
<Point X='352' Y='252' T='290' />
<Point X='335' Y='281' T='321' />
</Stroke>
<Stroke index = '5' >
<Point X='573' Y='335' T='4' />
<Point X='573' Y='335' T='12' />
<Point X='573' Y='334' T='22' />
<Point X='573' Y='334' T='42' />
<Point X='573' Y='333' T='48' />
<Point X='573' Y='333' T='58' />
<Point X='573' Y='332' T='71' />
<Point X='573' Y='332' T='82' />
<Point X='572' Y='332' T='93' />
<Point X='572' Y='332' T='107' />
<Point X='570' Y='332' T='117' />
<Point X='566' Y='332' T='134' />
<Point X='562' Y='333' T='147' />
<Point X='559' Y='335' T='159' />
<Point X='556' Y='337' T='171' />
<Point X='540' Y='348' T='192' />
<Point X='526' Y='355' T='205' />
<Point X='516' Y='361' T='216' />
<Point X='497' Y='372' T='224' />
</Stroke>
<Stroke index = '3' >
<Point X='374' Y='0' T='31' />
<Point X='374' Y='0' T='42' />
<Point X='373' Y='0' T='49' />
<Point X='373' Y='0' T='59' />
<Point X='372' Y='0' T='72' />
<Point X='372' Y='0' T='82' />
<Point X='371' Y='2' T='94' />
<Point X='369' Y='4' T='109' />
<Point X='368' Y='6' T='118' />
<Point X='365' Y='11' T='136' />
<Point X='363' Y='14' T='148' />
<Point X='361' Y='17' T='161' />
<Point X='359' Y='22' T='171' />
<Point X='350' Y='36' T='193' />
<Point X='345' Y='46' T='207' />
<Point X='337' Y='60' T='217' />
<Point X='328' Y='75' T='225' />
<Point X='317' Y='94' T='238' />
<Point X='305' Y='114' T='252' />
</Stroke>
<Stroke index = '1' >
<Point X='6' Y='669' T='52' />
<Point X='6' Y='669' T='60' />
<Point X='5' Y='668' T='73' />
<Point X='4' Y='668' T='83' />
<Point X='3' Y='667' T='94' />
<Point X='2' Y='667' T='110' />
<Point X='1' Y='666' T='120' />
<Point X='0' Y='665' T='137' />
<Point X='0' Y='662' T='150' />
<Point X='2' Y='657' T='162' />
<Point X='6' Y='652' T='173' />
<Point X='18' Y='635' T='193' />
<Point X='27' Y='624' T='207' />
<Point X='38' Y='609' T='218' />
<Point X='51' Y='591' T='225' />
<Point X='66' Y='572' T='239' />
</Stroke>
<Stroke index = '2' >
<Point X='113' Y='93' T='62' />
<Point X='112' Y='93' T='74' />
<Point X='112' Y='93' T='85' />
<Point X='110' Y='95' T='96' />
<Point X='108' Y='97' T='112' />
<Point X='107' Y='99' T='121' />
<Point X='104' Y='104' T='139' />
<Point X='104' Y='107' T='151' />
<Point X='103' Y='111' T='164' />
<Point X='103' Y='116' T='173' />
<Point X='104' Y='127' T='193' />
<Point X='105' Y='137' T='208' />
<Point X='107' Y='146' T='219' />
<Point X='109' Y='159' T='226' />
<Point X='112' Y='173' T='241' />
<Point X='115' Y='191' T='255' />
<Point X='123' Y='230' T='277' />
</Stroke>

</Gesture>
