<?xml version='1.0' encoding='utf-8' standalone='yes'?>
<Gesture Name ='5_1_13' Subject = 'test'  Speed = 'MEDIUM' NumPts = '204' InputType='finger' >

<Stroke index = '4' >
<Point X='437' Y='88' T='0' />
<Point X='437' Y='87' T='17' />
<Point X='437' Y='87' T='26' />
<Point X='437' Y='86' T='32' />
<Point X='437' Y='86' T='41' />
<Point X='436' Y='86' T='55' />
<Point X='436' Y='86' T='71' />
<Point X='435' Y='86' T='79' />
<Point X='435' Y='86' T='98' />
<Point X='434' Y='86' T='118' />
<Point X='434' Y='87' T='132' />
<Point X='434' Y='88' T='158' />
<Point X='434' Y='89' T='167' />
<Point X='433' Y='90' T='177' />
<Point X='433' Y='91' T='193' />
<Point X='432' Y='94' T='208' />
<Point X='432' Y='96' T='227' />
<Point X='431' Y='99' T='235' />
<Point X='430' Y='102' T='243' />
<Point X='429' Y='105' T='256' />
<Point X='428' Y='109' T='264' />
<Point X='426' Y='113' T='275' />
<Point X='424' Y='118' T='289' />
<Point X='422' Y='123' T='300' />
<Point X='419' Y='129' T='310' />
<Point X='414' Y='137' T='325' />
<Point X='409' Y='144' T='336' />
<Point X='404' Y='152' T='346' />
<Point X='399' Y='158' T='355' />
<Point X='393' Y='166' T='366' />
<Point X='388' Y='171' T='377' />
<Point X='383' Y='177' T='395' />
<Point X='379' Y='183' T='403' />
<Point X='377' Y='187' T='415' />
<Point X='374' Y='190' T='429' />
<Point X='367' Y='196' T='443' />
<Point X='363' Y='199' T='457' />
<Point X='360' Y='203' T='465' />
<Point X='359' Y='205' T='478' />
<Point X='357' Y='207' T='493' />
<Point X='355' Y='209' T='504' />
<Point X='354' Y='210' T='510' />
<Point X='351' Y='212' T='523' />
<Point X='348' Y='213' T='534' />
</Stroke>
<Stroke index = '3' >
<Point X='337' Y='3' T='8' />
<Point X='336' Y='3' T='22' />
<Point X='336' Y='2' T='27' />
<Point X='335' Y='2' T='34' />
<Point X='335' Y='1' T='43' />
<Point X='334' Y='1' T='56' />
<Point X='333' Y='0' T='73' />
<Point X='333' Y='0' T='80' />
<Point X='332' Y='0' T='99' />
<Point X='331' Y='0' T='109' />
<Point X='331' Y='0' T='119' />
<Point X='330' Y='0' T='134' />
<Point X='329' Y='2' T='159' />
<Point X='329' Y='4' T='169' />
<Point X='328' Y='6' T='178' />
<Point X='328' Y='8' T='194' />
<Point X='327' Y='13' T='209' />
<Point X='326' Y='16' T='228' />
<Point X='325' Y='21' T='236' />
<Point X='324' Y='26' T='245' />
<Point X='323' Y='32' T='258' />
<Point X='321' Y='38' T='265' />
<Point X='319' Y='46' T='277' />
<Point X='316' Y='54' T='290' />
<Point X='313' Y='62' T='301' />
<Point X='308' Y='73' T='312' />
<Point X='305' Y='82' T='326' />
<Point X='300' Y='94' T='336' />
<Point X='297' Y='102' T='347' />
<Point X='293' Y='112' T='356' />
<Point X='289' Y='120' T='366' />
<Point X='285' Y='127' T='379' />
<Point X='282' Y='135' T='396' />
<Point X='279' Y='141' T='404' />
<Point X='277' Y='146' T='417' />
<Point X='275' Y='152' T='430' />
<Point X='273' Y='163' T='444' />
<Point X='272' Y='168' T='458' />
<Point X='271' Y='171' T='466' />
<Point X='270' Y='175' T='479' />
<Point X='268' Y='179' T='494' />
<Point X='267' Y='183' T='506' />
<Point X='265' Y='187' T='511' />
<Point X='264' Y='190' T='524' />
<Point X='262' Y='194' T='536' />
</Stroke>
<Stroke index = '5' >
<Point X='508' Y='266' T='29' />
<Point X='508' Y='266' T='34' />
<Point X='508' Y='265' T='45' />
<Point X='508' Y='265' T='57' />
<Point X='508' Y='264' T='74' />
<Point X='508' Y='263' T='81' />
<Point X='508' Y='262' T='100' />
<Point X='508' Y='262' T='109' />
<Point X='508' Y='261' T='120' />
<Point X='508' Y='261' T='136' />
<Point X='508' Y='261' T='237' />
<Point X='508' Y='262' T='246' />
<Point X='508' Y='262' T='258' />
<Point X='507' Y='263' T='265' />
<Point X='506' Y='265' T='279' />
<Point X='504' Y='267' T='291' />
<Point X='500' Y='270' T='303' />
<Point X='495' Y='273' T='314' />
<Point X='491' Y='276' T='326' />
<Point X='487' Y='279' T='337' />
<Point X='482' Y='283' T='348' />
<Point X='476' Y='287' T='356' />
<Point X='470' Y='290' T='367' />
<Point X='464' Y='294' T='380' />
<Point X='455' Y='298' T='396' />
<Point X='449' Y='301' T='406' />
<Point X='443' Y='304' T='418' />
<Point X='437' Y='308' T='431' />
<Point X='425' Y='313' T='445' />
<Point X='419' Y='316' T='459' />
<Point X='412' Y='318' T='467' />
<Point X='407' Y='320' T='481' />
<Point X='403' Y='321' T='495' />
<Point X='398' Y='324' T='506' />
<Point X='393' Y='327' T='513' />
<Point X='389' Y='330' T='525' />
<Point X='386' Y='332' T='536' />
</Stroke>
<Stroke index = '2' >
<Point X='153' Y='65' T='59' />
<Point X='153' Y='64' T='75' />
<Point X='152' Y='64' T='83' />
<Point X='151' Y='64' T='101' />
<Point X='151' Y='64' T='111' />
<Point X='151' Y='64' T='137' />
<Point X='150' Y='66' T='160' />
<Point X='150' Y='68' T='170' />
<Point X='150' Y='70' T='180' />
<Point X='150' Y='73' T='195' />
<Point X='149' Y='79' T='210' />
<Point X='149' Y='82' T='229' />
<Point X='149' Y='87' T='238' />
<Point X='149' Y='92' T='248' />
<Point X='149' Y='97' T='260' />
<Point X='149' Y='102' T='266' />
<Point X='149' Y='108' T='281' />
<Point X='148' Y='116' T='293' />
<Point X='148' Y='124' T='304' />
<Point X='148' Y='133' T='316' />
<Point X='148' Y='142' T='326' />
<Point X='148' Y='152' T='338' />
<Point X='148' Y='161' T='348' />
<Point X='149' Y='170' T='357' />
<Point X='150' Y='179' T='367' />
<Point X='150' Y='185' T='382' />
<Point X='151' Y='192' T='396' />
<Point X='151' Y='198' T='408' />
<Point X='152' Y='205' T='419' />
<Point X='152' Y='209' T='432' />
<Point X='154' Y='219' T='447' />
<Point X='155' Y='224' T='461' />
<Point X='155' Y='228' T='468' />
<Point X='156' Y='231' T='482' />
<Point X='157' Y='234' T='496' />
<Point X='158' Y='238' T='506' />
<Point X='160' Y='241' T='514' />
<Point X='161' Y='244' T='527' />
<Point X='162' Y='247' T='538' />
</Stroke>
<Stroke index = '1' >
<Point X='1' Y='513' T='75' />
<Point X='0' Y='513' T='83' />
<Point X='0' Y='509' T='102' />
<Point X='0' Y='506' T='112' />
<Point X='1' Y='502' T='121' />
<Point X='2' Y='499' T='138' />
<Point X='6' Y='493' T='161' />
<Point X='9' Y='490' T='171' />
<Point X='12' Y='487' T='181' />
<Point X='15' Y='484' T='196' />
<Point X='21' Y='477' T='211' />
<Point X='25' Y='473' T='229' />
<Point X='29' Y='469' T='240' />
<Point X='34' Y='465' T='249' />
<Point X='39' Y='460' T='261' />
<Point X='43' Y='456' T='267' />
<Point X='48' Y='451' T='282' />
<Point X='54' Y='446' T='294' />
<Point X='59' Y='441' T='305' />
<Point X='64' Y='436' T='317' />
<Point X='71' Y='430' T='327' />
<Point X='79' Y='423' T='338' />
<Point X='86' Y='416' T='348' />
<Point X='96' Y='409' T='357' />
<Point X='104' Y='402' T='367' />
<Point X='116' Y='395' T='383' />
<Point X='124' Y='389' T='397' />
<Point X='132' Y='384' T='410' />
<Point X='140' Y='378' T='420' />
<Point X='145' Y='374' T='432' />
<Point X='155' Y='364' T='447' />
<Point X='159' Y='360' T='462' />
<Point X='163' Y='357' T='469' />
<Point X='167' Y='353' T='484' />
<Point X='170' Y='350' T='497' />
<Point X='175' Y='345' T='507' />
<Point X='181' Y='340' T='516' />
<Point X='186' Y='335' T='528' />
<Point X='191' Y='331' T='538' />
</Stroke>

</Gesture>
