<?xml version='1.0' encoding='utf-8' standalone='yes'?>
<Gesture Name ='5_1_16' Subject = 'test'  Speed = 'MEDIUM' NumPts = '180' InputType='finger' >

<Stroke index = '3' >
<Point X='288' Y='0' T='36' />
<Point X='288' Y='0' T='43' />
<Point X='287' Y='0' T='55' />
<Point X='285' Y='3' T='67' />
<Point X='282' Y='10' T='78' />
<Point X='276' Y='25' T='101' />
<Point X='274' Y='32' T='112' />
<Point X='272' Y='40' T='122' />
<Point X='270' Y='48' T='132' />
<Point X='268' Y='56' T='141' />
<Point X='266' Y='66' T='150' />
<Point X='264' Y='77' T='169' />
<Point X='261' Y='88' T='180' />
<Point X='258' Y='100' T='186' />
<Point X='255' Y='115' T='201' />
<Point X='252' Y='128' T='213' />
<Point X='250' Y='145' T='220' />
<Point X='247' Y='160' T='235' />
<Point X='243' Y='176' T='248' />
<Point X='239' Y='190' T='254' />
<Point X='235' Y='207' T='267' />
<Point X='231' Y='219' T='278' />
<Point X='228' Y='232' T='289' />
<Point X='225' Y='244' T='304' />
<Point X='222' Y='252' T='316' />
<Point X='220' Y='261' T='322' />
<Point X='218' Y='267' T='336' />
<Point X='217' Y='272' T='344' />
<Point X='216' Y='278' T='370' />
<Point X='216' Y='280' T='379' />
<Point X='215' Y='282' T='392' />
<Point X='215' Y='284' T='402' />
<Point X='215' Y='285' T='419' />
<Point X='215' Y='286' T='426' />
<Point X='215' Y='286' T='437' />
<Point X='215' Y='287' T='450' />
</Stroke>
<Stroke index = '2' >
<Point X='102' Y='88' T='45' />
<Point X='102' Y='88' T='56' />
<Point X='100' Y='90' T='68' />
<Point X='98' Y='98' T='81' />
<Point X='94' Y='114' T='102' />
<Point X='93' Y='122' T='113' />
<Point X='92' Y='130' T='123' />
<Point X='90' Y='138' T='132' />
<Point X='89' Y='147' T='142' />
<Point X='88' Y='158' T='151' />
<Point X='86' Y='168' T='170' />
<Point X='85' Y='180' T='180' />
<Point X='84' Y='191' T='187' />
<Point X='83' Y='206' T='202' />
<Point X='82' Y='218' T='215' />
<Point X='82' Y='230' T='222' />
<Point X='83' Y='247' T='236' />
<Point X='84' Y='255' T='249' />
<Point X='86' Y='271' T='255' />
<Point X='88' Y='279' T='268' />
<Point X='90' Y='291' T='279' />
<Point X='92' Y='299' T='291' />
<Point X='94' Y='309' T='306' />
<Point X='96' Y='315' T='316' />
<Point X='97' Y='321' T='322' />
<Point X='98' Y='327' T='337' />
<Point X='99' Y='331' T='345' />
<Point X='100' Y='336' T='371' />
<Point X='100' Y='338' T='379' />
<Point X='101' Y='339' T='392' />
<Point X='101' Y='340' T='403' />
<Point X='102' Y='341' T='419' />
<Point X='102' Y='342' T='426' />
<Point X='103' Y='343' T='439' />
<Point X='104' Y='344' T='451' />
</Stroke>
<Stroke index = '1' >
<Point X='9' Y='563' T='0' />
<Point X='8' Y='563' T='18' />
<Point X='6' Y='562' T='32' />
<Point X='4' Y='562' T='40' />
<Point X='2' Y='561' T='50' />
<Point X='1' Y='561' T='64' />
<Point X='1' Y='560' T='73' />
<Point X='0' Y='558' T='98' />
<Point X='1' Y='557' T='108' />
<Point X='2' Y='555' T='118' />
<Point X='4' Y='553' T='130' />
<Point X='8' Y='549' T='138' />
<Point X='14' Y='546' T='148' />
<Point X='19' Y='542' T='166' />
<Point X='25' Y='537' T='177' />
<Point X='34' Y='531' T='184' />
<Point X='41' Y='526' T='194' />
<Point X='55' Y='518' T='209' />
<Point X='63' Y='513' T='218' />
<Point X='73' Y='506' T='230' />
<Point X='81' Y='501' T='244' />
<Point X='87' Y='495' T='252' />
<Point X='94' Y='489' T='262' />
<Point X='100' Y='482' T='275' />
<Point X='108' Y='475' T='287' />
<Point X='118' Y='468' T='302' />
<Point X='126' Y='464' T='314' />
<Point X='132' Y='462' T='319' />
<Point X='136' Y='460' T='335' />
<Point X='140' Y='458' T='343' />
<Point X='142' Y='457' T='368' />
<Point X='143' Y='456' T='377' />
<Point X='143' Y='456' T='388' />
<Point X='143' Y='455' T='401' />
<Point X='143' Y='454' T='417' />
<Point X='143' Y='453' T='424' />
<Point X='143' Y='452' T='433' />
<Point X='143' Y='451' T='445' />
</Stroke>
<Stroke index = '5' >
<Point X='521' Y='280' T='11' />
<Point X='521' Y='279' T='20' />
<Point X='521' Y='279' T='34' />
<Point X='521' Y='279' T='52' />
<Point X='521' Y='279' T='66' />
<Point X='521' Y='280' T='74' />
<Point X='521' Y='285' T='99' />
<Point X='521' Y='289' T='110' />
<Point X='520' Y='292' T='120' />
<Point X='519' Y='296' T='131' />
<Point X='517' Y='302' T='139' />
<Point X='514' Y='308' T='150' />
<Point X='510' Y='313' T='166' />
<Point X='507' Y='317' T='178' />
<Point X='503' Y='323' T='186' />
<Point X='500' Y='328' T='195' />
<Point X='496' Y='332' T='211' />
<Point X='492' Y='336' T='218' />
<Point X='487' Y='340' T='232' />
<Point X='483' Y='346' T='245' />
<Point X='479' Y='351' T='253' />
<Point X='473' Y='355' T='264' />
<Point X='468' Y='359' T='276' />
<Point X='463' Y='362' T='288' />
<Point X='459' Y='366' T='303' />
<Point X='454' Y='369' T='315' />
<Point X='449' Y='373' T='321' />
<Point X='446' Y='375' T='335' />
<Point X='443' Y='377' T='344' />
<Point X='440' Y='378' T='369' />
<Point X='438' Y='379' T='378' />
<Point X='437' Y='379' T='388' />
<Point X='436' Y='379' T='401' />
<Point X='435' Y='379' T='417' />
<Point X='434' Y='379' T='425' />
<Point X='433' Y='379' T='435' />
</Stroke>
<Stroke index = '4' >
<Point X='409' Y='94' T='30' />
<Point X='409' Y='94' T='42' />
<Point X='408' Y='94' T='54' />
<Point X='408' Y='96' T='67' />
<Point X='406' Y='100' T='77' />
<Point X='402' Y='111' T='100' />
<Point X='400' Y='117' T='110' />
<Point X='398' Y='123' T='121' />
<Point X='397' Y='130' T='131' />
<Point X='395' Y='138' T='140' />
<Point X='393' Y='146' T='150' />
<Point X='390' Y='154' T='168' />
<Point X='385' Y='163' T='179' />
<Point X='381' Y='173' T='186' />
<Point X='377' Y='184' T='199' />
<Point X='373' Y='194' T='212' />
<Point X='365' Y='207' T='220' />
<Point X='359' Y='219' T='233' />
<Point X='353' Y='233' T='246' />
<Point X='344' Y='249' T='254' />
<Point X='336' Y='267' T='265' />
<Point X='328' Y='283' T='277' />
<Point X='320' Y='296' T='288' />
<Point X='314' Y='310' T='304' />
<Point X='310' Y='320' T='316' />
<Point X='307' Y='330' T='321' />
<Point X='304' Y='336' T='335' />
<Point X='302' Y='341' T='344' />
<Point X='299' Y='347' T='370' />
<Point X='298' Y='349' T='379' />
<Point X='298' Y='351' T='389' />
<Point X='297' Y='352' T='401' />
<Point X='297' Y='353' T='418' />
<Point X='297' Y='354' T='426' />
<Point X='297' Y='355' T='436' />
</Stroke>

</Gesture>
