<?xml version='1.0' encoding='utf-8' standalone='yes'?>
<Gesture Name ='5_1_8' Subject = 'test'  Speed = 'MEDIUM' NumPts = '122' InputType='finger' >

<Stroke index = '3' >
<Point X='383' Y='0' T='26' />
<Point X='383' Y='0' T='34' />
<Point X='382' Y='0' T='55' />
<Point X='382' Y='1' T='64' />
<Point X='381' Y='5' T='77' />
<Point X='377' Y='17' T='101' />
<Point X='373' Y='23' T='111' />
<Point X='369' Y='32' T='122' />
<Point X='365' Y='40' T='135' />
<Point X='361' Y='51' T='147' />
<Point X='355' Y='61' T='153' />
<Point X='348' Y='76' T='165' />
<Point X='342' Y='89' T='177' />
<Point X='334' Y='107' T='184' />
<Point X='325' Y='125' T='203' />
<Point X='315' Y='144' T='216' />
<Point X='305' Y='163' T='226' />
<Point X='296' Y='182' T='237' />
<Point X='286' Y='198' T='251' />
<Point X='278' Y='212' T='260' />
<Point X='254' Y='250' T='299' />
<Point X='250' Y='255' T='318' />
<Point X='247' Y='259' T='327' />
</Stroke>
<Stroke index = '1' >
<Point X='2' Y='652' T='24' />
<Point X='1' Y='652' T='32' />
<Point X='1' Y='651' T='44' />
<Point X='0' Y='651' T='55' />
<Point X='0' Y='650' T='63' />
<Point X='0' Y='648' T='77' />
<Point X='2' Y='644' T='101' />
<Point X='5' Y='641' T='110' />
<Point X='8' Y='638' T='121' />
<Point X='13' Y='634' T='134' />
<Point X='18' Y='629' T='146' />
<Point X='24' Y='624' T='152' />
<Point X='28' Y='619' T='165' />
<Point X='33' Y='613' T='176' />
<Point X='38' Y='607' T='184' />
<Point X='43' Y='602' T='203' />
<Point X='47' Y='597' T='215' />
<Point X='52' Y='591' T='222' />
<Point X='56' Y='586' T='235' />
<Point X='61' Y='580' T='250' />
<Point X='66' Y='574' T='258' />
<Point X='80' Y='557' T='298' />
<Point X='84' Y='554' T='316' />
<Point X='86' Y='552' T='325' />
<Point X='90' Y='549' T='365' />
</Stroke>
<Stroke index = '5' >
<Point X='570' Y='310' T='6' />
<Point X='570' Y='309' T='15' />
<Point X='570' Y='309' T='20' />
<Point X='570' Y='308' T='32' />
<Point X='571' Y='308' T='43' />
<Point X='571' Y='308' T='53' />
<Point X='572' Y='308' T='61' />
<Point X='572' Y='310' T='76' />
<Point X='571' Y='318' T='100' />
<Point X='566' Y='325' T='109' />
<Point X='560' Y='332' T='120' />
<Point X='555' Y='338' T='134' />
<Point X='548' Y='345' T='144' />
<Point X='539' Y='353' T='151' />
<Point X='530' Y='360' T='163' />
<Point X='518' Y='370' T='176' />
<Point X='509' Y='377' T='183' />
<Point X='494' Y='387' T='201' />
<Point X='483' Y='396' T='214' />
<Point X='469' Y='405' T='222' />
<Point X='453' Y='415' T='234' />
<Point X='439' Y='422' T='249' />
<Point X='426' Y='431' T='258' />
<Point X='389' Y='454' T='296' />
<Point X='384' Y='458' T='315' />
</Stroke>
<Stroke index = '4' >
<Point X='486' Y='94' T='0' />
<Point X='485' Y='93' T='11' />
<Point X='485' Y='93' T='41' />
<Point X='484' Y='93' T='52' />
<Point X='483' Y='94' T='60' />
<Point X='481' Y='98' T='74' />
<Point X='475' Y='110' T='99' />
<Point X='471' Y='118' T='107' />
<Point X='468' Y='126' T='119' />
<Point X='464' Y='134' T='132' />
<Point X='459' Y='144' T='143' />
<Point X='455' Y='154' T='150' />
<Point X='449' Y='166' T='161' />
<Point X='443' Y='177' T='175' />
<Point X='435' Y='190' T='183' />
<Point X='428' Y='205' T='199' />
<Point X='420' Y='217' T='212' />
<Point X='409' Y='233' T='221' />
<Point X='397' Y='249' T='233' />
<Point X='385' Y='262' T='246' />
<Point X='372' Y='277' T='256' />
<Point X='339' Y='314' T='296' />
<Point X='335' Y='319' T='314' />
<Point X='332' Y='322' T='323' />
</Stroke>
<Stroke index = '2' >
<Point X='166' Y='78' T='28' />
<Point X='165' Y='78' T='34' />
<Point X='165' Y='78' T='45' />
<Point X='164' Y='78' T='57' />
<Point X='164' Y='80' T='65' />
<Point X='163' Y='85' T='78' />
<Point X='162' Y='96' T='102' />
<Point X='161' Y='103' T='112' />
<Point X='160' Y='110' T='123' />
<Point X='159' Y='118' T='135' />
<Point X='158' Y='127' T='148' />
<Point X='157' Y='137' T='154' />
<Point X='156' Y='147' T='166' />
<Point X='155' Y='159' T='178' />
<Point X='153' Y='170' T='184' />
<Point X='151' Y='185' T='204' />
<Point X='148' Y='198' T='217' />
<Point X='144' Y='212' T='228' />
<Point X='141' Y='227' T='238' />
<Point X='138' Y='239' T='251' />
<Point X='135' Y='252' T='261' />
<Point X='124' Y='281' T='300' />
<Point X='122' Y='286' T='318' />
<Point X='120' Y='289' T='328' />
<Point X='118' Y='294' T='367' />
</Stroke>

</Gesture>
