<?xml version='1.0' encoding='utf-8' standalone='yes'?>
<Gesture Name ='5_1_20' Subject = 'test'  Speed = 'MEDIUM' NumPts = '139' InputType='finger' >

<Stroke index = '5' >
<Point X='559' Y='296' T='8' />
<Point X='559' Y='296' T='17' />
<Point X='559' Y='295' T='28' />
<Point X='559' Y='295' T='44' />
<Point X='559' Y='294' T='54' />
<Point X='559' Y='294' T='76' />
<Point X='559' Y='294' T='104' />
<Point X='559' Y='294' T='150' />
<Point X='559' Y='295' T='161' />
<Point X='559' Y='296' T='184' />
<Point X='559' Y='299' T='214' />
<Point X='559' Y='301' T='224' />
<Point X='557' Y='304' T='233' />
<Point X='555' Y='307' T='247' />
<Point X='547' Y='317' T='266' />
<Point X='543' Y='321' T='280' />
<Point X='534' Y='327' T='291' />
<Point X='526' Y='332' T='301' />
<Point X='515' Y='339' T='315' />
<Point X='496' Y='350' T='331' />
<Point X='486' Y='356' T='346' />
</Stroke>
<Stroke index = '2' >
<Point X='117' Y='88' T='21' />
<Point X='117' Y='87' T='30' />
<Point X='116' Y='87' T='45' />
<Point X='116' Y='87' T='55' />
<Point X='115' Y='87' T='77' />
<Point X='115' Y='88' T='106' />
<Point X='115' Y='89' T='118' />
<Point X='115' Y='90' T='128' />
<Point X='115' Y='93' T='151' />
<Point X='115' Y='95' T='162' />
<Point X='115' Y='101' T='185' />
<Point X='115' Y='109' T='215' />
<Point X='115' Y='113' T='225' />
<Point X='115' Y='119' T='235' />
<Point X='115' Y='125' T='248' />
<Point X='116' Y='139' T='267' />
<Point X='117' Y='147' T='280' />
<Point X='118' Y='154' T='293' />
<Point X='119' Y='164' T='301' />
<Point X='121' Y='172' T='316' />
<Point X='126' Y='192' T='331' />
<Point X='127' Y='200' T='346' />
<Point X='130' Y='211' T='357' />
<Point X='132' Y='218' T='365' />
<Point X='144' Y='249' T='397' />
<Point X='147' Y='259' T='409' />
<Point X='149' Y='268' T='419' />
<Point X='152' Y='276' T='432' />
<Point X='154' Y='283' T='444' />
<Point X='157' Y='290' T='455' />
</Stroke>
<Stroke index = '4' >
<Point X='427' Y='83' T='0' />
<Point X='427' Y='83' T='17' />
<Point X='426' Y='83' T='42' />
<Point X='426' Y='83' T='52' />
<Point X='425' Y='83' T='75' />
<Point X='425' Y='83' T='89' />
<Point X='425' Y='84' T='103' />
<Point X='424' Y='85' T='117' />
<Point X='424' Y='86' T='125' />
<Point X='423' Y='89' T='150' />
<Point X='423' Y='91' T='159' />
<Point X='422' Y='95' T='183' />
<Point X='420' Y='102' T='213' />
<Point X='419' Y='107' T='221' />
<Point X='419' Y='111' T='231' />
<Point X='418' Y='115' T='245' />
<Point X='415' Y='126' T='265' />
<Point X='414' Y='132' T='278' />
<Point X='412' Y='138' T='290' />
<Point X='408' Y='147' T='299' />
<Point X='405' Y='153' T='314' />
<Point X='397' Y='167' T='329' />
<Point X='393' Y='174' T='343' />
<Point X='390' Y='180' T='356' />
<Point X='386' Y='186' T='363' />
<Point X='374' Y='206' T='396' />
<Point X='371' Y='211' T='408' />
<Point X='368' Y='215' T='418' />
<Point X='365' Y='219' T='430' />
<Point X='363' Y='222' T='443' />
<Point X='361' Y='225' T='453' />
<Point X='357' Y='231' T='480' />
</Stroke>
<Stroke index = '3' >
<Point X='309' Y='0' T='32' />
<Point X='309' Y='0' T='57' />
<Point X='307' Y='1' T='78' />
<Point X='306' Y='2' T='91' />
<Point X='304' Y='6' T='108' />
<Point X='304' Y='7' T='118' />
<Point X='303' Y='9' T='129' />
<Point X='301' Y='13' T='152' />
<Point X='300' Y='15' T='163' />
<Point X='298' Y='21' T='186' />
<Point X='296' Y='30' T='216' />
<Point X='295' Y='35' T='226' />
<Point X='294' Y='41' T='236' />
<Point X='293' Y='47' T='248' />
<Point X='291' Y='63' T='269' />
<Point X='289' Y='71' T='282' />
<Point X='287' Y='80' T='294' />
<Point X='285' Y='89' T='303' />
<Point X='282' Y='101' T='318' />
<Point X='277' Y='121' T='333' />
<Point X='274' Y='130' T='348' />
<Point X='272' Y='141' T='358' />
<Point X='269' Y='152' T='366' />
<Point X='265' Y='188' T='398' />
<Point X='263' Y='202' T='410' />
<Point X='261' Y='217' T='422' />
<Point X='259' Y='240' T='433' />
</Stroke>
<Stroke index = '1' >
<Point X='3' Y='632' T='48' />
<Point X='2' Y='632' T='58' />
<Point X='1' Y='631' T='81' />
<Point X='1' Y='630' T='91' />
<Point X='0' Y='628' T='109' />
<Point X='0' Y='627' T='120' />
<Point X='0' Y='626' T='130' />
<Point X='0' Y='620' T='152' />
<Point X='1' Y='616' T='164' />
<Point X='3' Y='606' T='186' />
<Point X='8' Y='593' T='217' />
<Point X='12' Y='587' T='227' />
<Point X='17' Y='580' T='237' />
<Point X='22' Y='571' T='250' />
<Point X='35' Y='556' T='271' />
<Point X='42' Y='548' T='283' />
<Point X='50' Y='540' T='296' />
<Point X='56' Y='533' T='304' />
<Point X='66' Y='524' T='318' />
<Point X='87' Y='506' T='333' />
<Point X='98' Y='498' T='349' />
<Point X='112' Y='487' T='360' />
<Point X='122' Y='479' T='367' />
<Point X='155' Y='452' T='399' />
<Point X='163' Y='445' T='411' />
<Point X='173' Y='438' T='422' />
<Point X='183' Y='432' T='433' />
<Point X='192' Y='427' T='446' />
<Point X='199' Y='424' T='456' />
</Stroke>

</Gesture>
