<?xml version='1.0' encoding='utf-8' standalone='yes'?>
<Gesture Name ='5_1_17' Subject = 'test'  Speed = 'MEDIUM' NumPts = '182' InputType='finger' >

<Stroke index = '2' >
<Point X='120' Y='84' T='25' />
<Point X='120' Y='84' T='31' />
<Point X='119' Y='85' T='40' />
<Point X='118' Y='98' T='68' />
<Point X='117' Y='116' T='92' />
<Point X='117' Y='126' T='106' />
<Point X='116' Y='147' T='121' />
<Point X='117' Y='159' T='137' />
<Point X='118' Y='171' T='147' />
<Point X='119' Y='183' T='159' />
<Point X='119' Y='209' T='174' />
<Point X='119' Y='225' T='187' />
<Point X='119' Y='237' T='197' />
<Point X='119' Y='249' T='208' />
<Point X='119' Y='263' T='222' />
<Point X='119' Y='272' T='229' />
<Point X='120' Y='285' T='241' />
<Point X='121' Y='293' T='258' />
<Point X='123' Y='312' T='279' />
<Point X='124' Y='320' T='292' />
<Point X='125' Y='329' T='305' />
<Point X='125' Y='335' T='315' />
<Point X='126' Y='343' T='325' />
<Point X='127' Y='354' T='343' />
<Point X='128' Y='358' T='356' />
<Point X='128' Y='362' T='366' />
<Point X='129' Y='366' T='378' />
<Point X='129' Y='369' T='394' />
<Point X='130' Y='371' T='407' />
<Point X='131' Y='373' T='418' />
<Point X='131' Y='374' T='426' />
<Point X='132' Y='375' T='437' />
<Point X='132' Y='375' T='447' />
<Point X='132' Y='376' T='462' />
<Point X='132' Y='376' T='468' />
<Point X='133' Y='376' T='494' />
<Point X='133' Y='376' T='528' />
</Stroke>
<Stroke index = '5' >
<Point X='541' Y='284' T='0' />
<Point X='541' Y='284' T='5' />
<Point X='541' Y='284' T='20' />
<Point X='541' Y='284' T='39' />
<Point X='541' Y='285' T='66' />
<Point X='542' Y='289' T='90' />
<Point X='542' Y='294' T='104' />
<Point X='542' Y='305' T='118' />
<Point X='541' Y='310' T='132' />
<Point X='538' Y='316' T='145' />
<Point X='535' Y='322' T='156' />
<Point X='526' Y='334' T='172' />
<Point X='522' Y='340' T='185' />
<Point X='517' Y='347' T='196' />
<Point X='512' Y='352' T='205' />
<Point X='506' Y='358' T='220' />
<Point X='502' Y='364' T='227' />
<Point X='498' Y='369' T='240' />
<Point X='495' Y='373' T='256' />
<Point X='488' Y='380' T='277' />
<Point X='485' Y='383' T='290' />
<Point X='483' Y='386' T='303' />
<Point X='481' Y='389' T='312' />
<Point X='479' Y='391' T='324' />
<Point X='477' Y='394' T='341' />
<Point X='476' Y='394' T='354' />
<Point X='475' Y='395' T='365' />
<Point X='474' Y='396' T='375' />
<Point X='472' Y='396' T='392' />
<Point X='471' Y='397' T='406' />
<Point X='469' Y='397' T='417' />
<Point X='468' Y='397' T='424' />
<Point X='467' Y='397' T='435' />
<Point X='466' Y='397' T='445' />
<Point X='465' Y='397' T='458' />
<Point X='465' Y='397' T='467' />
</Stroke>
<Stroke index = '4' >
<Point X='432' Y='87' T='-25' />
<Point X='432' Y='87' T='18' />
<Point X='432' Y='87' T='37' />
<Point X='431' Y='92' T='64' />
<Point X='427' Y='103' T='88' />
<Point X='426' Y='111' T='101' />
<Point X='422' Y='127' T='116' />
<Point X='420' Y='137' T='129' />
<Point X='418' Y='146' T='142' />
<Point X='416' Y='157' T='154' />
<Point X='410' Y='180' T='171' />
<Point X='406' Y='189' T='183' />
<Point X='401' Y='203' T='194' />
<Point X='398' Y='212' T='204' />
<Point X='393' Y='224' T='217' />
<Point X='389' Y='233' T='225' />
<Point X='383' Y='245' T='239' />
<Point X='380' Y='251' T='256' />
<Point X='374' Y='268' T='274' />
<Point X='371' Y='275' T='287' />
<Point X='367' Y='283' T='300' />
<Point X='364' Y='289' T='310' />
<Point X='360' Y='295' T='323' />
<Point X='356' Y='307' T='338' />
<Point X='355' Y='311' T='351' />
<Point X='354' Y='313' T='363' />
<Point X='353' Y='317' T='373' />
<Point X='351' Y='320' T='389' />
<Point X='350' Y='324' T='401' />
<Point X='349' Y='326' T='414' />
<Point X='348' Y='328' T='422' />
<Point X='347' Y='330' T='432' />
<Point X='346' Y='331' T='442' />
<Point X='345' Y='332' T='455' />
<Point X='345' Y='332' T='465' />
<Point X='344' Y='333' T='490' />
</Stroke>
<Stroke index = '3' >
<Point X='303' Y='0' T='-6' />
<Point X='302' Y='0' T='20' />
<Point X='302' Y='0' T='29' />
<Point X='301' Y='1' T='38' />
<Point X='299' Y='13' T='65' />
<Point X='296' Y='29' T='89' />
<Point X='295' Y='38' T='102' />
<Point X='291' Y='57' T='116' />
<Point X='290' Y='70' T='131' />
<Point X='288' Y='81' T='144' />
<Point X='287' Y='94' T='155' />
<Point X='283' Y='121' T='171' />
<Point X='281' Y='134' T='183' />
<Point X='278' Y='148' T='195' />
<Point X='276' Y='160' T='205' />
<Point X='273' Y='174' T='219' />
<Point X='271' Y='185' T='226' />
<Point X='269' Y='197' T='239' />
<Point X='267' Y='207' T='256' />
<Point X='263' Y='227' T='275' />
<Point X='261' Y='235' T='289' />
<Point X='259' Y='244' T='302' />
<Point X='257' Y='250' T='311' />
<Point X='255' Y='256' T='323' />
<Point X='253' Y='267' T='339' />
<Point X='253' Y='271' T='352' />
<Point X='252' Y='275' T='364' />
<Point X='252' Y='278' T='374' />
<Point X='251' Y='282' T='391' />
<Point X='251' Y='284' T='404' />
<Point X='251' Y='286' T='416' />
<Point X='251' Y='287' T='423' />
<Point X='251' Y='288' T='434' />
<Point X='251' Y='289' T='444' />
<Point X='251' Y='289' T='456' />
<Point X='251' Y='290' T='466' />
</Stroke>
<Stroke index = '1' >
<Point X='0' Y='618' T='22' />
<Point X='0' Y='617' T='31' />
<Point X='0' Y='616' T='40' />
<Point X='1' Y='608' T='67' />
<Point X='8' Y='598' T='91' />
<Point X='13' Y='593' T='105' />
<Point X='25' Y='583' T='120' />
<Point X='32' Y='578' T='134' />
<Point X='38' Y='574' T='146' />
<Point X='44' Y='570' T='158' />
<Point X='57' Y='561' T='173' />
<Point X='63' Y='556' T='186' />
<Point X='73' Y='552' T='196' />
<Point X='79' Y='549' T='207' />
<Point X='85' Y='546' T='221' />
<Point X='93' Y='543' T='228' />
<Point X='98' Y='541' T='241' />
<Point X='104' Y='538' T='257' />
<Point X='112' Y='533' T='278' />
<Point X='117' Y='530' T='291' />
<Point X='121' Y='527' T='304' />
<Point X='124' Y='523' T='313' />
<Point X='127' Y='520' T='325' />
<Point X='135' Y='513' T='342' />
<Point X='138' Y='510' T='355' />
<Point X='141' Y='508' T='365' />
<Point X='144' Y='505' T='376' />
<Point X='146' Y='503' T='393' />
<Point X='148' Y='500' T='407' />
<Point X='150' Y='498' T='418' />
<Point X='152' Y='495' T='425' />
<Point X='153' Y='493' T='436' />
<Point X='154' Y='490' T='446' />
<Point X='155' Y='488' T='458' />
<Point X='155' Y='486' T='468' />
<Point X='156' Y='483' T='494' />
<Point X='156' Y='481' T='527' />
</Stroke>

</Gesture>
