<?xml version='1.0' encoding='utf-8' standalone='yes'?>
<Gesture Name ='5_1_12' Subject = 'test'  Speed = 'MEDIUM' NumPts = '120' InputType='finger' >

<Stroke index = '1' >
<Point X='3' Y='600' T='58' />
<Point X='2' Y='599' T='78' />
<Point X='1' Y='596' T='89' />
<Point X='0' Y='593' T='101' />
<Point X='0' Y='588' T='112' />
<Point X='1' Y='584' T='119' />
<Point X='5' Y='573' T='144' />
<Point X='10' Y='566' T='158' />
<Point X='16' Y='558' T='167' />
<Point X='23' Y='549' T='180' />
<Point X='31' Y='539' T='194' />
<Point X='39' Y='529' T='205' />
<Point X='52' Y='517' T='217' />
<Point X='62' Y='507' T='227' />
<Point X='80' Y='494' T='243' />
<Point X='88' Y='487' T='250' />
<Point X='103' Y='476' T='260' />
<Point X='111' Y='469' T='276' />
<Point X='123' Y='459' T='287' />
<Point X='131' Y='453' T='294' />
<Point X='141' Y='446' T='305' />
<Point X='150' Y='441' T='313' />
</Stroke>
<Stroke index = '2' >
<Point X='112' Y='74' T='51' />
<Point X='111' Y='74' T='56' />
<Point X='110' Y='74' T='77' />
<Point X='109' Y='76' T='88' />
<Point X='108' Y='81' T='99' />
<Point X='106' Y='86' T='111' />
<Point X='105' Y='92' T='119' />
<Point X='102' Y='108' T='143' />
<Point X='101' Y='118' T='156' />
<Point X='99' Y='127' T='166' />
<Point X='99' Y='138' T='179' />
<Point X='99' Y='148' T='193' />
<Point X='100' Y='159' T='204' />
<Point X='101' Y='170' T='216' />
<Point X='102' Y='183' T='226' />
<Point X='104' Y='193' T='240' />
<Point X='106' Y='208' T='249' />
<Point X='108' Y='218' T='260' />
<Point X='112' Y='236' T='275' />
<Point X='114' Y='244' T='287' />
<Point X='118' Y='257' T='294' />
<Point X='121' Y='265' T='304' />
<Point X='123' Y='274' T='313' />
<Point X='125' Y='280' T='327' />
</Stroke>
<Stroke index = '5' >
<Point X='528' Y='299' T='40' />
<Point X='528' Y='298' T='48' />
<Point X='528' Y='298' T='75' />
<Point X='529' Y='298' T='86' />
<Point X='529' Y='298' T='99' />
<Point X='529' Y='298' T='110' />
<Point X='530' Y='298' T='142' />
<Point X='530' Y='299' T='155' />
<Point X='529' Y='300' T='165' />
<Point X='528' Y='303' T='178' />
<Point X='527' Y='306' T='192' />
<Point X='525' Y='310' T='203' />
<Point X='522' Y='314' T='216' />
<Point X='517' Y='317' T='225' />
<Point X='512' Y='321' T='239' />
<Point X='507' Y='324' T='248' />
<Point X='499' Y='329' T='259' />
<Point X='490' Y='334' T='275' />
<Point X='482' Y='338' T='286' />
<Point X='472' Y='341' T='293' />
<Point X='465' Y='343' T='303' />
</Stroke>
<Stroke index = '3' >
<Point X='298' Y='1' T='14' />
<Point X='298' Y='1' T='22' />
<Point X='297' Y='1' T='28' />
<Point X='297' Y='0' T='46' />
<Point X='296' Y='0' T='54' />
<Point X='295' Y='1' T='74' />
<Point X='295' Y='2' T='85' />
<Point X='294' Y='6' T='98' />
<Point X='292' Y='12' T='108' />
<Point X='290' Y='18' T='119' />
<Point X='285' Y='33' T='141' />
<Point X='282' Y='43' T='153' />
<Point X='279' Y='54' T='163' />
<Point X='275' Y='64' T='177' />
<Point X='273' Y='76' T='191' />
<Point X='270' Y='86' T='202' />
<Point X='266' Y='100' T='215' />
<Point X='264' Y='110' T='224' />
<Point X='261' Y='126' T='238' />
<Point X='258' Y='139' T='247' />
<Point X='255' Y='154' T='259' />
<Point X='253' Y='169' T='274' />
<Point X='252' Y='178' T='286' />
<Point X='250' Y='191' T='293' />
<Point X='248' Y='198' T='302' />
<Point X='246' Y='206' T='311' />
<Point X='244' Y='213' T='324' />
</Stroke>
<Stroke index = '4' >
<Point X='415' Y='88' T='0' />
<Point X='415' Y='88' T='18' />
<Point X='415' Y='88' T='26' />
<Point X='415' Y='88' T='44' />
<Point X='414' Y='88' T='73' />
<Point X='414' Y='89' T='83' />
<Point X='414' Y='89' T='96' />
<Point X='413' Y='91' T='107' />
<Point X='413' Y='93' T='117' />
<Point X='409' Y='102' T='140' />
<Point X='407' Y='107' T='152' />
<Point X='404' Y='113' T='163' />
<Point X='400' Y='121' T='176' />
<Point X='397' Y='128' T='191' />
<Point X='394' Y='136' T='201' />
<Point X='388' Y='146' T='213' />
<Point X='383' Y='154' T='223' />
<Point X='377' Y='166' T='237' />
<Point X='372' Y='175' T='246' />
<Point X='364' Y='190' T='258' />
<Point X='360' Y='196' T='274' />
<Point X='354' Y='209' T='284' />
<Point X='351' Y='214' T='292' />
<Point X='346' Y='221' T='301' />
<Point X='343' Y='227' T='309' />
<Point X='340' Y='232' T='322' />
</Stroke>

</Gesture>
