<?xml version='1.0' encoding='utf-8' standalone='yes'?>
<Gesture Name ='5_1_2' Subject = 'test'  Speed = 'MEDIUM' NumPts = '100' InputType='finger' >

<Stroke index = '4' >
<Point X='464' Y='119' T='0' />
<Point X='460' Y='111' T='44' />
<Point X='460' Y='109' T='56' />
<Point X='460' Y='108' T='70' />
<Point X='460' Y='107' T='80' />
<Point X='459' Y='107' T='93' />
<Point X='459' Y='107' T='113' />
<Point X='458' Y='110' T='140' />
<Point X='457' Y='112' T='149' />
<Point X='456' Y='115' T='159' />
<Point X='455' Y='119' T='177' />
<Point X='452' Y='124' T='188' />
<Point X='448' Y='130' T='197' />
<Point X='443' Y='138' T='215' />
<Point X='432' Y='155' T='231' />
<Point X='425' Y='163' T='246' />
<Point X='409' Y='185' T='261' />
<Point X='399' Y='197' T='275' />
<Point X='391' Y='205' T='285' />
<Point X='382' Y='215' T='295' />
</Stroke>
<Stroke index = '5' >
<Point X='563' Y='362' T='47' />
<Point X='563' Y='362' T='57' />
<Point X='563' Y='361' T='71' />
<Point X='563' Y='361' T='82' />
<Point X='563' Y='360' T='94' />
<Point X='563' Y='359' T='114' />
<Point X='563' Y='359' T='141' />
<Point X='563' Y='360' T='151' />
<Point X='563' Y='361' T='160' />
<Point X='562' Y='363' T='178' />
<Point X='560' Y='367' T='190' />
<Point X='556' Y='371' T='198' />
<Point X='550' Y='375' T='216' />
<Point X='532' Y='383' T='232' />
<Point X='525' Y='386' T='248' />
<Point X='506' Y='394' T='262' />
<Point X='499' Y='395' T='276' />
<Point X='490' Y='397' T='287' />
<Point X='484' Y='397' T='296' />
<Point X='479' Y='398' T='309' />
<Point X='473' Y='398' T='321' />
<Point X='451' Y='400' T='347' />
</Stroke>
<Stroke index = '3' >
<Point X='323' Y='0' T='64' />
<Point X='323' Y='0' T='82' />
<Point X='322' Y='0' T='95' />
<Point X='321' Y='1' T='115' />
<Point X='317' Y='6' T='141' />
<Point X='314' Y='10' T='152' />
<Point X='312' Y='15' T='161' />
<Point X='310' Y='20' T='180' />
<Point X='308' Y='26' T='190' />
<Point X='305' Y='33' T='199' />
<Point X='301' Y='39' T='218' />
<Point X='293' Y='57' T='234' />
<Point X='289' Y='70' T='249' />
<Point X='278' Y='96' T='263' />
<Point X='272' Y='111' T='277' />
<Point X='268' Y='126' T='288' />
<Point X='265' Y='143' T='296' />
</Stroke>
<Stroke index = '1' >
<Point X='4' Y='706' T='84' />
<Point X='4' Y='706' T='96' />
<Point X='3' Y='704' T='116' />
<Point X='1' Y='699' T='143' />
<Point X='0' Y='697' T='152' />
<Point X='0' Y='694' T='162' />
<Point X='1' Y='691' T='182' />
<Point X='3' Y='685' T='192' />
<Point X='6' Y='678' T='201' />
<Point X='10' Y='670' T='219' />
<Point X='22' Y='650' T='235' />
<Point X='29' Y='637' T='250' />
<Point X='43' Y='612' T='264' />
<Point X='49' Y='599' T='278' />
<Point X='53' Y='591' T='289' />
<Point X='59' Y='582' T='299' />
<Point X='64' Y='573' T='311' />
<Point X='67' Y='567' T='324' />
<Point X='78' Y='547' T='349' />
<Point X='81' Y='542' T='362' />
<Point X='83' Y='538' T='379' />
</Stroke>
<Stroke index = '2' >
<Point X='74' Y='88' T='98' />
<Point X='73' Y='88' T='117' />
<Point X='71' Y='95' T='144' />
<Point X='70' Y='99' T='153' />
<Point X='69' Y='103' T='162' />
<Point X='67' Y='108' T='182' />
<Point X='66' Y='114' T='193' />
<Point X='65' Y='120' T='201' />
<Point X='64' Y='125' T='220' />
<Point X='65' Y='140' T='236' />
<Point X='66' Y='147' T='251' />
<Point X='71' Y='163' T='265' />
<Point X='74' Y='171' T='279' />
<Point X='77' Y='179' T='289' />
<Point X='79' Y='186' T='301' />
<Point X='80' Y='192' T='312' />
<Point X='82' Y='201' T='325' />
<Point X='85' Y='220' T='350' />
<Point X='85' Y='226' T='363' />
<Point X='86' Y='231' T='380' />
</Stroke>

</Gesture>
