<?xml version='1.0' encoding='utf-8' standalone='yes'?>
<Gesture Name ='5_1_11' Subject = 'test'  Speed = 'MEDIUM' NumPts = '191' InputType='finger' >

<Stroke index = '5' >
<Point X='504' Y='290' T='30' />
<Point X='504' Y='289' T='52' />
<Point X='504' Y='289' T='78' />
<Point X='505' Y='289' T='87' />
<Point X='506' Y='288' T='108' />
<Point X='506' Y='288' T='149' />
<Point X='506' Y='288' T='158' />
<Point X='506' Y='289' T='181' />
<Point X='506' Y='290' T='195' />
<Point X='506' Y='293' T='205' />
<Point X='504' Y='298' T='214' />
<Point X='502' Y='303' T='235' />
<Point X='496' Y='314' T='248' />
<Point X='491' Y='321' T='263' />
<Point X='481' Y='333' T='277' />
<Point X='475' Y='339' T='292' />
<Point X='468' Y='345' T='304' />
<Point X='461' Y='352' T='318' />
<Point X='455' Y='357' T='327' />
<Point X='449' Y='363' T='339' />
<Point X='442' Y='368' T='347' />
<Point X='436' Y='372' T='362' />
<Point X='433' Y='374' T='371' />
<Point X='430' Y='377' T='384' />
<Point X='423' Y='383' T='401' />
</Stroke>
<Stroke index = '1' >
<Point X='1' Y='537' T='81' />
<Point X='0' Y='537' T='88' />
<Point X='0' Y='531' T='111' />
<Point X='1' Y='527' T='124' />
<Point X='2' Y='523' T='131' />
<Point X='4' Y='519' T='150' />
<Point X='7' Y='516' T='161' />
<Point X='13' Y='509' T='183' />
<Point X='16' Y='505' T='197' />
<Point X='20' Y='502' T='206' />
<Point X='24' Y='499' T='216' />
<Point X='28' Y='497' T='236' />
<Point X='36' Y='493' T='250' />
<Point X='42' Y='490' T='265' />
<Point X='54' Y='486' T='280' />
<Point X='60' Y='484' T='295' />
<Point X='66' Y='482' T='307' />
<Point X='72' Y='481' T='319' />
<Point X='78' Y='479' T='330' />
<Point X='83' Y='478' T='341' />
<Point X='88' Y='476' T='349' />
<Point X='93' Y='474' T='365' />
<Point X='95' Y='473' T='373' />
<Point X='98' Y='472' T='385' />
<Point X='102' Y='470' T='403' />
<Point X='104' Y='470' T='415' />
<Point X='106' Y='469' T='425' />
<Point X='111' Y='468' T='450' />
<Point X='113' Y='467' T='459' />
<Point X='116' Y='467' T='469' />
<Point X='119' Y='467' T='483' />
<Point X='123' Y='467' T='493' />
<Point X='127' Y='467' T='507' />
<Point X='131' Y='467' T='518' />
<Point X='134' Y='467' T='525' />
<Point X='136' Y='467' T='537' />
<Point X='138' Y='467' T='549' />
<Point X='139' Y='467' T='557' />
<Point X='140' Y='467' T='569' />
</Stroke>
<Stroke index = '2' >
<Point X='121' Y='54' T='54' />
<Point X='121' Y='54' T='64' />
<Point X='121' Y='54' T='79' />
<Point X='121' Y='54' T='88' />
<Point X='121' Y='57' T='111' />
<Point X='121' Y='60' T='123' />
<Point X='121' Y='64' T='131' />
<Point X='121' Y='69' T='150' />
<Point X='120' Y='74' T='160' />
<Point X='118' Y='88' T='182' />
<Point X='117' Y='94' T='196' />
<Point X='117' Y='102' T='206' />
<Point X='116' Y='110' T='215' />
<Point X='115' Y='117' T='235' />
<Point X='113' Y='136' T='249' />
<Point X='112' Y='146' T='264' />
<Point X='111' Y='167' T='278' />
<Point X='110' Y='179' T='294' />
<Point X='110' Y='190' T='306' />
<Point X='110' Y='201' T='318' />
<Point X='110' Y='212' T='329' />
<Point X='110' Y='222' T='340' />
<Point X='111' Y='229' T='348' />
<Point X='112' Y='239' T='364' />
<Point X='112' Y='245' T='372' />
<Point X='113' Y='250' T='384' />
<Point X='113' Y='264' T='402' />
<Point X='113' Y='268' T='414' />
<Point X='113' Y='274' T='423' />
<Point X='113' Y='287' T='449' />
<Point X='113' Y='295' T='458' />
<Point X='114' Y='301' T='468' />
<Point X='114' Y='309' T='482' />
<Point X='115' Y='316' T='492' />
<Point X='116' Y='323' T='505' />
<Point X='116' Y='328' T='516' />
<Point X='117' Y='333' T='524' />
<Point X='117' Y='337' T='536' />
<Point X='117' Y='341' T='548' />
<Point X='117' Y='344' T='555' />
<Point X='116' Y='347' T='568' />
</Stroke>
<Stroke index = '3' >
<Point X='294' Y='0' T='11' />
<Point X='293' Y='0' T='16' />
<Point X='293' Y='0' T='28' />
<Point X='292' Y='0' T='51' />
<Point X='291' Y='0' T='64' />
<Point X='291' Y='0' T='77' />
<Point X='290' Y='1' T='85' />
<Point X='289' Y='6' T='107' />
<Point X='289' Y='9' T='122' />
<Point X='288' Y='13' T='130' />
<Point X='287' Y='17' T='148' />
<Point X='286' Y='22' T='157' />
<Point X='283' Y='33' T='180' />
<Point X='281' Y='41' T='194' />
<Point X='279' Y='48' T='204' />
<Point X='277' Y='55' T='213' />
<Point X='274' Y='64' T='234' />
<Point X='268' Y='82' T='247' />
<Point X='266' Y='92' T='261' />
<Point X='261' Y='114' T='276' />
<Point X='259' Y='124' T='291' />
<Point X='257' Y='136' T='304' />
<Point X='255' Y='144' T='316' />
<Point X='253' Y='156' T='326' />
<Point X='251' Y='163' T='338' />
<Point X='248' Y='172' T='347' />
<Point X='246' Y='180' T='359' />
<Point X='245' Y='185' T='370' />
<Point X='243' Y='192' T='383' />
<Point X='241' Y='203' T='399' />
<Point X='240' Y='207' T='412' />
<Point X='238' Y='212' T='421' />
<Point X='234' Y='223' T='448' />
<Point X='232' Y='228' T='456' />
<Point X='229' Y='234' T='466' />
<Point X='227' Y='240' T='481' />
<Point X='225' Y='246' T='491' />
<Point X='224' Y='252' T='505' />
<Point X='223' Y='257' T='515' />
<Point X='223' Y='261' T='522' />
<Point X='222' Y='264' T='534' />
<Point X='221' Y='267' T='547' />
<Point X='220' Y='270' T='555' />
</Stroke>
<Stroke index = '4' >
<Point X='412' Y='79' T='0' />
<Point X='411' Y='79' T='14' />
<Point X='411' Y='79' T='26' />
<Point X='410' Y='79' T='50' />
<Point X='409' Y='79' T='61' />
<Point X='409' Y='80' T='84' />
<Point X='409' Y='82' T='107' />
<Point X='409' Y='84' T='120' />
<Point X='409' Y='86' T='129' />
<Point X='408' Y='90' T='147' />
<Point X='408' Y='93' T='156' />
<Point X='406' Y='103' T='178' />
<Point X='404' Y='109' T='192' />
<Point X='402' Y='115' T='203' />
<Point X='400' Y='121' T='212' />
<Point X='396' Y='129' T='232' />
<Point X='391' Y='143' T='246' />
<Point X='388' Y='150' T='258' />
<Point X='382' Y='164' T='275' />
<Point X='378' Y='172' T='289' />
<Point X='374' Y='180' T='302' />
<Point X='371' Y='185' T='315' />
<Point X='367' Y='192' T='325' />
<Point X='364' Y='199' T='337' />
<Point X='362' Y='204' T='346' />
<Point X='359' Y='208' T='358' />
<Point X='356' Y='213' T='369' />
<Point X='352' Y='219' T='382' />
<Point X='349' Y='225' T='399' />
<Point X='347' Y='228' T='411' />
<Point X='346' Y='231' T='420' />
<Point X='342' Y='239' T='447' />
<Point X='339' Y='243' T='456' />
<Point X='336' Y='247' T='466' />
<Point X='333' Y='251' T='480' />
<Point X='330' Y='256' T='489' />
<Point X='327' Y='261' T='503' />
<Point X='326' Y='265' T='513' />
<Point X='324' Y='268' T='522' />
<Point X='322' Y='272' T='533' />
<Point X='321' Y='275' T='546' />
<Point X='319' Y='279' T='554' />
<Point X='317' Y='282' T='566' />
</Stroke>

</Gesture>
