<?xml version='1.0' encoding='utf-8' standalone='yes'?>
<Gesture Name ='5_1_1' Subject = 'test'  Speed = 'MEDIUM' NumPts = '147' InputType='finger' >

<Stroke index = '5' >
<Point X='527' Y='263' T='32' />
<Point X='527' Y='262' T='38' />
<Point X='527' Y='263' T='77' />
<Point X='528' Y='264' T='89' />
<Point X='528' Y='265' T='101' />
<Point X='529' Y='267' T='109' />
<Point X='529' Y='269' T='127' />
<Point X='529' Y='270' T='138' />
<Point X='529' Y='272' T='149' />
<Point X='528' Y='273' T='158' />
<Point X='526' Y='275' T='166' />
<Point X='523' Y='279' T='176' />
<Point X='516' Y='288' T='211' />
<Point X='500' Y='298' T='224' />
<Point X='486' Y='304' T='239' />
<Point X='477' Y='309' T='257' />
<Point X='457' Y='319' T='265' />
<Point X='446' Y='325' T='283' />
<Point X='437' Y='332' T='294' />
<Point X='421' Y='342' T='307' />
</Stroke>
<Stroke index = '4' >
<Point X='420' Y='73' T='0' />
<Point X='420' Y='72' T='13' />
<Point X='420' Y='72' T='22' />
<Point X='420' Y='71' T='35' />
<Point X='419' Y='71' T='43' />
<Point X='419' Y='71' T='53' />
<Point X='419' Y='72' T='63' />
<Point X='419' Y='73' T='72' />
<Point X='418' Y='75' T='84' />
<Point X='418' Y='77' T='97' />
<Point X='417' Y='79' T='105' />
<Point X='416' Y='82' T='123' />
<Point X='415' Y='85' T='134' />
<Point X='414' Y='89' T='145' />
<Point X='413' Y='95' T='155' />
<Point X='411' Y='101' T='163' />
<Point X='409' Y='107' T='173' />
<Point X='401' Y='125' T='206' />
<Point X='390' Y='150' T='217' />
<Point X='382' Y='165' T='233' />
<Point X='375' Y='177' T='250' />
<Point X='362' Y='200' T='262' />
<Point X='355' Y='210' T='277' />
<Point X='350' Y='222' T='290' />
<Point X='344' Y='232' T='302' />
<Point X='336' Y='247' T='312' />
<Point X='330' Y='257' T='325' />
<Point X='316' Y='281' T='340' />
<Point X='309' Y='293' T='353' />
<Point X='306' Y='301' T='365' />
<Point X='301' Y='310' T='376' />
<Point X='297' Y='315' T='385' />
<Point X='292' Y='321' T='408' />
</Stroke>
<Stroke index = '3' >
<Point X='310' Y='2' T='3' />
<Point X='310' Y='1' T='15' />
<Point X='309' Y='1' T='23' />
<Point X='309' Y='0' T='36' />
<Point X='309' Y='0' T='45' />
<Point X='308' Y='0' T='65' />
<Point X='308' Y='1' T='73' />
<Point X='307' Y='2' T='85' />
<Point X='307' Y='4' T='98' />
<Point X='306' Y='7' T='107' />
<Point X='305' Y='10' T='124' />
<Point X='303' Y='14' T='135' />
<Point X='301' Y='18' T='146' />
<Point X='299' Y='23' T='156' />
<Point X='295' Y='29' T='165' />
<Point X='292' Y='37' T='174' />
<Point X='285' Y='56' T='207' />
<Point X='276' Y='81' T='221' />
<Point X='271' Y='94' T='236' />
<Point X='267' Y='109' T='252' />
<Point X='262' Y='135' T='263' />
<Point X='260' Y='147' T='279' />
<Point X='257' Y='159' T='291' />
<Point X='254' Y='169' T='304' />
<Point X='250' Y='183' T='312' />
<Point X='247' Y='195' T='326' />
<Point X='240' Y='223' T='341' />
<Point X='237' Y='235' T='356' />
<Point X='233' Y='247' T='366' />
<Point X='231' Y='255' T='378' />
<Point X='228' Y='261' T='386' />
<Point X='226' Y='270' T='409' />
</Stroke>
<Stroke index = '2' >
<Point X='107' Y='81' T='27' />
<Point X='107' Y='81' T='37' />
<Point X='106' Y='81' T='46' />
<Point X='106' Y='81' T='54' />
<Point X='105' Y='83' T='65' />
<Point X='103' Y='87' T='74' />
<Point X='102' Y='90' T='87' />
<Point X='100' Y='94' T='100' />
<Point X='99' Y='98' T='107' />
<Point X='98' Y='101' T='125' />
<Point X='98' Y='105' T='136' />
<Point X='97' Y='109' T='147' />
<Point X='97' Y='114' T='157' />
<Point X='97' Y='120' T='165' />
<Point X='97' Y='127' T='174' />
<Point X='99' Y='143' T='208' />
<Point X='104' Y='163' T='222' />
<Point X='106' Y='174' T='237' />
<Point X='108' Y='185' T='253' />
<Point X='114' Y='205' T='264' />
<Point X='117' Y='213' T='281' />
<Point X='120' Y='222' T='292' />
<Point X='122' Y='230' T='304' />
<Point X='125' Y='238' T='314' />
<Point X='128' Y='246' T='328' />
<Point X='134' Y='264' T='342' />
<Point X='137' Y='272' T='357' />
<Point X='139' Y='278' T='368' />
<Point X='140' Y='284' T='379' />
<Point X='141' Y='288' T='388' />
<Point X='141' Y='292' T='411' />
</Stroke>
<Stroke index = '1' >
<Point X='8' Y='651' T='30' />
<Point X='7' Y='650' T='38' />
<Point X='6' Y='650' T='47' />
<Point X='4' Y='648' T='56' />
<Point X='3' Y='647' T='67' />
<Point X='1' Y='645' T='76' />
<Point X='0' Y='642' T='88' />
<Point X='0' Y='640' T='101' />
<Point X='0' Y='637' T='109' />
<Point X='1' Y='635' T='127' />
<Point X='2' Y='631' T='137' />
<Point X='5' Y='627' T='148' />
<Point X='8' Y='621' T='157' />
<Point X='12' Y='615' T='166' />
<Point X='17' Y='606' T='176' />
<Point X='29' Y='584' T='210' />
<Point X='46' Y='557' T='223' />
<Point X='56' Y='542' T='238' />
<Point X='65' Y='529' T='256' />
<Point X='83' Y='505' T='264' />
<Point X='92' Y='495' T='281' />
<Point X='99' Y='486' T='293' />
<Point X='108' Y='475' T='305' />
<Point X='114' Y='466' T='315' />
<Point X='122' Y='453' T='328' />
<Point X='138' Y='429' T='343' />
<Point X='145' Y='420' T='358' />
<Point X='153' Y='411' T='369' />
<Point X='158' Y='404' T='380' />
<Point X='161' Y='400' T='390' />
<Point X='163' Y='396' T='411' />
</Stroke>

</Gesture>
