<?xml version='1.0' encoding='utf-8' standalone='yes'?>
<Gesture Name ='5_1_6' Subject = 'test'  Speed = 'MEDIUM' NumPts = '79' InputType='finger' >

<Stroke index = '4' >
<Point X='452' Y='92' T='0' />
<Point X='452' Y='91' T='44' />
<Point X='452' Y='91' T='78' />
<Point X='452' Y='91' T='88' />
<Point X='452' Y='93' T='98' />
<Point X='451' Y='97' T='120' />
<Point X='444' Y='116' T='144' />
<Point X='440' Y='124' T='162' />
<Point X='435' Y='134' T='174' />
<Point X='429' Y='143' T='183' />
<Point X='423' Y='154' T='197' />
<Point X='405' Y='180' T='214' />
<Point X='398' Y='190' T='230' />
<Point X='385' Y='206' T='241' />
<Point X='367' Y='234' T='256' />
<Point X='347' Y='264' T='278' />
<Point X='341' Y='273' T='294' />
<Point X='335' Y='283' T='303' />
</Stroke>
<Stroke index = '3' >
<Point X='356' Y='1' T='30' />
<Point X='356' Y='1' T='45' />
<Point X='356' Y='0' T='56' />
<Point X='356' Y='0' T='70' />
<Point X='355' Y='0' T='79' />
<Point X='354' Y='1' T='90' />
<Point X='352' Y='5' T='99' />
<Point X='349' Y='11' T='121' />
<Point X='338' Y='35' T='145' />
<Point X='332' Y='47' T='163' />
<Point X='326' Y='59' T='175' />
<Point X='319' Y='72' T='184' />
<Point X='312' Y='88' T='197' />
<Point X='297' Y='121' T='215' />
<Point X='290' Y='140' T='232' />
</Stroke>
<Stroke index = '1' >
<Point X='1' Y='662' T='47' />
<Point X='1' Y='661' T='57' />
<Point X='1' Y='661' T='72' />
<Point X='0' Y='659' T='81' />
<Point X='0' Y='656' T='91' />
<Point X='0' Y='653' T='100' />
<Point X='0' Y='649' T='122' />
<Point X='10' Y='630' T='145' />
<Point X='16' Y='622' T='165' />
<Point X='23' Y='612' T='177' />
<Point X='30' Y='599' T='185' />
<Point X='39' Y='585' T='198' />
<Point X='62' Y='553' T='216' />
<Point X='76' Y='536' T='232' />
<Point X='91' Y='520' T='243' />
<Point X='125' Y='491' T='258' />
<Point X='149' Y='468' T='280' />
<Point X='158' Y='459' T='296' />
<Point X='170' Y='449' T='305' />
</Stroke>
<Stroke index = '5' >
<Point X='519' Y='308' T='62' />
<Point X='519' Y='308' T='73' />
<Point X='519' Y='308' T='94' />
<Point X='519' Y='309' T='102' />
<Point X='519' Y='311' T='126' />
<Point X='513' Y='325' T='148' />
<Point X='509' Y='330' T='165' />
<Point X='502' Y='336' T='179' />
<Point X='493' Y='344' T='187' />
<Point X='480' Y='353' T='198' />
<Point X='455' Y='370' T='220' />
</Stroke>
<Stroke index = '2' >
<Point X='125' Y='83' T='60' />
<Point X='125' Y='83' T='93' />
<Point X='125' Y='85' T='101' />
<Point X='126' Y='89' T='123' />
<Point X='130' Y='105' T='147' />
<Point X='132' Y='113' T='165' />
<Point X='133' Y='121' T='178' />
<Point X='134' Y='132' T='186' />
<Point X='135' Y='143' T='198' />
<Point X='138' Y='172' T='218' />
<Point X='139' Y='188' T='233' />
<Point X='140' Y='205' T='245' />
<Point X='142' Y='239' T='260' />
<Point X='145' Y='269' T='281' />
<Point X='146' Y='285' T='296' />
<Point X='147' Y='300' T='306' />
</Stroke>

</Gesture>
