<?xml version='1.0' encoding='utf-8' standalone='yes'?>
<Gesture Name ='5_1_18' Subject = 'test'  Speed = 'MEDIUM' NumPts = '165' InputType='finger' >

<Stroke index = '1' >
<Point X='1' Y='571' T='3' />
<Point X='1' Y='570' T='13' />
<Point X='0' Y='569' T='28' />
<Point X='0' Y='567' T='44' />
<Point X='0' Y='565' T='52' />
<Point X='2' Y='560' T='69' />
<Point X='5' Y='557' T='82' />
<Point X='22' Y='544' T='118' />
<Point X='28' Y='539' T='130' />
<Point X='39' Y='531' T='146' />
<Point X='44' Y='526' T='164' />
<Point X='52' Y='522' T='174' />
<Point X='60' Y='518' T='187' />
<Point X='66' Y='514' T='198' />
<Point X='81' Y='507' T='214' />
<Point X='87' Y='503' T='226' />
<Point X='93' Y='500' T='236' />
<Point X='100' Y='496' T='249' />
<Point X='105' Y='492' T='266' />
<Point X='119' Y='481' T='282' />
<Point X='125' Y='474' T='296' />
<Point X='133' Y='466' T='307' />
<Point X='142' Y='458' T='316' />
<Point X='148' Y='451' T='328' />
<Point X='154' Y='446' T='341' />
<Point X='159' Y='441' T='349' />
<Point X='163' Y='437' T='362' />
<Point X='166' Y='433' T='373' />
<Point X='168' Y='431' T='383' />
<Point X='170' Y='429' T='399' />
<Point X='171' Y='427' T='408' />
<Point X='172' Y='426' T='417' />
<Point X='173' Y='425' T='431' />
<Point X='173' Y='424' T='438' />
</Stroke>
<Stroke index = '3' >
<Point X='333' Y='1' T='0' />
<Point X='332' Y='1' T='9' />
<Point X='332' Y='0' T='25' />
<Point X='332' Y='0' T='44' />
<Point X='331' Y='1' T='51' />
<Point X='329' Y='8' T='67' />
<Point X='327' Y='13' T='81' />
<Point X='318' Y='36' T='117' />
<Point X='315' Y='45' T='130' />
<Point X='308' Y='66' T='145' />
<Point X='305' Y='76' T='163' />
<Point X='302' Y='88' T='174' />
<Point X='299' Y='97' T='186' />
<Point X='296' Y='110' T='198' />
<Point X='291' Y='132' T='213' />
<Point X='288' Y='142' T='225' />
<Point X='285' Y='150' T='236' />
<Point X='281' Y='158' T='247' />
<Point X='278' Y='165' T='265' />
<Point X='273' Y='178' T='280' />
<Point X='270' Y='183' T='294' />
<Point X='268' Y='189' T='306' />
<Point X='265' Y='195' T='315' />
<Point X='264' Y='199' T='327' />
<Point X='263' Y='203' T='340' />
<Point X='262' Y='206' T='348' />
<Point X='261' Y='208' T='361' />
<Point X='261' Y='211' T='372' />
<Point X='261' Y='213' T='382' />
<Point X='261' Y='214' T='397' />
<Point X='261' Y='215' T='407' />
<Point X='261' Y='216' T='416' />
<Point X='261' Y='217' T='430' />
<Point X='261' Y='217' T='438' />
</Stroke>
<Stroke index = '4' >
<Point X='447' Y='98' T='-6' />
<Point X='447' Y='98' T='23' />
<Point X='447' Y='98' T='42' />
<Point X='446' Y='101' T='65' />
<Point X='445' Y='106' T='79' />
<Point X='442' Y='124' T='115' />
<Point X='440' Y='132' T='129' />
<Point X='435' Y='148' T='145' />
<Point X='431' Y='157' T='161' />
<Point X='425' Y='167' T='172' />
<Point X='422' Y='176' T='185' />
<Point X='418' Y='186' T='198' />
<Point X='409' Y='204' T='213' />
<Point X='404' Y='212' T='224' />
<Point X='401' Y='219' T='235' />
<Point X='398' Y='225' T='246' />
<Point X='394' Y='231' T='264' />
<Point X='386' Y='243' T='280' />
<Point X='382' Y='249' T='292' />
<Point X='378' Y='257' T='305' />
<Point X='374' Y='265' T='312' />
<Point X='368' Y='273' T='326' />
<Point X='364' Y='279' T='338' />
<Point X='361' Y='283' T='347' />
<Point X='360' Y='286' T='359' />
<Point X='359' Y='287' T='372' />
<Point X='358' Y='288' T='381' />
<Point X='358' Y='289' T='396' />
<Point X='358' Y='289' T='406' />
<Point X='358' Y='290' T='414' />
<Point X='358' Y='290' T='436' />
</Stroke>
<Stroke index = '5' >
<Point X='554' Y='292' T='16' />
<Point X='554' Y='292' T='29' />
<Point X='554' Y='291' T='44' />
<Point X='554' Y='291' T='53' />
<Point X='554' Y='292' T='70' />
<Point X='554' Y='295' T='83' />
<Point X='552' Y='306' T='119' />
<Point X='550' Y='310' T='131' />
<Point X='545' Y='322' T='148' />
<Point X='542' Y='326' T='165' />
<Point X='537' Y='331' T='178' />
<Point X='532' Y='337' T='189' />
<Point X='528' Y='342' T='199' />
<Point X='522' Y='350' T='215' />
<Point X='519' Y='353' T='227' />
<Point X='516' Y='357' T='237' />
<Point X='513' Y='361' T='249' />
<Point X='510' Y='364' T='267' />
<Point X='507' Y='367' T='283' />
<Point X='505' Y='368' T='296' />
<Point X='504' Y='369' T='307' />
<Point X='503' Y='370' T='317' />
<Point X='500' Y='371' T='329' />
<Point X='498' Y='372' T='342' />
<Point X='495' Y='372' T='350' />
<Point X='492' Y='373' T='364' />
<Point X='490' Y='373' T='374' />
<Point X='488' Y='373' T='383' />
<Point X='487' Y='373' T='400' />
<Point X='486' Y='373' T='409' />
<Point X='485' Y='372' T='417' />
<Point X='485' Y='372' T='432' />
<Point X='484' Y='372' T='438' />
</Stroke>
<Stroke index = '2' >
<Point X='160' Y='61' T='18' />
<Point X='159' Y='61' T='30' />
<Point X='158' Y='61' T='44' />
<Point X='158' Y='62' T='54' />
<Point X='155' Y='72' T='72' />
<Point X='154' Y='78' T='85' />
<Point X='149' Y='103' T='120' />
<Point X='147' Y='113' T='132' />
<Point X='143' Y='135' T='148' />
<Point X='141' Y='146' T='165' />
<Point X='140' Y='158' T='179' />
<Point X='138' Y='170' T='189' />
<Point X='136' Y='182' T='200' />
<Point X='134' Y='206' T='216' />
<Point X='134' Y='217' T='228' />
<Point X='133' Y='225' T='239' />
<Point X='132' Y='235' T='251' />
<Point X='132' Y='243' T='268' />
<Point X='131' Y='260' T='284' />
<Point X='131' Y='266' T='297' />
<Point X='132' Y='274' T='308' />
<Point X='134' Y='280' T='318' />
<Point X='136' Y='285' T='330' />
<Point X='138' Y='289' T='343' />
<Point X='140' Y='292' T='352' />
<Point X='141' Y='295' T='364' />
<Point X='143' Y='298' T='375' />
<Point X='144' Y='300' T='385' />
<Point X='145' Y='302' T='400' />
<Point X='146' Y='304' T='410' />
<Point X='146' Y='306' T='418' />
<Point X='147' Y='307' T='432' />
<Point X='147' Y='308' T='440' />
</Stroke>

</Gesture>
