<?xml version='1.0' encoding='utf-8' standalone='yes'?>
<Gesture Name ='5_1_10' Subject = 'test'  Speed = 'MEDIUM' NumPts = '144' InputType='finger' >

<Stroke index = '4' >
<Point X='435' Y='99' T='0' />
<Point X='435' Y='99' T='21' />
<Point X='435' Y='99' T='58' />
<Point X='435' Y='99' T='88' />
<Point X='434' Y='99' T='108' />
<Point X='434' Y='102' T='131' />
<Point X='433' Y='104' T='149' />
<Point X='432' Y='106' T='156' />
<Point X='431' Y='109' T='166' />
<Point X='428' Y='113' T='180' />
<Point X='423' Y='121' T='199' />
<Point X='419' Y='125' T='211' />
<Point X='416' Y='130' T='222' />
<Point X='413' Y='136' T='232' />
<Point X='409' Y='140' T='246' />
<Point X='405' Y='145' T='263' />
<Point X='400' Y='150' T='276' />
<Point X='396' Y='155' T='284' />
<Point X='393' Y='160' T='294' />
<Point X='389' Y='164' T='304' />
<Point X='384' Y='168' T='317' />
<Point X='375' Y='178' T='338' />
<Point X='371' Y='182' T='352' />
<Point X='361' Y='188' T='369' />
<Point X='357' Y='191' T='388' />
<Point X='350' Y='199' T='403' />
<Point X='346' Y='202' T='420' />
<Point X='341' Y='205' T='430' />
<Point X='337' Y='209' T='437' />
</Stroke>
<Stroke index = '3' >
<Point X='298' Y='1' T='5' />
<Point X='298' Y='1' T='23' />
<Point X='297' Y='0' T='32' />
<Point X='297' Y='0' T='39' />
<Point X='297' Y='0' T='60' />
<Point X='297' Y='0' T='67' />
<Point X='297' Y='1' T='76' />
<Point X='297' Y='2' T='88' />
<Point X='296' Y='4' T='98' />
<Point X='296' Y='7' T='109' />
<Point X='295' Y='14' T='133' />
<Point X='295' Y='18' T='150' />
<Point X='294' Y='22' T='158' />
<Point X='292' Y='27' T='166' />
<Point X='291' Y='32' T='182' />
<Point X='287' Y='44' T='200' />
<Point X='285' Y='50' T='212' />
<Point X='283' Y='56' T='223' />
<Point X='280' Y='63' T='234' />
<Point X='277' Y='70' T='246' />
<Point X='274' Y='77' T='264' />
<Point X='271' Y='84' T='276' />
<Point X='269' Y='92' T='285' />
<Point X='266' Y='98' T='295' />
<Point X='263' Y='106' T='306' />
<Point X='259' Y='115' T='318' />
<Point X='252' Y='131' T='341' />
<Point X='249' Y='138' T='353' />
<Point X='244' Y='152' T='370' />
<Point X='240' Y='158' T='389' />
<Point X='233' Y='168' T='404' />
<Point X='230' Y='174' T='421' />
<Point X='227' Y='181' T='432' />
<Point X='223' Y='188' T='439' />
</Stroke>
<Stroke index = '2' >
<Point X='96' Y='64' T='25' />
<Point X='96' Y='64' T='33' />
<Point X='95' Y='64' T='42' />
<Point X='95' Y='64' T='61' />
<Point X='94' Y='64' T='68' />
<Point X='93' Y='65' T='82' />
<Point X='92' Y='68' T='89' />
<Point X='91' Y='72' T='100' />
<Point X='91' Y='76' T='109' />
<Point X='90' Y='84' T='133' />
<Point X='89' Y='89' T='151' />
<Point X='88' Y='94' T='158' />
<Point X='87' Y='99' T='168' />
<Point X='86' Y='105' T='183' />
<Point X='84' Y='118' T='202' />
<Point X='83' Y='126' T='214' />
<Point X='82' Y='133' T='224' />
<Point X='81' Y='140' T='234' />
<Point X='80' Y='148' T='248' />
<Point X='79' Y='156' T='265' />
<Point X='79' Y='163' T='277' />
<Point X='79' Y='171' T='287' />
<Point X='79' Y='179' T='296' />
<Point X='79' Y='185' T='307' />
<Point X='79' Y='193' T='318' />
<Point X='78' Y='206' T='342' />
<Point X='78' Y='214' T='354' />
<Point X='75' Y='227' T='370' />
<Point X='75' Y='233' T='389' />
<Point X='75' Y='245' T='405' />
<Point X='76' Y='250' T='422' />
<Point X='77' Y='256' T='433' />
<Point X='78' Y='263' T='441' />
</Stroke>
<Stroke index = '1' >
<Point X='5' Y='631' T='44' />
<Point X='4' Y='631' T='62' />
<Point X='4' Y='630' T='70' />
<Point X='3' Y='629' T='83' />
<Point X='2' Y='628' T='90' />
<Point X='1' Y='626' T='100' />
<Point X='0' Y='623' T='109' />
<Point X='0' Y='616' T='134' />
<Point X='0' Y='612' T='152' />
<Point X='0' Y='608' T='159' />
<Point X='1' Y='603' T='169' />
<Point X='1' Y='599' T='184' />
<Point X='4' Y='589' T='202' />
<Point X='7' Y='585' T='215' />
<Point X='10' Y='580' T='225' />
<Point X='14' Y='575' T='235' />
<Point X='18' Y='570' T='249' />
<Point X='22' Y='566' T='266' />
<Point X='27' Y='561' T='277' />
<Point X='32' Y='555' T='287' />
<Point X='37' Y='550' T='297' />
<Point X='42' Y='544' T='309' />
<Point X='47' Y='539' T='320' />
<Point X='55' Y='530' T='343' />
<Point X='58' Y='527' T='355' />
<Point X='63' Y='520' T='371' />
<Point X='65' Y='516' T='391' />
<Point X='70' Y='508' T='406' />
<Point X='74' Y='503' T='423' />
<Point X='79' Y='497' T='434' />
</Stroke>
<Stroke index = '5' >
<Point X='530' Y='357' T='112' />
<Point X='530' Y='357' T='134' />
<Point X='530' Y='357' T='160' />
<Point X='529' Y='357' T='169' />
<Point X='528' Y='357' T='185' />
<Point X='524' Y='361' T='203' />
<Point X='521' Y='364' T='216' />
<Point X='516' Y='367' T='227' />
<Point X='510' Y='371' T='236' />
<Point X='505' Y='373' T='251' />
<Point X='500' Y='375' T='267' />
<Point X='493' Y='377' T='278' />
<Point X='486' Y='379' T='288' />
<Point X='480' Y='381' T='298' />
<Point X='472' Y='384' T='310' />
<Point X='463' Y='386' T='321' />
<Point X='444' Y='390' T='344' />
<Point X='437' Y='391' T='356' />
</Stroke>

</Gesture>
