<?xml version='1.0' encoding='utf-8' standalone='yes'?>
<Gesture Name ='6_1_14' Subject = 'test'  Speed = 'MEDIUM' NumPts = '104' InputType='finger' >

<Stroke index = '1' >
<Point X='0' Y='424' T='0' />
<Point X='1' Y='423' T='39' />
<Point X='3' Y='423' T='54' />
<Point X='4' Y='423' T='65' />
<Point X='8' Y='424' T='100' />
<Point X='10' Y='424' T='112' />
<Point X='13' Y='425' T='121' />
<Point X='17' Y='426' T='134' />
<Point X='22' Y='427' T='150' />
<Point X='26' Y='428' T='160' />
<Point X='29' Y='428' T='167' />
<Point X='32' Y='428' T='180' />
<Point X='35' Y='428' T='191' />
<Point X='39' Y='427' T='202' />
<Point X='44' Y='427' T='214' />
<Point X='49' Y='426' T='228' />
<Point X='53' Y='425' T='236' />
<Point X='59' Y='423' T='249' />
<Point X='66' Y='422' T='257' />
<Point X='77' Y='420' T='284' />
<Point X='85' Y='419' T='297' />
<Point X='93' Y='418' T='304' />
<Point X='104' Y='416' T='320' />
<Point X='127' Y='407' T='351' />
</Stroke>
<Stroke index = '2' >
<Point X='143' Y='46' T='34' />
<Point X='143' Y='46' T='68' />
<Point X='146' Y='60' T='101' />
<Point X='147' Y='69' T='114' />
<Point X='148' Y='81' T='123' />
<Point X='148' Y='92' T='135' />
<Point X='148' Y='105' T='151' />
<Point X='149' Y='117' T='161' />
<Point X='149' Y='130' T='169' />
<Point X='149' Y='141' T='181' />
<Point X='149' Y='154' T='193' />
<Point X='149' Y='164' T='203' />
<Point X='149' Y='177' T='217' />
<Point X='149' Y='187' T='229' />
<Point X='149' Y='200' T='238' />
<Point X='149' Y='210' T='251' />
<Point X='149' Y='220' T='259' />
<Point X='151' Y='237' T='285' />
<Point X='152' Y='248' T='299' />
</Stroke>
<Stroke index = '5' >
<Point X='567' Y='175' T='46' />
<Point X='566' Y='175' T='69' />
<Point X='562' Y='183' T='102' />
<Point X='559' Y='187' T='115' />
<Point X='553' Y='193' T='123' />
<Point X='546' Y='202' T='137' />
<Point X='540' Y='208' T='151' />
<Point X='532' Y='216' T='162' />
<Point X='524' Y='225' T='169' />
<Point X='517' Y='232' T='182' />
<Point X='510' Y='241' T='194' />
<Point X='503' Y='248' T='204' />
<Point X='497' Y='254' T='217' />
<Point X='489' Y='263' T='230' />
<Point X='483' Y='269' T='238' />
<Point X='476' Y='274' T='251' />
<Point X='470' Y='279' T='259' />
<Point X='456' Y='293' T='286' />
<Point X='446' Y='306' T='299' />
</Stroke>
<Stroke index = '4' >
<Point X='423' Y='44' T='58' />
<Point X='423' Y='45' T='70' />
<Point X='418' Y='59' T='103' />
<Point X='415' Y='69' T='117' />
<Point X='412' Y='78' T='124' />
<Point X='410' Y='90' T='137' />
<Point X='407' Y='100' T='153' />
<Point X='405' Y='113' T='162' />
<Point X='402' Y='123' T='170' />
<Point X='399' Y='134' T='182' />
<Point X='396' Y='143' T='195' />
<Point X='393' Y='155' T='205' />
<Point X='390' Y='165' T='219' />
<Point X='387' Y='175' T='230' />
<Point X='385' Y='186' T='238' />
<Point X='383' Y='194' T='252' />
<Point X='381' Y='201' T='260' />
<Point X='378' Y='214' T='287' />
<Point X='377' Y='222' T='300' />
<Point X='374' Y='237' T='308' />
<Point X='369' Y='255' T='324' />
</Stroke>
<Stroke index = '3' >
<Point X='333' Y='0' T='60' />
<Point X='333' Y='0' T='71' />
<Point X='328' Y='16' T='104' />
<Point X='325' Y='27' T='118' />
<Point X='323' Y='37' T='124' />
<Point X='320' Y='49' T='138' />
<Point X='316' Y='60' T='153' />
<Point X='312' Y='72' T='164' />
<Point X='308' Y='82' T='171' />
<Point X='304' Y='93' T='183' />
<Point X='301' Y='101' T='195' />
<Point X='297' Y='111' T='206' />
<Point X='294' Y='122' T='219' />
<Point X='290' Y='131' T='231' />
<Point X='286' Y='141' T='240' />
<Point X='284' Y='149' T='253' />
<Point X='282' Y='158' T='261' />
<Point X='280' Y='169' T='288' />
<Point X='279' Y='179' T='301' />
<Point X='276' Y='193' T='309' />
<Point X='271' Y='210' T='326' />
</Stroke>

</Gesture>
