<?xml version='1.0' encoding='utf-8' standalone='yes'?>
<Gesture Name ='6_1_8' Subject = 'test'  Speed = 'MEDIUM' NumPts = '182' InputType='finger' >

<Stroke index = '5' >
<Point X='564' Y='196' T='58' />
<Point X='563' Y='197' T='67' />
<Point X='561' Y='198' T='80' />
<Point X='557' Y='203' T='91' />
<Point X='547' Y='217' T='105' />
<Point X='542' Y='223' T='126' />
<Point X='537' Y='231' T='132' />
<Point X='529' Y='241' T='162' />
<Point X='519' Y='253' T='184' />
<Point X='515' Y='258' T='194' />
<Point X='510' Y='265' T='210' />
<Point X='501' Y='279' T='223' />
<Point X='496' Y='285' T='234' />
<Point X='490' Y='293' T='245' />
<Point X='487' Y='298' T='262' />
<Point X='484' Y='302' T='269' />
<Point X='477' Y='312' T='292' />
<Point X='473' Y='317' T='311' />
<Point X='470' Y='320' T='323' />
<Point X='467' Y='324' T='328' />
<Point X='464' Y='329' T='341' />
<Point X='462' Y='335' T='356' />
<Point X='459' Y='340' T='364' />
<Point X='456' Y='346' T='374' />
<Point X='452' Y='353' T='386' />
<Point X='449' Y='359' T='393' />
<Point X='446' Y='363' T='407' />
<Point X='443' Y='366' T='426' />
<Point X='441' Y='369' T='431' />
<Point X='440' Y='370' T='441' />
<Point X='439' Y='371' T='458' />
<Point X='438' Y='372' T='466' />
<Point X='437' Y='373' T='474' />
<Point X='436' Y='373' T='494' />
</Stroke>
<Stroke index = '1' >
<Point X='1' Y='499' T='22' />
<Point X='1' Y='499' T='34' />
<Point X='0' Y='498' T='43' />
<Point X='0' Y='498' T='56' />
<Point X='0' Y='497' T='67' />
<Point X='1' Y='495' T='79' />
<Point X='2' Y='494' T='90' />
<Point X='7' Y='490' T='105' />
<Point X='11' Y='488' T='126' />
<Point X='15' Y='486' T='132' />
<Point X='21' Y='485' T='162' />
<Point X='26' Y='484' T='183' />
<Point X='29' Y='484' T='194' />
<Point X='32' Y='483' T='209' />
<Point X='39' Y='482' T='222' />
<Point X='41' Y='482' T='234' />
<Point X='44' Y='481' T='245' />
<Point X='46' Y='480' T='262' />
<Point X='50' Y='480' T='269' />
<Point X='58' Y='480' T='290' />
<Point X='61' Y='480' T='309' />
<Point X='64' Y='480' T='322' />
<Point X='66' Y='481' T='328' />
<Point X='69' Y='481' T='340' />
<Point X='72' Y='482' T='356' />
<Point X='77' Y='482' T='363' />
<Point X='81' Y='483' T='373' />
<Point X='84' Y='483' T='385' />
<Point X='86' Y='484' T='393' />
<Point X='89' Y='484' T='407' />
<Point X='91' Y='484' T='425' />
<Point X='94' Y='483' T='430' />
<Point X='96' Y='482' T='441' />
<Point X='99' Y='481' T='458' />
<Point X='101' Y='480' T='465' />
<Point X='103' Y='479' T='474' />
<Point X='104' Y='478' T='493' />
</Stroke>
<Stroke index = '4' >
<Point X='404' Y='44' T='18' />
<Point X='403' Y='46' T='31' />
<Point X='402' Y='49' T='42' />
<Point X='400' Y='54' T='54' />
<Point X='399' Y='62' T='66' />
<Point X='398' Y='69' T='78' />
<Point X='397' Y='77' T='89' />
<Point X='395' Y='94' T='104' />
<Point X='394' Y='102' T='124' />
<Point X='393' Y='110' T='131' />
<Point X='389' Y='125' T='160' />
<Point X='386' Y='140' T='182' />
<Point X='385' Y='148' T='193' />
<Point X='384' Y='157' T='208' />
<Point X='382' Y='175' T='221' />
<Point X='382' Y='183' T='232' />
<Point X='381' Y='191' T='245' />
<Point X='380' Y='199' T='261' />
<Point X='379' Y='207' T='269' />
<Point X='377' Y='221' T='290' />
<Point X='376' Y='227' T='308' />
<Point X='375' Y='233' T='321' />
<Point X='374' Y='240' T='327' />
<Point X='373' Y='247' T='339' />
<Point X='372' Y='255' T='354' />
<Point X='371' Y='263' T='362' />
<Point X='371' Y='272' T='373' />
<Point X='371' Y='279' T='384' />
<Point X='371' Y='287' T='393' />
<Point X='371' Y='292' T='406' />
<Point X='370' Y='297' T='424' />
<Point X='370' Y='300' T='430' />
<Point X='370' Y='302' T='440' />
<Point X='370' Y='304' T='458' />
<Point X='370' Y='305' T='464' />
<Point X='370' Y='306' T='473' />
<Point X='370' Y='307' T='492' />
</Stroke>
<Stroke index = '2' >
<Point X='120' Y='53' T='13' />
<Point X='120' Y='54' T='29' />
<Point X='121' Y='55' T='40' />
<Point X='122' Y='59' T='54' />
<Point X='125' Y='64' T='65' />
<Point X='128' Y='69' T='77' />
<Point X='131' Y='76' T='88' />
<Point X='137' Y='93' T='102' />
<Point X='138' Y='102' T='123' />
<Point X='139' Y='110' T='131' />
<Point X='139' Y='126' T='156' />
<Point X='139' Y='141' T='181' />
<Point X='140' Y='150' T='191' />
<Point X='141' Y='158' T='208' />
<Point X='143' Y='177' T='220' />
<Point X='143' Y='185' T='231' />
<Point X='144' Y='194' T='244' />
<Point X='144' Y='202' T='255' />
<Point X='144' Y='211' T='268' />
<Point X='144' Y='228' T='289' />
<Point X='144' Y='236' T='307' />
<Point X='144' Y='244' T='319' />
<Point X='144' Y='252' T='327' />
<Point X='145' Y='258' T='338' />
<Point X='145' Y='265' T='353' />
<Point X='147' Y='272' T='361' />
<Point X='148' Y='278' T='373' />
<Point X='149' Y='285' T='383' />
<Point X='149' Y='291' T='392' />
<Point X='150' Y='298' T='406' />
<Point X='151' Y='303' T='424' />
<Point X='151' Y='308' T='429' />
<Point X='152' Y='312' T='439' />
<Point X='152' Y='315' T='457' />
<Point X='153' Y='317' T='464' />
<Point X='153' Y='319' T='473' />
<Point X='154' Y='320' T='491' />
</Stroke>
<Stroke index = '3' >
<Point X='301' Y='0' T='0' />
<Point X='300' Y='1' T='27' />
<Point X='299' Y='4' T='39' />
<Point X='299' Y='7' T='51' />
<Point X='299' Y='14' T='63' />
<Point X='299' Y='23' T='76' />
<Point X='299' Y='29' T='87' />
<Point X='299' Y='47' T='101' />
<Point X='299' Y='57' T='122' />
<Point X='298' Y='66' T='130' />
<Point X='296' Y='81' T='154' />
<Point X='294' Y='95' T='179' />
<Point X='293' Y='105' T='190' />
<Point X='292' Y='111' T='205' />
<Point X='290' Y='129' T='218' />
<Point X='289' Y='136' T='230' />
<Point X='287' Y='146' T='244' />
<Point X='285' Y='152' T='254' />
<Point X='283' Y='159' T='267' />
<Point X='279' Y='174' T='289' />
<Point X='277' Y='180' T='306' />
<Point X='276' Y='187' T='318' />
<Point X='275' Y='193' T='325' />
<Point X='274' Y='197' T='337' />
<Point X='274' Y='202' T='351' />
<Point X='274' Y='209' T='360' />
<Point X='274' Y='214' T='372' />
<Point X='274' Y='219' T='381' />
<Point X='274' Y='225' T='391' />
<Point X='275' Y='231' T='405' />
<Point X='275' Y='235' T='422' />
<Point X='275' Y='238' T='428' />
<Point X='275' Y='241' T='437' />
<Point X='275' Y='243' T='456' />
<Point X='275' Y='246' T='463' />
<Point X='275' Y='248' T='472' />
<Point X='275' Y='249' T='490' />
</Stroke>

</Gesture>
