<?xml version='1.0' encoding='utf-8' standalone='yes'?>
<Gesture Name ='6_1_9' Subject = 'test'  Speed = 'MEDIUM' NumPts = '124' InputType='finger' >

<Stroke index = '5' >
<Point X='543' Y='168' T='47' />
<Point X='543' Y='168' T='57' />
<Point X='542' Y='169' T='71' />
<Point X='538' Y='174' T='82' />
<Point X='531' Y='183' T='98' />
<Point X='516' Y='202' T='113' />
<Point X='511' Y='209' T='125' />
<Point X='496' Y='226' T='146' />
<Point X='491' Y='232' T='161' />
<Point X='486' Y='237' T='172' />
<Point X='481' Y='244' T='185' />
<Point X='476' Y='249' T='194' />
<Point X='472' Y='255' T='207' />
<Point X='463' Y='263' T='218' />
<Point X='455' Y='270' T='231' />
<Point X='444' Y='279' T='245' />
<Point X='437' Y='286' T='255' />
<Point X='430' Y='292' T='264' />
<Point X='424' Y='297' T='277' />
<Point X='418' Y='301' T='290' />
<Point X='415' Y='304' T='299' />
<Point X='413' Y='306' T='312' />
<Point X='412' Y='307' T='321' />
<Point X='411' Y='307' T='331' />
</Stroke>
<Stroke index = '3' >
<Point X='323' Y='0' T='3' />
<Point X='323' Y='0' T='54' />
<Point X='323' Y='0' T='68' />
<Point X='322' Y='4' T='79' />
<Point X='320' Y='14' T='95' />
<Point X='313' Y='37' T='110' />
<Point X='311' Y='46' T='123' />
<Point X='305' Y='69' T='144' />
<Point X='301' Y='81' T='160' />
<Point X='299' Y='87' T='170' />
<Point X='296' Y='97' T='183' />
<Point X='293' Y='104' T='193' />
<Point X='290' Y='116' T='203' />
<Point X='288' Y='124' T='216' />
<Point X='285' Y='136' T='228' />
<Point X='282' Y='144' T='242' />
<Point X='279' Y='155' T='252' />
<Point X='275' Y='163' T='262' />
<Point X='271' Y='170' T='275' />
<Point X='268' Y='177' T='285' />
<Point X='266' Y='182' T='295' />
<Point X='265' Y='186' T='310' />
<Point X='264' Y='189' T='319' />
<Point X='263' Y='190' T='327' />
</Stroke>
<Stroke index = '4' >
<Point X='414' Y='37' T='37' />
<Point X='413' Y='37' T='46' />
<Point X='413' Y='38' T='54' />
<Point X='412' Y='43' T='70' />
<Point X='410' Y='55' T='81' />
<Point X='409' Y='65' T='97' />
<Point X='405' Y='88' T='112' />
<Point X='402' Y='101' T='124' />
<Point X='395' Y='122' T='146' />
<Point X='392' Y='130' T='161' />
<Point X='389' Y='139' T='171' />
<Point X='388' Y='147' T='185' />
<Point X='386' Y='155' T='193' />
<Point X='385' Y='164' T='206' />
<Point X='382' Y='175' T='217' />
<Point X='379' Y='185' T='231' />
<Point X='374' Y='195' T='243' />
<Point X='371' Y='205' T='254' />
<Point X='368' Y='214' T='263' />
<Point X='365' Y='223' T='277' />
<Point X='363' Y='228' T='290' />
<Point X='361' Y='233' T='297' />
<Point X='359' Y='237' T='312' />
<Point X='358' Y='238' T='320' />
<Point X='357' Y='239' T='330' />
</Stroke>
<Stroke index = '1' >
<Point X='0' Y='422' T='24' />
<Point X='0' Y='422' T='34' />
<Point X='0' Y='422' T='44' />
<Point X='1' Y='422' T='80' />
<Point X='4' Y='421' T='96' />
<Point X='11' Y='420' T='111' />
<Point X='16' Y='420' T='124' />
<Point X='29' Y='419' T='145' />
<Point X='33' Y='418' T='161' />
<Point X='38' Y='418' T='170' />
<Point X='43' Y='418' T='184' />
<Point X='48' Y='418' T='193' />
<Point X='52' Y='418' T='204' />
<Point X='55' Y='418' T='217' />
<Point X='59' Y='417' T='228' />
<Point X='64' Y='416' T='243' />
<Point X='69' Y='414' T='253' />
<Point X='73' Y='412' T='263' />
<Point X='76' Y='410' T='276' />
<Point X='81' Y='407' T='288' />
<Point X='86' Y='404' T='297' />
<Point X='90' Y='401' T='310' />
<Point X='93' Y='399' T='319' />
<Point X='95' Y='398' T='329' />
</Stroke>
<Stroke index = '2' >
<Point X='147' Y='37' T='0' />
<Point X='147' Y='37' T='9' />
<Point X='146' Y='37' T='20' />
<Point X='146' Y='36' T='33' />
<Point X='146' Y='35' T='43' />
<Point X='146' Y='36' T='67' />
<Point X='146' Y='41' T='78' />
<Point X='147' Y='50' T='94' />
<Point X='150' Y='73' T='108' />
<Point X='150' Y='86' T='122' />
<Point X='150' Y='109' T='144' />
<Point X='150' Y='121' T='159' />
<Point X='150' Y='130' T='168' />
<Point X='150' Y='140' T='183' />
<Point X='149' Y='149' T='192' />
<Point X='149' Y='160' T='202' />
<Point X='149' Y='170' T='215' />
<Point X='148' Y='183' T='226' />
<Point X='148' Y='194' T='241' />
<Point X='147' Y='207' T='250' />
<Point X='147' Y='217' T='260' />
<Point X='146' Y='226' T='273' />
<Point X='146' Y='234' T='284' />
<Point X='146' Y='241' T='295' />
<Point X='146' Y='246' T='309' />
<Point X='146' Y='250' T='317' />
<Point X='146' Y='252' T='326' />
</Stroke>

</Gesture>
