<?xml version='1.0' encoding='utf-8' standalone='yes'?>
<Gesture Name ='6_1_6' Subject = 'test'  Speed = 'MEDIUM' NumPts = '165' InputType='finger' >

<Stroke index = '5' >
<Point X='620' Y='204' T='36' />
<Point X='620' Y='204' T='45' />
<Point X='619' Y='204' T='56' />
<Point X='611' Y='211' T='82' />
<Point X='604' Y='216' T='95' />
<Point X='596' Y='221' T='102' />
<Point X='584' Y='230' T='110' />
<Point X='572' Y='237' T='124' />
<Point X='559' Y='246' T='135' />
<Point X='542' Y='257' T='143' />
<Point X='533' Y='265' T='155' />
<Point X='519' Y='277' T='176' />
<Point X='502' Y='297' T='188' />
<Point X='495' Y='303' T='203' />
<Point X='485' Y='312' T='216' />
<Point X='477' Y='319' T='226' />
<Point X='468' Y='325' T='239' />
<Point X='457' Y='334' T='249' />
<Point X='452' Y='339' T='259' />
<Point X='448' Y='344' T='273' />
<Point X='443' Y='352' T='279' />
<Point X='440' Y='358' T='292' />
<Point X='437' Y='363' T='311' />
<Point X='435' Y='366' T='325' />
<Point X='432' Y='370' T='334' />
<Point X='430' Y='374' T='345' />
<Point X='428' Y='379' T='362' />
<Point X='428' Y='381' T='376' />
<Point X='427' Y='382' T='386' />
<Point X='426' Y='383' T='400' />
<Point X='424' Y='383' T='412' />
<Point X='422' Y='384' T='427' />
<Point X='419' Y='384' T='436' />
</Stroke>
<Stroke index = '1' >
<Point X='3' Y='473' T='34' />
<Point X='3' Y='473' T='43' />
<Point X='2' Y='473' T='55' />
<Point X='1' Y='473' T='81' />
<Point X='1' Y='473' T='93' />
<Point X='0' Y='473' T='102' />
<Point X='1' Y='473' T='123' />
<Point X='2' Y='472' T='134' />
<Point X='5' Y='472' T='142' />
<Point X='8' Y='471' T='154' />
<Point X='10' Y='471' T='175' />
<Point X='18' Y='470' T='188' />
<Point X='22' Y='470' T='203' />
<Point X='26' Y='470' T='214' />
<Point X='29' Y='470' T='225' />
<Point X='31' Y='471' T='238' />
<Point X='34' Y='471' T='249' />
<Point X='38' Y='472' T='259' />
<Point X='43' Y='473' T='273' />
<Point X='48' Y='474' T='279' />
<Point X='52' Y='475' T='291' />
<Point X='55' Y='477' T='310' />
<Point X='58' Y='479' T='324' />
<Point X='60' Y='481' T='333' />
<Point X='62' Y='483' T='344' />
<Point X='66' Y='484' T='361' />
<Point X='68' Y='484' T='376' />
<Point X='69' Y='483' T='386' />
<Point X='70' Y='483' T='395' />
<Point X='71' Y='482' T='410' />
<Point X='72' Y='482' T='426' />
<Point X='72' Y='481' T='436' />
</Stroke>
<Stroke index = '4' >
<Point X='476' Y='50' T='23' />
<Point X='475' Y='50' T='30' />
<Point X='475' Y='50' T='43' />
<Point X='474' Y='51' T='54' />
<Point X='469' Y='58' T='81' />
<Point X='463' Y='65' T='93' />
<Point X='455' Y='77' T='102' />
<Point X='449' Y='87' T='110' />
<Point X='439' Y='103' T='122' />
<Point X='433' Y='112' T='133' />
<Point X='423' Y='130' T='141' />
<Point X='415' Y='143' T='154' />
<Point X='408' Y='155' T='175' />
<Point X='396' Y='182' T='187' />
<Point X='391' Y='193' T='201' />
<Point X='386' Y='205' T='213' />
<Point X='381' Y='216' T='224' />
<Point X='375' Y='229' T='237' />
<Point X='369' Y='240' T='248' />
<Point X='366' Y='251' T='257' />
<Point X='363' Y='260' T='271' />
<Point X='361' Y='268' T='279' />
<Point X='361' Y='275' T='290' />
<Point X='360' Y='281' T='310' />
<Point X='360' Y='287' T='324' />
<Point X='359' Y='291' T='332' />
<Point X='359' Y='295' T='344' />
<Point X='359' Y='300' T='360' />
<Point X='359' Y='301' T='376' />
<Point X='359' Y='303' T='385' />
<Point X='359' Y='304' T='394' />
<Point X='359' Y='305' T='409' />
<Point X='359' Y='306' T='425' />
<Point X='359' Y='306' T='435' />
</Stroke>
<Stroke index = '2' >
<Point X='201' Y='33' T='8' />
<Point X='201' Y='33' T='19' />
<Point X='200' Y='33' T='53' />
<Point X='199' Y='36' T='79' />
<Point X='198' Y='43' T='92' />
<Point X='196' Y='52' T='100' />
<Point X='194' Y='65' T='109' />
<Point X='191' Y='75' T='121' />
<Point X='185' Y='92' T='133' />
<Point X='182' Y='105' T='140' />
<Point X='177' Y='122' T='153' />
<Point X='172' Y='135' T='174' />
<Point X='161' Y='164' T='186' />
<Point X='157' Y='180' T='201' />
<Point X='154' Y='193' T='212' />
<Point X='151' Y='208' T='223' />
<Point X='147' Y='221' T='236' />
<Point X='144' Y='237' T='247' />
<Point X='142' Y='247' T='256' />
<Point X='141' Y='260' T='270' />
<Point X='140' Y='268' T='277' />
<Point X='140' Y='276' T='290' />
<Point X='140' Y='283' T='308' />
<Point X='140' Y='290' T='322' />
<Point X='140' Y='295' T='330' />
<Point X='140' Y='299' T='344' />
<Point X='140' Y='305' T='360' />
<Point X='141' Y='308' T='374' />
<Point X='141' Y='311' T='384' />
<Point X='142' Y='314' T='393' />
<Point X='142' Y='316' T='408' />
<Point X='142' Y='318' T='424' />
<Point X='142' Y='320' T='435' />
</Stroke>
<Stroke index = '3' >
<Point X='372' Y='0' T='0' />
<Point X='372' Y='0' T='16' />
<Point X='372' Y='0' T='51' />
<Point X='370' Y='5' T='78' />
<Point X='368' Y='12' T='91' />
<Point X='364' Y='24' T='99' />
<Point X='359' Y='34' T='108' />
<Point X='352' Y='49' T='120' />
<Point X='345' Y='62' T='131' />
<Point X='336' Y='75' T='139' />
<Point X='326' Y='92' T='151' />
<Point X='319' Y='104' T='172' />
<Point X='304' Y='131' T='185' />
<Point X='298' Y='141' T='200' />
<Point X='290' Y='153' T='210' />
<Point X='283' Y='168' T='223' />
<Point X='279' Y='176' T='235' />
<Point X='271' Y='192' T='246' />
<Point X='268' Y='198' T='256' />
<Point X='264' Y='209' T='269' />
<Point X='263' Y='215' T='277' />
<Point X='262' Y='221' T='289' />
<Point X='261' Y='226' T='307' />
<Point X='261' Y='232' T='322' />
<Point X='261' Y='236' T='329' />
<Point X='261' Y='239' T='343' />
<Point X='261' Y='245' T='358' />
<Point X='261' Y='248' T='373' />
<Point X='261' Y='250' T='383' />
<Point X='261' Y='252' T='392' />
<Point X='261' Y='254' T='407' />
<Point X='261' Y='255' T='423' />
<Point X='261' Y='255' T='434' />
</Stroke>

</Gesture>
