<?xml version='1.0' encoding='utf-8' standalone='yes'?>
<Gesture Name ='6_1_1' Subject = 'test'  Speed = 'MEDIUM' NumPts = '131' InputType='finger' >

<Stroke index = '3' >
<Point X='293' Y='0' T='147' />
<Point X='293' Y='1' T='159' />
<Point X='292' Y='4' T='184' />
<Point X='291' Y='9' T='197' />
<Point X='290' Y='12' T='210' />
<Point X='288' Y='23' T='224' />
<Point X='287' Y='29' T='239' />
<Point X='285' Y='41' T='268' />
<Point X='281' Y='57' T='285' />
<Point X='278' Y='69' T='301' />
<Point X='276' Y='76' T='315' />
<Point X='274' Y='87' T='325' />
<Point X='270' Y='107' T='343' />
<Point X='268' Y='116' T='355' />
<Point X='261' Y='133' T='370' />
<Point X='258' Y='140' T='385' />
<Point X='255' Y='148' T='402' />
<Point X='251' Y='162' T='420' />
<Point X='248' Y='172' T='440' />
<Point X='242' Y='192' T='454' />
<Point X='240' Y='200' T='470' />
<Point X='240' Y='218' T='487' />
<Point X='242' Y='231' T='505' />
<Point X='240' Y='254' T='520' />
</Stroke>
<Stroke index = '4' >
<Point X='417' Y='45' T='150' />
<Point X='417' Y='45' T='160' />
<Point X='414' Y='51' T='185' />
<Point X='412' Y='55' T='200' />
<Point X='410' Y='60' T='212' />
<Point X='406' Y='70' T='228' />
<Point X='404' Y='76' T='240' />
<Point X='400' Y='89' T='269' />
<Point X='393' Y='107' T='286' />
<Point X='388' Y='117' T='303' />
<Point X='383' Y='127' T='317' />
<Point X='379' Y='136' T='326' />
<Point X='372' Y='155' T='344' />
<Point X='369' Y='164' T='355' />
<Point X='362' Y='179' T='371' />
<Point X='360' Y='187' T='387' />
<Point X='357' Y='194' T='403' />
<Point X='352' Y='211' T='424' />
<Point X='348' Y='223' T='440' />
<Point X='340' Y='246' T='456' />
<Point X='337' Y='256' T='471' />
<Point X='328' Y='282' T='489' />
<Point X='322' Y='296' T='507' />
<Point X='314' Y='317' T='523' />
</Stroke>
<Stroke index = '5' >
<Point X='578' Y='166' T='0' />
<Point X='586' Y='168' T='83' />
<Point X='587' Y='168' T='91' />
<Point X='588' Y='168' T='105' />
<Point X='588' Y='168' T='123' />
<Point X='589' Y='168' T='131' />
<Point X='590' Y='169' T='140' />
<Point X='591' Y='172' T='154' />
<Point X='592' Y='178' T='180' />
<Point X='592' Y='181' T='191' />
<Point X='591' Y='184' T='205' />
<Point X='585' Y='192' T='219' />
<Point X='580' Y='198' T='234' />
<Point X='570' Y='205' T='264' />
<Point X='561' Y='215' T='279' />
<Point X='555' Y='221' T='296' />
<Point X='549' Y='225' T='310' />
<Point X='542' Y='231' T='321' />
<Point X='527' Y='243' T='337' />
<Point X='519' Y='248' T='349' />
<Point X='506' Y='258' T='367' />
<Point X='500' Y='263' T='380' />
<Point X='493' Y='269' T='400' />
<Point X='479' Y='281' T='415' />
<Point X='469' Y='289' T='436' />
<Point X='450' Y='308' T='449' />
<Point X='441' Y='318' T='468' />
<Point X='408' Y='355' T='483' />
<Point X='394' Y='371' T='503' />
<Point X='374' Y='390' T='516' />
</Stroke>
<Stroke index = '1' >
<Point X='0' Y='529' T='87' />
<Point X='0' Y='529' T='95' />
<Point X='0' Y='529' T='106' />
<Point X='0' Y='530' T='124' />
<Point X='0' Y='530' T='133' />
<Point X='0' Y='531' T='142' />
<Point X='0' Y='532' T='155' />
<Point X='1' Y='534' T='182' />
<Point X='2' Y='535' T='193' />
<Point X='4' Y='536' T='207' />
<Point X='8' Y='536' T='221' />
<Point X='10' Y='536' T='235' />
<Point X='14' Y='535' T='265' />
<Point X='21' Y='533' T='280' />
<Point X='24' Y='532' T='298' />
<Point X='27' Y='531' T='312' />
<Point X='29' Y='530' T='323' />
<Point X='35' Y='528' T='340' />
<Point X='37' Y='526' T='351' />
<Point X='41' Y='523' T='369' />
<Point X='43' Y='522' T='382' />
<Point X='45' Y='520' T='401' />
<Point X='51' Y='518' T='417' />
<Point X='55' Y='517' T='437' />
<Point X='61' Y='514' T='450' />
<Point X='63' Y='512' T='469' />
<Point X='85' Y='494' T='484' />
<Point X='93' Y='487' T='504' />
</Stroke>
<Stroke index = '2' >
<Point X='128' Y='68' T='127' />
<Point X='127' Y='68' T='143' />
<Point X='127' Y='69' T='158' />
<Point X='126' Y='71' T='182' />
<Point X='126' Y='74' T='195' />
<Point X='126' Y='76' T='209' />
<Point X='126' Y='85' T='223' />
<Point X='126' Y='90' T='237' />
<Point X='126' Y='100' T='267' />
<Point X='126' Y='114' T='282' />
<Point X='126' Y='121' T='300' />
<Point X='126' Y='131' T='315' />
<Point X='126' Y='139' T='323' />
<Point X='126' Y='159' T='342' />
<Point X='126' Y='171' T='353' />
<Point X='126' Y='189' T='370' />
<Point X='125' Y='198' T='383' />
<Point X='125' Y='207' T='402' />
<Point X='124' Y='224' T='418' />
<Point X='124' Y='235' T='438' />
<Point X='125' Y='255' T='452' />
<Point X='126' Y='262' T='470' />
<Point X='130' Y='282' T='485' />
<Point X='135' Y='295' T='505' />
<Point X='140' Y='321' T='519' />
</Stroke>

</Gesture>
