<?xml version='1.0' encoding='utf-8' standalone='yes'?>
<Gesture Name ='6_1_10' Subject = 'test'  Speed = 'MEDIUM' NumPts = '98' InputType='finger' >

<Stroke index = '5' >
<Point X='559' Y='179' T='26' />
<Point X='559' Y='179' T='33' />
<Point X='558' Y='180' T='46' />
<Point X='557' Y='181' T='74' />
<Point X='556' Y='183' T='84' />
<Point X='555' Y='185' T='95' />
<Point X='553' Y='187' T='104' />
<Point X='551' Y='190' T='118' />
<Point X='548' Y='196' T='129' />
<Point X='545' Y='202' T='139' />
<Point X='542' Y='208' T='152' />
<Point X='537' Y='215' T='161' />
<Point X='531' Y='225' T='169' />
<Point X='526' Y='233' T='183' />
<Point X='519' Y='244' T='197' />
<Point X='512' Y='254' T='203' />
<Point X='504' Y='267' T='215' />
<Point X='499' Y='273' T='223' />
<Point X='490' Y='285' T='237' />
<Point X='481' Y='294' T='247' />
</Stroke>
<Stroke index = '2' >
<Point X='153' Y='44' T='6' />
<Point X='153' Y='44' T='32' />
<Point X='153' Y='44' T='43' />
<Point X='152' Y='45' T='73' />
<Point X='151' Y='47' T='82' />
<Point X='151' Y='50' T='93' />
<Point X='150' Y='55' T='102' />
<Point X='150' Y='60' T='115' />
<Point X='150' Y='66' T='127' />
<Point X='150' Y='75' T='137' />
<Point X='150' Y='85' T='151' />
<Point X='150' Y='96' T='161' />
<Point X='149' Y='109' T='168' />
<Point X='149' Y='123' T='181' />
<Point X='149' Y='137' T='195' />
<Point X='149' Y='150' T='202' />
<Point X='149' Y='164' T='213' />
<Point X='149' Y='176' T='220' />
<Point X='149' Y='189' T='235' />
<Point X='149' Y='205' T='246' />
</Stroke>
<Stroke index = '4' >
<Point X='418' Y='45' T='13' />
<Point X='418' Y='45' T='21' />
<Point X='418' Y='46' T='45' />
<Point X='418' Y='47' T='74' />
<Point X='417' Y='50' T='84' />
<Point X='416' Y='54' T='94' />
<Point X='415' Y='60' T='103' />
<Point X='413' Y='66' T='117' />
<Point X='412' Y='73' T='129' />
<Point X='410' Y='81' T='139' />
<Point X='408' Y='90' T='151' />
<Point X='406' Y='100' T='161' />
<Point X='404' Y='113' T='168' />
<Point X='401' Y='125' T='183' />
<Point X='399' Y='139' T='195' />
<Point X='397' Y='152' T='203' />
<Point X='395' Y='165' T='215' />
<Point X='393' Y='176' T='222' />
<Point X='390' Y='189' T='236' />
<Point X='387' Y='202' T='246' />
</Stroke>
<Stroke index = '3' >
<Point X='321' Y='0' T='0' />
<Point X='320' Y='0' T='19' />
<Point X='320' Y='0' T='30' />
<Point X='320' Y='1' T='42' />
<Point X='319' Y='2' T='71' />
<Point X='319' Y='3' T='81' />
<Point X='319' Y='7' T='91' />
<Point X='318' Y='13' T='101' />
<Point X='318' Y='18' T='113' />
<Point X='317' Y='25' T='126' />
<Point X='317' Y='34' T='136' />
<Point X='316' Y='41' T='149' />
<Point X='314' Y='56' T='160' />
<Point X='312' Y='62' T='166' />
<Point X='308' Y='79' T='179' />
<Point X='304' Y='89' T='193' />
<Point X='300' Y='102' T='201' />
<Point X='297' Y='113' T='213' />
<Point X='295' Y='122' T='220' />
<Point X='293' Y='135' T='234' />
<Point X='291' Y='144' T='245' />
</Stroke>
<Stroke index = '1' >
<Point X='0' Y='461' T='35' />
<Point X='0' Y='461' T='50' />
<Point X='1' Y='461' T='96' />
<Point X='1' Y='461' T='105' />
<Point X='3' Y='461' T='118' />
<Point X='6' Y='460' T='130' />
<Point X='11' Y='459' T='140' />
<Point X='15' Y='459' T='152' />
<Point X='19' Y='458' T='163' />
<Point X='22' Y='458' T='169' />
<Point X='26' Y='457' T='184' />
<Point X='32' Y='456' T='197' />
<Point X='38' Y='455' T='204' />
<Point X='43' Y='455' T='217' />
<Point X='48' Y='455' T='223' />
<Point X='55' Y='455' T='238' />
<Point X='61' Y='455' T='249' />
</Stroke>

</Gesture>
