<?xml version='1.0' encoding='utf-8' standalone='yes'?>
<Gesture Name ='6_1_7' Subject = 'test'  Speed = 'MEDIUM' NumPts = '129' InputType='finger' >

<Stroke index = '1' >
<Point X='0' Y='484' T='87' />
<Point X='0' Y='484' T='100' />
<Point X='1' Y='482' T='133' />
<Point X='1' Y='481' T='144' />
<Point X='2' Y='479' T='159' />
<Point X='5' Y='474' T='184' />
<Point X='8' Y='471' T='194' />
<Point X='11' Y='468' T='207' />
<Point X='15' Y='465' T='217' />
<Point X='18' Y='463' T='229' />
<Point X='21' Y='461' T='235' />
<Point X='24' Y='459' T='255' />
<Point X='28' Y='457' T='269' />
<Point X='39' Y='453' T='289' />
<Point X='50' Y='446' T='305' />
<Point X='56' Y='441' T='320' />
<Point X='62' Y='437' T='327' />
<Point X='66' Y='434' T='344' />
<Point X='71' Y='431' T='354' />
<Point X='82' Y='426' T='383' />
<Point X='89' Y='423' T='400' />
<Point X='93' Y='422' T='415' />
</Stroke>
<Stroke index = '2' >
<Point X='143' Y='42' T='66' />
<Point X='143' Y='42' T='74' />
<Point X='142' Y='42' T='84' />
<Point X='142' Y='42' T='99' />
<Point X='141' Y='42' T='113' />
<Point X='141' Y='45' T='132' />
<Point X='142' Y='49' T='143' />
<Point X='144' Y='55' T='158' />
<Point X='148' Y='71' T='183' />
<Point X='149' Y='79' T='193' />
<Point X='149' Y='89' T='206' />
<Point X='149' Y='98' T='216' />
<Point X='149' Y='108' T='227' />
<Point X='149' Y='117' T='234' />
<Point X='149' Y='126' T='254' />
<Point X='149' Y='137' T='269' />
<Point X='149' Y='160' T='287' />
<Point X='150' Y='181' T='304' />
<Point X='150' Y='192' T='319' />
<Point X='150' Y='202' T='327' />
<Point X='150' Y='210' T='343' />
<Point X='150' Y='218' T='353' />
<Point X='150' Y='231' T='382' />
<Point X='150' Y='244' T='399' />
<Point X='151' Y='252' T='412' />
</Stroke>
<Stroke index = '4' >
<Point X='423' Y='47' T='37' />
<Point X='423' Y='47' T='45' />
<Point X='423' Y='47' T='98' />
<Point X='423' Y='48' T='113' />
<Point X='425' Y='53' T='131' />
<Point X='426' Y='59' T='142' />
<Point X='426' Y='65' T='158' />
<Point X='424' Y='79' T='182' />
<Point X='422' Y='88' T='192' />
<Point X='420' Y='97' T='205' />
<Point X='416' Y='106' T='216' />
<Point X='412' Y='115' T='227' />
<Point X='409' Y='123' T='234' />
<Point X='406' Y='133' T='253' />
<Point X='403' Y='142' T='269' />
<Point X='398' Y='162' T='286' />
<Point X='390' Y='182' T='304' />
<Point X='386' Y='191' T='317' />
<Point X='383' Y='199' T='325' />
<Point X='380' Y='206' T='342' />
<Point X='378' Y='212' T='352' />
<Point X='375' Y='223' T='380' />
<Point X='372' Y='233' T='397' />
<Point X='370' Y='239' T='410' />
</Stroke>
<Stroke index = '5' >
<Point X='570' Y='185' T='8' />
<Point X='570' Y='185' T='34' />
<Point X='572' Y='185' T='44' />
<Point X='574' Y='185' T='53' />
<Point X='576' Y='185' T='65' />
<Point X='578' Y='186' T='73' />
<Point X='579' Y='186' T='84' />
<Point X='579' Y='187' T='97' />
<Point X='580' Y='187' T='112' />
<Point X='579' Y='195' T='131' />
<Point X='577' Y='200' T='141' />
<Point X='575' Y='204' T='156' />
<Point X='569' Y='216' T='182' />
<Point X='566' Y='221' T='191' />
<Point X='562' Y='225' T='204' />
<Point X='556' Y='231' T='215' />
<Point X='550' Y='238' T='225' />
<Point X='545' Y='243' T='234' />
<Point X='537' Y='250' T='251' />
<Point X='530' Y='257' T='267' />
<Point X='508' Y='270' T='285' />
<Point X='481' Y='283' T='303' />
<Point X='468' Y='290' T='316' />
<Point X='461' Y='293' T='325' />
<Point X='453' Y='298' T='341' />
<Point X='449' Y='302' T='350' />
<Point X='443' Y='307' T='379' />
<Point X='441' Y='310' T='396' />
<Point X='439' Y='311' T='408' />
</Stroke>
<Stroke index = '3' >
<Point X='319' Y='8' T='0' />
<Point X='320' Y='7' T='32' />
<Point X='321' Y='5' T='42' />
<Point X='321' Y='4' T='52' />
<Point X='322' Y='2' T='64' />
<Point X='322' Y='1' T='72' />
<Point X='322' Y='0' T='83' />
<Point X='322' Y='0' T='96' />
<Point X='322' Y='0' T='112' />
<Point X='323' Y='3' T='129' />
<Point X='326' Y='8' T='140' />
<Point X='329' Y='13' T='155' />
<Point X='331' Y='30' T='180' />
<Point X='330' Y='36' T='190' />
<Point X='326' Y='48' T='203' />
<Point X='324' Y='55' T='213' />
<Point X='320' Y='65' T='224' />
<Point X='317' Y='74' T='232' />
<Point X='315' Y='81' T='248' />
<Point X='310' Y='93' T='267' />
<Point X='301' Y='112' T='284' />
<Point X='294' Y='131' T='301' />
<Point X='291' Y='138' T='315' />
<Point X='288' Y='145' T='324' />
<Point X='284' Y='154' T='339' />
<Point X='282' Y='159' T='349' />
<Point X='279' Y='169' T='377' />
<Point X='277' Y='179' T='395' />
<Point X='276' Y='184' T='407' />
</Stroke>

</Gesture>
