<?xml version='1.0' encoding='utf-8' standalone='yes'?>
<Gesture Name ='6_1_11' Subject = 'test'  Speed = 'MEDIUM' NumPts = '121' InputType='finger' >

<Stroke index = '1' >
<Point X='3' Y='474' T='0' />
<Point X='3' Y='475' T='23' />
<Point X='2' Y='476' T='41' />
<Point X='1' Y='477' T='58' />
<Point X='0' Y='477' T='73' />
<Point X='0' Y='478' T='88' />
<Point X='0' Y='478' T='104' />
<Point X='0' Y='478' T='122' />
<Point X='0' Y='477' T='132' />
<Point X='0' Y='477' T='143' />
<Point X='1' Y='476' T='156' />
<Point X='2' Y='475' T='164' />
<Point X='4' Y='473' T='177' />
<Point X='5' Y='472' T='191' />
<Point X='6' Y='470' T='205' />
<Point X='7' Y='469' T='216' />
<Point X='8' Y='468' T='224' />
<Point X='9' Y='467' T='238' />
<Point X='11' Y='466' T='246' />
<Point X='12' Y='466' T='261' />
<Point X='14' Y='465' T='275' />
<Point X='18' Y='464' T='287' />
<Point X='19' Y='463' T='301' />
<Point X='21' Y='463' T='313' />
<Point X='23' Y='462' T='324' />
<Point X='27' Y='461' T='335' />
<Point X='30' Y='460' T='346' />
<Point X='34' Y='458' T='357' />
<Point X='38' Y='456' T='365' />
</Stroke>
<Stroke index = '5' >
<Point X='562' Y='160' T='6' />
<Point X='562' Y='160' T='25' />
<Point X='562' Y='161' T='59' />
<Point X='562' Y='161' T='135' />
<Point X='562' Y='162' T='144' />
<Point X='562' Y='164' T='157' />
<Point X='561' Y='166' T='166' />
<Point X='560' Y='169' T='178' />
<Point X='556' Y='174' T='193' />
<Point X='552' Y='181' T='206' />
<Point X='549' Y='185' T='217' />
<Point X='547' Y='189' T='225' />
<Point X='544' Y='192' T='239' />
<Point X='541' Y='197' T='246' />
<Point X='537' Y='202' T='262' />
<Point X='532' Y='207' T='275' />
<Point X='524' Y='213' T='289' />
<Point X='519' Y='218' T='302' />
<Point X='514' Y='223' T='314' />
<Point X='509' Y='228' T='325' />
<Point X='505' Y='231' T='336' />
<Point X='502' Y='234' T='348' />
<Point X='496' Y='238' T='359' />
</Stroke>
<Stroke index = '3' >
<Point X='270' Y='0' T='106' />
<Point X='270' Y='1' T='124' />
<Point X='270' Y='1' T='135' />
<Point X='270' Y='2' T='146' />
<Point X='270' Y='8' T='158' />
<Point X='270' Y='15' T='167' />
<Point X='270' Y='21' T='180' />
<Point X='269' Y='31' T='194' />
<Point X='268' Y='38' T='207' />
<Point X='267' Y='44' T='218' />
<Point X='265' Y='55' T='227' />
<Point X='263' Y='61' T='241' />
<Point X='261' Y='69' T='248' />
<Point X='259' Y='78' T='264' />
<Point X='257' Y='85' T='276' />
<Point X='255' Y='102' T='290' />
<Point X='254' Y='110' T='302' />
<Point X='252' Y='118' T='316' />
<Point X='252' Y='124' T='326' />
<Point X='251' Y='130' T='337' />
<Point X='250' Y='139' T='348' />
<Point X='249' Y='145' T='360' />
<Point X='247' Y='157' T='367' />
</Stroke>
<Stroke index = '4' >
<Point X='376' Y='32' T='109' />
<Point X='376' Y='32' T='124' />
<Point X='375' Y='34' T='137' />
<Point X='375' Y='37' T='147' />
<Point X='374' Y='43' T='158' />
<Point X='372' Y='53' T='168' />
<Point X='371' Y='60' T='180' />
<Point X='369' Y='68' T='195' />
<Point X='366' Y='77' T='208' />
<Point X='364' Y='84' T='218' />
<Point X='361' Y='93' T='227' />
<Point X='359' Y='103' T='241' />
<Point X='357' Y='112' T='249' />
<Point X='356' Y='124' T='264' />
<Point X='355' Y='135' T='277' />
<Point X='353' Y='156' T='290' />
<Point X='352' Y='164' T='302' />
<Point X='351' Y='172' T='317' />
<Point X='349' Y='179' T='326' />
<Point X='348' Y='184' T='338' />
<Point X='346' Y='191' T='350' />
<Point X='344' Y='198' T='361' />
<Point X='341' Y='206' T='368' />
</Stroke>
<Stroke index = '2' >
<Point X='81' Y='75' T='112' />
<Point X='81' Y='76' T='126' />
<Point X='81' Y='76' T='138' />
<Point X='81' Y='78' T='148' />
<Point X='82' Y='82' T='158' />
<Point X='82' Y='87' T='169' />
<Point X='83' Y='95' T='182' />
<Point X='84' Y='102' T='196' />
<Point X='84' Y='108' T='208' />
<Point X='84' Y='116' T='219' />
<Point X='84' Y='123' T='228' />
<Point X='84' Y='128' T='242' />
<Point X='84' Y='135' T='250' />
<Point X='84' Y='142' T='264' />
<Point X='84' Y='148' T='278' />
<Point X='84' Y='162' T='292' />
<Point X='85' Y='170' T='304' />
<Point X='86' Y='176' T='318' />
<Point X='86' Y='183' T='327' />
<Point X='87' Y='190' T='339' />
<Point X='88' Y='198' T='350' />
<Point X='89' Y='205' T='362' />
<Point X='91' Y='216' T='368' />
</Stroke>

</Gesture>
