<?xml version='1.0' encoding='utf-8' standalone='yes'?>
<Gesture Name ='6_1_13' Subject = 'test'  Speed = 'MEDIUM' NumPts = '116' InputType='finger' >

<Stroke index = '5' >
<Point X='603' Y='211' T='0' />
<Point X='603' Y='211' T='16' />
<Point X='603' Y='212' T='25' />
<Point X='603' Y='212' T='39' />
<Point X='600' Y='215' T='53' />
<Point X='598' Y='217' T='65' />
<Point X='595' Y='220' T='78' />
<Point X='591' Y='225' T='86' />
<Point X='587' Y='231' T='99' />
<Point X='583' Y='236' T='115' />
<Point X='579' Y='240' T='126' />
<Point X='573' Y='249' T='136' />
<Point X='568' Y='255' T='148' />
<Point X='560' Y='265' T='160' />
<Point X='553' Y='274' T='172' />
<Point X='544' Y='283' T='180' />
<Point X='534' Y='294' T='197' />
<Point X='524' Y='302' T='208' />
<Point X='515' Y='310' T='216' />
<Point X='508' Y='317' T='225' />
<Point X='502' Y='322' T='239' />
<Point X='497' Y='327' T='249' />
<Point X='486' Y='340' T='277' />
<Point X='470' Y='357' T='292' />
</Stroke>
<Stroke index = '2' >
<Point X='108' Y='57' T='4' />
<Point X='108' Y='57' T='17' />
<Point X='108' Y='57' T='39' />
<Point X='109' Y='61' T='55' />
<Point X='110' Y='65' T='66' />
<Point X='112' Y='71' T='80' />
<Point X='115' Y='77' T='87' />
<Point X='117' Y='84' T='100' />
<Point X='119' Y='90' T='116' />
<Point X='121' Y='97' T='127' />
<Point X='124' Y='106' T='138' />
<Point X='126' Y='115' T='149' />
<Point X='128' Y='127' T='162' />
<Point X='130' Y='138' T='173' />
<Point X='132' Y='152' T='180' />
<Point X='133' Y='165' T='199' />
<Point X='134' Y='179' T='210' />
<Point X='135' Y='191' T='218' />
<Point X='136' Y='203' T='226' />
<Point X='136' Y='214' T='240' />
<Point X='137' Y='223' T='250' />
<Point X='141' Y='246' T='278' />
<Point X='149' Y='272' T='293' />
</Stroke>
<Stroke index = '3' >
<Point X='321' Y='0' T='6' />
<Point X='321' Y='0' T='29' />
<Point X='320' Y='1' T='41' />
<Point X='319' Y='5' T='56' />
<Point X='319' Y='10' T='66' />
<Point X='319' Y='17' T='81' />
<Point X='319' Y='24' T='88' />
<Point X='318' Y='30' T='101' />
<Point X='317' Y='40' T='117' />
<Point X='316' Y='47' T='128' />
<Point X='314' Y='58' T='138' />
<Point X='313' Y='67' T='150' />
<Point X='310' Y='83' T='163' />
<Point X='307' Y='92' T='174' />
<Point X='302' Y='110' T='182' />
<Point X='299' Y='125' T='200' />
<Point X='296' Y='138' T='210' />
<Point X='292' Y='151' T='219' />
<Point X='290' Y='159' T='227' />
<Point X='286' Y='171' T='242' />
<Point X='284' Y='177' T='251' />
<Point X='281' Y='195' T='280' />
<Point X='280' Y='223' T='293' />
</Stroke>
<Stroke index = '4' >
<Point X='439' Y='51' T='9' />
<Point X='439' Y='51' T='30' />
<Point X='438' Y='52' T='41' />
<Point X='437' Y='57' T='57' />
<Point X='435' Y='62' T='67' />
<Point X='433' Y='69' T='82' />
<Point X='430' Y='76' T='88' />
<Point X='427' Y='84' T='101' />
<Point X='425' Y='90' T='118' />
<Point X='421' Y='99' T='129' />
<Point X='418' Y='109' T='138' />
<Point X='415' Y='119' T='151' />
<Point X='412' Y='133' T='164' />
<Point X='408' Y='146' T='175' />
<Point X='404' Y='161' T='182' />
<Point X='400' Y='175' T='200' />
<Point X='396' Y='189' T='212' />
<Point X='391' Y='202' T='221' />
<Point X='387' Y='213' T='228' />
<Point X='384' Y='223' T='243' />
<Point X='382' Y='232' T='253' />
<Point X='380' Y='255' T='280' />
<Point X='377' Y='286' T='294' />
</Stroke>
<Stroke index = '1' >
<Point X='0' Y='493' T='21' />
<Point X='0' Y='493' T='31' />
<Point X='0' Y='493' T='42' />
<Point X='0' Y='493' T='57' />
<Point X='0' Y='492' T='69' />
<Point X='1' Y='491' T='82' />
<Point X='2' Y='490' T='89' />
<Point X='3' Y='488' T='102' />
<Point X='5' Y='487' T='119' />
<Point X='8' Y='485' T='130' />
<Point X='11' Y='483' T='139' />
<Point X='15' Y='481' T='152' />
<Point X='18' Y='480' T='165' />
<Point X='22' Y='479' T='176' />
<Point X='25' Y='478' T='182' />
<Point X='29' Y='477' T='200' />
<Point X='35' Y='475' T='212' />
<Point X='41' Y='473' T='222' />
<Point X='45' Y='472' T='229' />
<Point X='50' Y='472' T='244' />
<Point X='56' Y='472' T='254' />
<Point X='66' Y='474' T='282' />
<Point X='82' Y='472' T='294' />
</Stroke>

</Gesture>
