<?xml version='1.0' encoding='utf-8' standalone='yes'?>
<Gesture Name ='6_1_5' Subject = 'test'  Speed = 'MEDIUM' NumPts = '129' InputType='finger' >

<Stroke index = '1' >
<Point X='3' Y='473' T='0' />
<Point X='2' Y='474' T='22' />
<Point X='1' Y='475' T='34' />
<Point X='1' Y='475' T='50' />
<Point X='0' Y='475' T='57' />
<Point X='1' Y='475' T='117' />
<Point X='3' Y='475' T='135' />
<Point X='7' Y='474' T='163' />
<Point X='10' Y='474' T='172' />
<Point X='15' Y='474' T='197' />
<Point X='20' Y='474' T='215' />
<Point X='29' Y='475' T='231' />
<Point X='33' Y='475' T='246' />
<Point X='36' Y='475' T='263' />
<Point X='40' Y='476' T='270' />
<Point X='44' Y='476' T='284' />
<Point X='53' Y='477' T='298' />
<Point X='56' Y='477' T='311' />
<Point X='58' Y='477' T='320' />
<Point X='61' Y='478' T='332' />
<Point X='66' Y='478' T='348' />
<Point X='78' Y='480' T='377' />
<Point X='81' Y='481' T='399' />
<Point X='84' Y='482' T='409' />
<Point X='91' Y='482' T='422' />
<Point X='94' Y='482' T='437' />
<Point X='96' Y='481' T='450' />
</Stroke>
<Stroke index = '2' >
<Point X='166' Y='38' T='15' />
<Point X='166' Y='38' T='23' />
<Point X='166' Y='37' T='36' />
<Point X='165' Y='36' T='51' />
<Point X='165' Y='35' T='59' />
<Point X='165' Y='34' T='67' />
<Point X='165' Y='34' T='110' />
<Point X='165' Y='37' T='118' />
<Point X='165' Y='47' T='137' />
<Point X='164' Y='64' T='163' />
<Point X='164' Y='74' T='173' />
<Point X='163' Y='96' T='198' />
<Point X='162' Y='108' T='216' />
<Point X='160' Y='134' T='233' />
<Point X='158' Y='147' T='247' />
<Point X='156' Y='162' T='264' />
<Point X='154' Y='174' T='271' />
<Point X='152' Y='187' T='284' />
<Point X='148' Y='214' T='299' />
<Point X='147' Y='228' T='311' />
<Point X='145' Y='242' T='320' />
<Point X='145' Y='255' T='333' />
<Point X='144' Y='266' T='350' />
<Point X='142' Y='296' T='378' />
<Point X='141' Y='305' T='400' />
<Point X='141' Y='313' T='412' />
<Point X='141' Y='326' T='424' />
<Point X='142' Y='330' T='438' />
<Point X='143' Y='333' T='452' />
</Stroke>
<Stroke index = '3' >
<Point X='349' Y='0' T='20' />
<Point X='349' Y='0' T='37' />
<Point X='349' Y='0' T='59' />
<Point X='349' Y='0' T='90' />
<Point X='348' Y='1' T='119' />
<Point X='345' Y='13' T='137' />
<Point X='339' Y='27' T='164' />
<Point X='336' Y='36' T='174' />
<Point X='330' Y='54' T='199' />
<Point X='326' Y='64' T='217' />
<Point X='316' Y='89' T='233' />
<Point X='312' Y='99' T='251' />
<Point X='307' Y='112' T='265' />
<Point X='303' Y='121' T='272' />
<Point X='297' Y='134' T='286' />
<Point X='288' Y='156' T='299' />
<Point X='284' Y='165' T='312' />
<Point X='279' Y='181' T='321' />
<Point X='276' Y='187' T='333' />
<Point X='271' Y='199' T='350' />
<Point X='265' Y='221' T='379' />
<Point X='264' Y='227' T='401' />
<Point X='262' Y='234' T='412' />
<Point X='259' Y='244' T='424' />
<Point X='259' Y='247' T='439' />
<Point X='259' Y='249' T='452' />
</Stroke>
<Stroke index = '4' >
<Point X='436' Y='48' T='92' />
<Point X='436' Y='49' T='112' />
<Point X='435' Y='50' T='119' />
<Point X='433' Y='60' T='138' />
<Point X='427' Y='77' T='165' />
<Point X='424' Y='84' T='175' />
<Point X='417' Y='103' T='201' />
<Point X='414' Y='116' T='218' />
<Point X='408' Y='137' T='234' />
<Point X='405' Y='149' T='253' />
<Point X='401' Y='159' T='266' />
<Point X='398' Y='170' T='272' />
<Point X='395' Y='181' T='287' />
<Point X='387' Y='205' T='299' />
<Point X='383' Y='218' T='314' />
<Point X='378' Y='231' T='322' />
<Point X='374' Y='242' T='334' />
<Point X='371' Y='252' T='352' />
<Point X='364' Y='272' T='382' />
<Point X='362' Y='277' T='401' />
<Point X='359' Y='282' T='415' />
<Point X='356' Y='288' T='425' />
<Point X='355' Y='291' T='440' />
<Point X='354' Y='293' T='453' />
</Stroke>
<Stroke index = '5' >
<Point X='583' Y='203' T='113' />
<Point X='583' Y='204' T='120' />
<Point X='578' Y='206' T='139' />
<Point X='563' Y='215' T='165' />
<Point X='554' Y='222' T='176' />
<Point X='537' Y='236' T='202' />
<Point X='527' Y='245' T='218' />
<Point X='509' Y='264' T='235' />
<Point X='502' Y='271' T='253' />
<Point X='494' Y='280' T='267' />
<Point X='487' Y='287' T='274' />
<Point X='480' Y='294' T='288' />
<Point X='462' Y='313' T='301' />
<Point X='449' Y='327' T='315' />
<Point X='440' Y='337' T='322' />
<Point X='431' Y='350' T='335' />
<Point X='424' Y='358' T='352' />
<Point X='410' Y='377' T='384' />
<Point X='408' Y='380' T='402' />
<Point X='406' Y='384' T='417' />
<Point X='402' Y='389' T='426' />
<Point X='400' Y='390' T='442' />
<Point X='399' Y='392' T='454' />
</Stroke>

</Gesture>
