<?xml version='1.0' encoding='utf-8' standalone='yes'?>
<Gesture Name ='6_1_12' Subject = 'test'  Speed = 'MEDIUM' NumPts = '93' InputType='finger' >

<Stroke index = '4' >
<Point X='468' Y='50' T='23' />
<Point X='467' Y='51' T='31' />
<Point X='467' Y='51' T='43' />
<Point X='465' Y='53' T='55' />
<Point X='462' Y='57' T='65' />
<Point X='459' Y='62' T='76' />
<Point X='456' Y='69' T='85' />
<Point X='448' Y='96' T='122' />
<Point X='444' Y='106' T='132' />
<Point X='437' Y='124' T='158' />
<Point X='430' Y='146' T='188' />
<Point X='422' Y='172' T='208' />
<Point X='418' Y='183' T='222' />
<Point X='414' Y='198' T='233' />
<Point X='412' Y='208' T='243' />
<Point X='410' Y='217' T='260' />
<Point X='407' Y='235' T='274' />
<Point X='407' Y='245' T='293' />
</Stroke>
<Stroke index = '1' >
<Point X='0' Y='488' T='38' />
<Point X='0' Y='488' T='45' />
<Point X='0' Y='488' T='77' />
<Point X='1' Y='488' T='88' />
<Point X='8' Y='485' T='123' />
<Point X='11' Y='483' T='133' />
<Point X='18' Y='478' T='160' />
<Point X='26' Y='475' T='189' />
<Point X='35' Y='473' T='208' />
<Point X='38' Y='473' T='224' />
<Point X='42' Y='473' T='234' />
<Point X='46' Y='472' T='244' />
<Point X='51' Y='472' T='261' />
<Point X='61' Y='471' T='275' />
<Point X='69' Y='471' T='295' />
<Point X='82' Y='472' T='308' />
</Stroke>
<Stroke index = '2' >
<Point X='142' Y='51' T='0' />
<Point X='142' Y='51' T='2' />
<Point X='142' Y='51' T='18' />
<Point X='142' Y='52' T='29' />
<Point X='142' Y='52' T='41' />
<Point X='142' Y='53' T='53' />
<Point X='142' Y='55' T='64' />
<Point X='143' Y='59' T='74' />
<Point X='144' Y='64' T='83' />
<Point X='147' Y='87' T='121' />
<Point X='148' Y='96' T='131' />
<Point X='149' Y='113' T='156' />
<Point X='149' Y='134' T='185' />
<Point X='149' Y='156' T='206' />
<Point X='149' Y='166' T='220' />
<Point X='150' Y='178' T='231' />
<Point X='150' Y='188' T='241' />
<Point X='152' Y='199' T='258' />
<Point X='155' Y='220' T='273' />
<Point X='158' Y='231' T='292' />
<Point X='162' Y='255' T='306' />
</Stroke>
<Stroke index = '3' >
<Point X='346' Y='0' T='-5' />
<Point X='346' Y='1' T='17' />
<Point X='345' Y='1' T='27' />
<Point X='345' Y='2' T='41' />
<Point X='344' Y='5' T='51' />
<Point X='343' Y='7' T='62' />
<Point X='342' Y='10' T='73' />
<Point X='341' Y='16' T='82' />
<Point X='337' Y='39' T='120' />
<Point X='335' Y='47' T='130' />
<Point X='331' Y='66' T='154' />
<Point X='326' Y='85' T='184' />
<Point X='318' Y='106' T='205' />
<Point X='315' Y='114' T='218' />
<Point X='312' Y='126' T='229' />
<Point X='310' Y='133' T='240' />
<Point X='308' Y='146' T='256' />
<Point X='307' Y='163' T='271' />
<Point X='307' Y='172' T='290' />
</Stroke>
<Stroke index = '5' >
<Point X='623' Y='207' T='21' />
<Point X='623' Y='207' T='31' />
<Point X='623' Y='208' T='43' />
<Point X='622' Y='210' T='54' />
<Point X='621' Y='213' T='65' />
<Point X='618' Y='216' T='76' />
<Point X='614' Y='220' T='84' />
<Point X='598' Y='238' T='122' />
<Point X='591' Y='245' T='132' />
<Point X='581' Y='258' T='157' />
<Point X='570' Y='272' T='187' />
<Point X='557' Y='287' T='207' />
<Point X='549' Y='295' T='221' />
<Point X='543' Y='302' T='232' />
<Point X='537' Y='308' T='242' />
<Point X='530' Y='315' T='258' />
<Point X='522' Y='326' T='273' />
<Point X='517' Y='334' T='292' />
<Point X='504' Y='355' T='306' />
</Stroke>

</Gesture>
