<?xml version='1.0' encoding='utf-8' standalone='yes'?>
<Gesture Name ='6_1_15' Subject = 'test'  Speed = 'MEDIUM' NumPts = '145' InputType='finger' >

<Stroke index = '2' >
<Point X='163' Y='33' T='0' />
<Point X='163' Y='34' T='11' />
<Point X='163' Y='34' T='22' />
<Point X='163' Y='35' T='32' />
<Point X='163' Y='38' T='42' />
<Point X='163' Y='43' T='61' />
<Point X='164' Y='49' T='68' />
<Point X='164' Y='54' T='81' />
<Point X='165' Y='60' T='92' />
<Point X='166' Y='67' T='99' />
<Point X='167' Y='76' T='111' />
<Point X='167' Y='86' T='122' />
<Point X='166' Y='96' T='131' />
<Point X='163' Y='109' T='143' />
<Point X='161' Y='119' T='156' />
<Point X='159' Y='131' T='168' />
<Point X='158' Y='141' T='177' />
<Point X='156' Y='151' T='190' />
<Point X='155' Y='161' T='203' />
<Point X='154' Y='170' T='212' />
<Point X='152' Y='178' T='229' />
<Point X='151' Y='187' T='237' />
<Point X='150' Y='194' T='248' />
<Point X='150' Y='202' T='261' />
<Point X='149' Y='216' T='280' />
<Point X='149' Y='224' T='295' />
<Point X='149' Y='231' T='308' />
<Point X='149' Y='239' T='320' />
<Point X='148' Y='248' T='329' />
<Point X='148' Y='257' T='343' />
<Point X='148' Y='268' T='355' />
</Stroke>
<Stroke index = '3' >
<Point X='348' Y='0' T='4' />
<Point X='348' Y='0' T='13' />
<Point X='347' Y='1' T='23' />
<Point X='347' Y='2' T='34' />
<Point X='347' Y='5' T='43' />
<Point X='346' Y='7' T='62' />
<Point X='346' Y='12' T='69' />
<Point X='345' Y='19' T='82' />
<Point X='345' Y='25' T='92' />
<Point X='344' Y='31' T='100' />
<Point X='343' Y='42' T='111' />
<Point X='341' Y='49' T='122' />
<Point X='335' Y='65' T='133' />
<Point X='332' Y='70' T='145' />
<Point X='324' Y='87' T='156' />
<Point X='322' Y='92' T='168' />
<Point X='314' Y='107' T='178' />
<Point X='311' Y='112' T='190' />
<Point X='306' Y='121' T='204' />
<Point X='302' Y='129' T='213' />
<Point X='300' Y='134' T='230' />
<Point X='297' Y='141' T='237' />
<Point X='293' Y='149' T='248' />
<Point X='291' Y='153' T='262' />
<Point X='285' Y='167' T='282' />
<Point X='284' Y='172' T='296' />
<Point X='282' Y='181' T='309' />
<Point X='280' Y='189' T='321' />
<Point X='277' Y='196' T='331' />
<Point X='274' Y='206' T='344' />
<Point X='271' Y='212' T='357' />
</Stroke>
<Stroke index = '1' >
<Point X='0' Y='435' T='-27' />
<Point X='0' Y='435' T='20' />
<Point X='1' Y='435' T='81' />
<Point X='1' Y='435' T='90' />
<Point X='3' Y='435' T='98' />
<Point X='4' Y='434' T='109' />
<Point X='6' Y='434' T='120' />
<Point X='7' Y='434' T='130' />
<Point X='9' Y='434' T='142' />
<Point X='10' Y='434' T='155' />
<Point X='12' Y='433' T='166' />
<Point X='14' Y='433' T='176' />
<Point X='16' Y='432' T='189' />
<Point X='19' Y='432' T='201' />
<Point X='22' Y='431' T='211' />
<Point X='25' Y='431' T='228' />
<Point X='28' Y='430' T='235' />
<Point X='30' Y='430' T='247' />
<Point X='33' Y='430' T='260' />
<Point X='42' Y='428' T='280' />
<Point X='46' Y='428' T='294' />
<Point X='51' Y='427' T='308' />
<Point X='57' Y='425' T='318' />
<Point X='65' Y='421' T='328' />
<Point X='73' Y='415' T='342' />
<Point X='83' Y='409' T='355' />
</Stroke>
<Stroke index = '4' >
<Point X='434' Y='47' T='18' />
<Point X='434' Y='47' T='24' />
<Point X='434' Y='48' T='34' />
<Point X='433' Y='49' T='44' />
<Point X='433' Y='53' T='62' />
<Point X='432' Y='59' T='71' />
<Point X='431' Y='65' T='83' />
<Point X='431' Y='70' T='93' />
<Point X='430' Y='78' T='100' />
<Point X='429' Y='86' T='112' />
<Point X='428' Y='94' T='122' />
<Point X='426' Y='107' T='133' />
<Point X='422' Y='116' T='145' />
<Point X='416' Y='129' T='158' />
<Point X='413' Y='137' T='169' />
<Point X='408' Y='148' T='179' />
<Point X='405' Y='156' T='192' />
<Point X='402' Y='165' T='204' />
<Point X='399' Y='172' T='214' />
<Point X='396' Y='180' T='231' />
<Point X='393' Y='187' T='238' />
<Point X='390' Y='193' T='250' />
<Point X='388' Y='199' T='263' />
<Point X='384' Y='213' T='282' />
<Point X='383' Y='220' T='297' />
<Point X='381' Y='226' T='310' />
<Point X='379' Y='233' T='322' />
<Point X='375' Y='242' T='331' />
<Point X='372' Y='250' T='345' />
<Point X='368' Y='259' T='358' />
</Stroke>
<Stroke index = '5' >
<Point X='556' Y='182' T='46' />
<Point X='555' Y='182' T='62' />
<Point X='555' Y='184' T='72' />
<Point X='554' Y='189' T='84' />
<Point X='552' Y='193' T='94' />
<Point X='550' Y='198' T='101' />
<Point X='545' Y='206' T='112' />
<Point X='540' Y='213' T='123' />
<Point X='536' Y='219' T='134' />
<Point X='529' Y='230' T='146' />
<Point X='524' Y='236' T='158' />
<Point X='517' Y='243' T='170' />
<Point X='510' Y='251' T='179' />
<Point X='505' Y='257' T='192' />
<Point X='498' Y='263' T='205' />
<Point X='492' Y='270' T='215' />
<Point X='487' Y='275' T='232' />
<Point X='481' Y='280' T='239' />
<Point X='476' Y='283' T='251' />
<Point X='473' Y='287' T='264' />
<Point X='464' Y='297' T='283' />
<Point X='460' Y='301' T='298' />
<Point X='455' Y='305' T='311' />
<Point X='449' Y='312' T='323' />
<Point X='441' Y='318' T='332' />
<Point X='434' Y='324' T='346' />
<Point X='426' Y='333' T='358' />
</Stroke>

</Gesture>
