<?xml version='1.0' encoding='utf-8' standalone='yes'?>
<Gesture Name ='6_1_4' Subject = 'test'  Speed = 'MEDIUM' NumPts = '107' InputType='finger' >

<Stroke index = '4' >
<Point X='458' Y='46' T='77' />
<Point X='457' Y='49' T='107' />
<Point X='455' Y='54' T='122' />
<Point X='442' Y='74' T='135' />
<Point X='428' Y='98' T='159' />
<Point X='420' Y='114' T='173' />
<Point X='416' Y='129' T='189' />
<Point X='411' Y='144' T='202' />
<Point X='407' Y='163' T='210' />
<Point X='402' Y='182' T='222' />
<Point X='398' Y='201' T='234' />
<Point X='395' Y='220' T='241' />
<Point X='392' Y='236' T='254' />
<Point X='390' Y='253' T='265' />
<Point X='386' Y='267' T='273' />
<Point X='382' Y='283' T='289' />
<Point X='379' Y='294' T='296' />
<Point X='376' Y='309' T='308' />
<Point X='375' Y='318' T='324' />
<Point X='373' Y='334' T='348' />
</Stroke>
<Stroke index = '5' >
<Point X='602' Y='208' T='109' />
<Point X='601' Y='208' T='124' />
<Point X='589' Y='219' T='135' />
<Point X='571' Y='234' T='160' />
<Point X='562' Y='243' T='174' />
<Point X='551' Y='253' T='190' />
<Point X='542' Y='263' T='203' />
<Point X='529' Y='275' T='210' />
<Point X='520' Y='286' T='223' />
<Point X='506' Y='302' T='235' />
<Point X='496' Y='311' T='241' />
<Point X='480' Y='328' T='255' />
<Point X='468' Y='341' T='266' />
<Point X='457' Y='353' T='274' />
<Point X='444' Y='368' T='290' />
<Point X='436' Y='381' T='296' />
<Point X='429' Y='392' T='309' />
<Point X='421' Y='407' T='324' />
<Point X='415' Y='421' T='349' />
<Point X='414' Y='424' T='361' />
</Stroke>
<Stroke index = '3' >
<Point X='354' Y='7' T='0' />
<Point X='355' Y='2' T='54' />
<Point X='355' Y='1' T='67' />
<Point X='355' Y='0' T='85' />
<Point X='355' Y='0' T='104' />
<Point X='355' Y='1' T='120' />
<Point X='351' Y='21' T='132' />
<Point X='342' Y='47' T='157' />
<Point X='337' Y='60' T='170' />
<Point X='332' Y='77' T='186' />
<Point X='329' Y='90' T='199' />
<Point X='323' Y='107' T='207' />
<Point X='318' Y='123' T='219' />
<Point X='314' Y='141' T='231' />
<Point X='309' Y='158' T='238' />
<Point X='306' Y='171' T='251' />
<Point X='301' Y='186' T='263' />
<Point X='297' Y='201' T='271' />
<Point X='294' Y='211' T='286' />
<Point X='292' Y='223' T='293' />
<Point X='289' Y='232' T='306' />
<Point X='287' Y='242' T='321' />
<Point X='286' Y='254' T='345' />
</Stroke>
<Stroke index = '1' >
<Point X='1' Y='482' T='45' />
<Point X='1' Y='482' T='54' />
<Point X='0' Y='482' T='70' />
<Point X='0' Y='482' T='86' />
<Point X='0' Y='481' T='106' />
<Point X='0' Y='481' T='121' />
<Point X='1' Y='481' T='134' />
<Point X='5' Y='481' T='159' />
<Point X='10' Y='481' T='173' />
<Point X='15' Y='481' T='188' />
<Point X='20' Y='481' T='201' />
<Point X='25' Y='481' T='208' />
<Point X='33' Y='481' T='221' />
<Point X='38' Y='480' T='233' />
<Point X='44' Y='479' T='240' />
<Point X='54' Y='478' T='253' />
<Point X='60' Y='476' T='264' />
<Point X='70' Y='473' T='273' />
<Point X='78' Y='471' T='289' />
<Point X='86' Y='467' T='295' />
<Point X='97' Y='463' T='307' />
<Point X='105' Y='461' T='323' />
<Point X='116' Y='459' T='346' />
</Stroke>
<Stroke index = '2' >
<Point X='175' Y='34' T='42' />
<Point X='175' Y='34' T='86' />
<Point X='173' Y='35' T='105' />
<Point X='172' Y='38' T='120' />
<Point X='169' Y='55' T='133' />
<Point X='167' Y='78' T='158' />
<Point X='166' Y='91' T='171' />
<Point X='166' Y='104' T='187' />
<Point X='166' Y='121' T='200' />
<Point X='166' Y='137' T='207' />
<Point X='166' Y='154' T='220' />
<Point X='167' Y='171' T='233' />
<Point X='168' Y='189' T='239' />
<Point X='168' Y='207' T='251' />
<Point X='169' Y='225' T='264' />
<Point X='169' Y='243' T='272' />
<Point X='169' Y='259' T='287' />
<Point X='169' Y='275' T='294' />
<Point X='169' Y='289' T='306' />
<Point X='169' Y='303' T='322' />
<Point X='172' Y='323' T='345' />
</Stroke>

</Gesture>
