<?xml version='1.0' encoding='utf-8' standalone='yes'?>
<Gesture Name ='6_1_3' Subject = 'test'  Speed = 'MEDIUM' NumPts = '90' InputType='finger' >

<Stroke index = '3' >
<Point X='307' Y='0' T='0' />
<Point X='307' Y='1' T='34' />
<Point X='307' Y='1' T='46' />
<Point X='307' Y='1' T='58' />
<Point X='307' Y='2' T='70' />
<Point X='307' Y='2' T='78' />
<Point X='307' Y='9' T='108' />
<Point X='307' Y='15' T='122' />
<Point X='307' Y='20' T='130' />
<Point X='305' Y='30' T='144' />
<Point X='304' Y='38' T='155' />
<Point X='300' Y='62' T='175' />
<Point X='297' Y='79' T='189' />
<Point X='295' Y='92' T='197' />
<Point X='291' Y='105' T='207' />
<Point X='286' Y='123' T='217' />
<Point X='283' Y='139' T='225' />
<Point X='280' Y='155' T='238' />
<Point X='278' Y='170' T='251' />
</Stroke>
<Stroke index = '1' >
<Point X='0' Y='502' T='19' />
<Point X='0' Y='502' T='36' />
<Point X='0' Y='502' T='48' />
<Point X='1' Y='502' T='59' />
<Point X='1' Y='502' T='72' />
<Point X='2' Y='502' T='81' />
<Point X='3' Y='502' T='111' />
<Point X='4' Y='502' T='124' />
<Point X='5' Y='502' T='132' />
<Point X='6' Y='502' T='146' />
<Point X='8' Y='501' T='160' />
<Point X='14' Y='500' T='178' />
<Point X='19' Y='499' T='189' />
<Point X='24' Y='499' T='198' />
<Point X='27' Y='500' T='207' />
<Point X='32' Y='501' T='220' />
<Point X='38' Y='501' T='227' />
<Point X='44' Y='502' T='241' />
<Point X='49' Y='504' T='252' />
<Point X='57' Y='507' T='262' />
</Stroke>
<Stroke index = '2' >
<Point X='133' Y='51' T='10' />
<Point X='133' Y='51' T='47' />
<Point X='133' Y='52' T='71' />
<Point X='133' Y='52' T='80' />
<Point X='133' Y='58' T='110' />
<Point X='133' Y='64' T='123' />
<Point X='133' Y='72' T='131' />
<Point X='133' Y='80' T='145' />
<Point X='134' Y='92' T='156' />
<Point X='134' Y='119' T='176' />
<Point X='135' Y='131' T='189' />
<Point X='136' Y='148' T='198' />
<Point X='136' Y='163' T='207' />
<Point X='137' Y='182' T='219' />
<Point X='137' Y='199' T='226' />
<Point X='139' Y='217' T='241' />
<Point X='140' Y='235' T='251' />
<Point X='141' Y='256' T='262' />
</Stroke>
<Stroke index = '4' >
<Point X='410' Y='50' T='39' />
<Point X='410' Y='50' T='49' />
<Point X='409' Y='51' T='60' />
<Point X='409' Y='51' T='73' />
<Point X='408' Y='53' T='82' />
<Point X='407' Y='59' T='112' />
<Point X='406' Y='64' T='125' />
<Point X='405' Y='72' T='132' />
<Point X='404' Y='79' T='147' />
<Point X='403' Y='90' T='161' />
<Point X='399' Y='114' T='179' />
<Point X='397' Y='127' T='189' />
<Point X='393' Y='143' T='198' />
<Point X='390' Y='157' T='208' />
<Point X='387' Y='173' T='221' />
<Point X='386' Y='189' T='228' />
<Point X='384' Y='206' T='243' />
<Point X='382' Y='224' T='253' />
</Stroke>
<Stroke index = '5' >
<Point X='559' Y='198' T='75' />
<Point X='558' Y='198' T='83' />
<Point X='556' Y='202' T='113' />
<Point X='554' Y='205' T='126' />
<Point X='551' Y='209' T='134' />
<Point X='546' Y='214' T='147' />
<Point X='540' Y='222' T='162' />
<Point X='527' Y='241' T='180' />
<Point X='521' Y='249' T='190' />
<Point X='511' Y='266' T='199' />
<Point X='505' Y='275' T='208' />
<Point X='496' Y='292' T='221' />
<Point X='490' Y='305' T='229' />
<Point X='483' Y='320' T='244' />
<Point X='474' Y='335' T='254' />
</Stroke>

</Gesture>
