<?xml version='1.0' encoding='utf-8' standalone='yes'?>
<Gesture Name ='7_1_17' Subject = 'test'  Speed = 'MEDIUM' NumPts = '83' InputType='finger' >

<Stroke index = '2' >
<Point X='171' Y='70' T='91' />
<Point X='171' Y='70' T='102' />
<Point X='171' Y='71' T='111' />
<Point X='171' Y='72' T='120' />
<Point X='171' Y='73' T='133' />
<Point X='171' Y='75' T='142' />
<Point X='171' Y='78' T='151' />
<Point X='170' Y='83' T='182' />
<Point X='170' Y='86' T='193' />
<Point X='169' Y='91' T='203' />
<Point X='168' Y='97' T='215' />
<Point X='166' Y='103' T='226' />
<Point X='164' Y='113' T='233' />
</Stroke>
<Stroke index = '3' >
<Point X='365' Y='0' T='29' />
<Point X='365' Y='0' T='65' />
<Point X='365' Y='0' T='74' />
<Point X='364' Y='1' T='88' />
<Point X='363' Y='1' T='100' />
<Point X='362' Y='2' T='109' />
<Point X='361' Y='3' T='118' />
<Point X='360' Y='4' T='131' />
<Point X='358' Y='6' T='140' />
<Point X='355' Y='9' T='150' />
<Point X='347' Y='17' T='181' />
<Point X='343' Y='21' T='191' />
<Point X='338' Y='27' T='202' />
<Point X='331' Y='35' T='212' />
<Point X='324' Y='45' T='226' />
<Point X='314' Y='59' T='232' />
</Stroke>
<Stroke index = '1' >
<Point X='2' Y='602' T='0' />
<Point X='2' Y='602' T='14' />
<Point X='2' Y='603' T='25' />
<Point X='2' Y='603' T='35' />
<Point X='1' Y='604' T='47' />
<Point X='1' Y='604' T='62' />
<Point X='0' Y='604' T='72' />
<Point X='0' Y='604' T='116' />
<Point X='0' Y='603' T='127' />
<Point X='1' Y='601' T='139' />
<Point X='2' Y='598' T='150' />
<Point X='4' Y='590' T='179' />
<Point X='7' Y='584' T='189' />
<Point X='10' Y='574' T='200' />
<Point X='16' Y='565' T='210' />
<Point X='24' Y='549' T='224' />
<Point X='34' Y='531' T='230' />
</Stroke>
<Stroke index = '5' >
<Point X='522' Y='296' T='4' />
<Point X='523' Y='296' T='26' />
<Point X='523' Y='296' T='36' />
<Point X='524' Y='296' T='49' />
<Point X='524' Y='296' T='63' />
<Point X='525' Y='296' T='73' />
<Point X='525' Y='296' T='86' />
<Point X='525' Y='296' T='99' />
<Point X='524' Y='296' T='107' />
<Point X='523' Y='297' T='117' />
<Point X='521' Y='298' T='130' />
<Point X='517' Y='299' T='140' />
<Point X='513' Y='300' T='150' />
<Point X='499' Y='301' T='180' />
<Point X='489' Y='301' T='190' />
<Point X='473' Y='301' T='201' />
<Point X='455' Y='300' T='211' />
<Point X='435' Y='300' T='225' />
<Point X='411' Y='301' T='232' />
</Stroke>
<Stroke index = '4' >
<Point X='446' Y='92' T='31' />
<Point X='446' Y='92' T='37' />
<Point X='446' Y='93' T='75' />
<Point X='446' Y='93' T='89' />
<Point X='446' Y='94' T='101' />
<Point X='445' Y='95' T='110' />
<Point X='445' Y='96' T='120' />
<Point X='444' Y='97' T='132' />
<Point X='442' Y='99' T='142' />
<Point X='440' Y='102' T='151' />
<Point X='431' Y='110' T='181' />
<Point X='426' Y='115' T='192' />
<Point X='420' Y='121' T='203' />
<Point X='410' Y='129' T='214' />
<Point X='401' Y='138' T='226' />
<Point X='386' Y='151' T='232' />
<Point X='350' Y='182' T='256' />
<Point X='330' Y='199' T='271' />
</Stroke>

</Gesture>
