<?xml version='1.0' encoding='utf-8' standalone='yes'?>
<Gesture Name ='7_1_4' Subject = 'test'  Speed = 'MEDIUM' NumPts = '136' InputType='finger' >

<Stroke index = '1' >
<Point X='5' Y='585' T='0' />
<Point X='3' Y='588' T='73' />
<Point X='2' Y='589' T='85' />
<Point X='1' Y='589' T='96' />
<Point X='1' Y='589' T='104' />
<Point X='0' Y='589' T='127' />
<Point X='1' Y='589' T='184' />
<Point X='1' Y='589' T='196' />
<Point X='2' Y='589' T='206' />
<Point X='3' Y='588' T='228' />
<Point X='5' Y='587' T='240' />
<Point X='9' Y='581' T='262' />
<Point X='11' Y='577' T='276' />
<Point X='13' Y='574' T='288' />
<Point X='15' Y='570' T='299' />
<Point X='19' Y='564' T='311' />
<Point X='24' Y='556' T='325' />
<Point X='28' Y='550' T='335' />
<Point X='34' Y='540' T='344' />
<Point X='38' Y='532' T='359' />
<Point X='45' Y='521' T='367' />
<Point X='50' Y='513' T='377' />
<Point X='56' Y='503' T='388' />
<Point X='62' Y='493' T='398' />
<Point X='67' Y='485' T='411' />
<Point X='72' Y='475' T='420' />
<Point X='75' Y='469' T='438' />
<Point X='78' Y='462' T='448' />
</Stroke>
<Stroke index = '5' >
<Point X='600' Y='281' T='60' />
<Point X='600' Y='281' T='73' />
<Point X='600' Y='281' T='97' />
<Point X='599' Y='281' T='177' />
<Point X='599' Y='281' T='185' />
<Point X='598' Y='281' T='197' />
<Point X='597' Y='281' T='207' />
<Point X='593' Y='281' T='229' />
<Point X='590' Y='280' T='241' />
<Point X='580' Y='280' T='263' />
<Point X='574' Y='280' T='278' />
<Point X='566' Y='280' T='289' />
<Point X='558' Y='280' T='301' />
<Point X='547' Y='280' T='312' />
<Point X='534' Y='281' T='326' />
<Point X='516' Y='283' T='336' />
<Point X='500' Y='285' T='345' />
<Point X='480' Y='289' T='359' />
<Point X='462' Y='293' T='367' />
<Point X='444' Y='297' T='377' />
<Point X='426' Y='302' T='389' />
<Point X='409' Y='308' T='399' />
<Point X='393' Y='314' T='412' />
<Point X='379' Y='320' T='421' />
<Point X='367' Y='325' T='439' />
<Point X='355' Y='330' T='450' />
</Stroke>
<Stroke index = '3' >
<Point X='389' Y='1' T='76' />
<Point X='389' Y='1' T='85' />
<Point X='389' Y='1' T='98' />
<Point X='389' Y='1' T='105' />
<Point X='388' Y='1' T='127' />
<Point X='388' Y='1' T='136' />
<Point X='387' Y='1' T='160' />
<Point X='386' Y='0' T='179' />
<Point X='385' Y='0' T='187' />
<Point X='383' Y='0' T='198' />
<Point X='381' Y='0' T='207' />
<Point X='377' Y='1' T='230' />
<Point X='375' Y='2' T='242' />
<Point X='370' Y='5' T='264' />
<Point X='368' Y='7' T='279' />
<Point X='365' Y='11' T='291' />
<Point X='361' Y='15' T='301' />
<Point X='356' Y='21' T='313' />
<Point X='350' Y='28' T='327' />
<Point X='344' Y='38' T='337' />
<Point X='338' Y='47' T='347' />
<Point X='329' Y='60' T='359' />
<Point X='322' Y='72' T='368' />
<Point X='312' Y='86' T='377' />
<Point X='302' Y='104' T='389' />
<Point X='292' Y='121' T='399' />
<Point X='282' Y='139' T='413' />
<Point X='272' Y='157' T='422' />
<Point X='263' Y='172' T='440' />
<Point X='255' Y='185' T='450' />
</Stroke>
<Stroke index = '4' >
<Point X='472' Y='81' T='89' />
<Point X='472' Y='81' T='106' />
<Point X='472' Y='81' T='161' />
<Point X='472' Y='82' T='188' />
<Point X='472' Y='82' T='199' />
<Point X='472' Y='83' T='209' />
<Point X='471' Y='84' T='230' />
<Point X='470' Y='84' T='243' />
<Point X='466' Y='87' T='264' />
<Point X='461' Y='90' T='280' />
<Point X='456' Y='95' T='291' />
<Point X='452' Y='100' T='302' />
<Point X='446' Y='107' T='314' />
<Point X='436' Y='116' T='328' />
<Point X='429' Y='124' T='338' />
<Point X='416' Y='137' T='347' />
<Point X='408' Y='146' T='360' />
<Point X='395' Y='159' T='368' />
<Point X='385' Y='169' T='380' />
<Point X='371' Y='184' T='390' />
<Point X='362' Y='193' T='399' />
<Point X='348' Y='209' T='415' />
<Point X='340' Y='218' T='423' />
<Point X='328' Y='231' T='442' />
<Point X='320' Y='239' T='452' />
<Point X='304' Y='254' T='478' />
</Stroke>
<Stroke index = '2' >
<Point X='182' Y='74' T='100' />
<Point X='182' Y='75' T='107' />
<Point X='182' Y='75' T='129' />
<Point X='182' Y='75' T='161' />
<Point X='182' Y='76' T='189' />
<Point X='182' Y='76' T='199' />
<Point X='182' Y='77' T='209' />
<Point X='181' Y='78' T='231' />
<Point X='180' Y='80' T='245' />
<Point X='178' Y='84' T='265' />
<Point X='177' Y='86' T='281' />
<Point X='176' Y='89' T='292' />
<Point X='175' Y='93' T='302' />
<Point X='173' Y='99' T='316' />
<Point X='171' Y='104' T='328' />
<Point X='170' Y='110' T='339' />
<Point X='168' Y='118' T='348' />
<Point X='166' Y='124' T='360' />
<Point X='163' Y='133' T='368' />
<Point X='161' Y='141' T='380' />
<Point X='160' Y='149' T='390' />
<Point X='158' Y='158' T='400' />
<Point X='156' Y='167' T='416' />
<Point X='152' Y='175' T='424' />
<Point X='148' Y='183' T='443' />
<Point X='144' Y='190' T='453' />
</Stroke>

</Gesture>
