<?xml version='1.0' encoding='utf-8' standalone='yes'?>
<Gesture Name ='7_1_13' Subject = 'test'  Speed = 'MEDIUM' NumPts = '125' InputType='finger' >

<Stroke index = '5' >
<Point X='569' Y='319' T='0' />
<Point X='570' Y='319' T='30' />
<Point X='571' Y='319' T='39' />
<Point X='572' Y='318' T='51' />
<Point X='573' Y='318' T='58' />
<Point X='574' Y='317' T='68' />
<Point X='574' Y='317' T='80' />
<Point X='575' Y='317' T='98' />
<Point X='575' Y='317' T='105' />
<Point X='575' Y='317' T='123' />
<Point X='575' Y='317' T='138' />
<Point X='574' Y='317' T='147' />
<Point X='571' Y='317' T='164' />
<Point X='567' Y='318' T='170' />
<Point X='564' Y='318' T='181' />
<Point X='560' Y='319' T='197' />
<Point X='555' Y='320' T='205' />
<Point X='549' Y='321' T='216' />
<Point X='542' Y='322' T='228' />
<Point X='533' Y='322' T='239' />
<Point X='523' Y='322' T='248' />
<Point X='509' Y='321' T='265' />
<Point X='494' Y='321' T='277' />
<Point X='475' Y='320' T='285' />
<Point X='454' Y='320' T='297' />
<Point X='432' Y='321' T='305' />
<Point X='412' Y='323' T='317' />
<Point X='391' Y='326' T='331' />
</Stroke>
<Stroke index = '1' >
<Point X='5' Y='627' T='14' />
<Point X='5' Y='628' T='31' />
<Point X='5' Y='628' T='40' />
<Point X='4' Y='628' T='52' />
<Point X='3' Y='629' T='58' />
<Point X='2' Y='629' T='70' />
<Point X='1' Y='629' T='81' />
<Point X='1' Y='629' T='99' />
<Point X='0' Y='629' T='106' />
<Point X='0' Y='628' T='148' />
<Point X='1' Y='627' T='164' />
<Point X='2' Y='625' T='171' />
<Point X='3' Y='621' T='182' />
<Point X='4' Y='618' T='199' />
<Point X='6' Y='615' T='206' />
<Point X='8' Y='612' T='217' />
<Point X='11' Y='609' T='229' />
<Point X='14' Y='602' T='239' />
<Point X='16' Y='595' T='249' />
<Point X='19' Y='587' T='266' />
<Point X='24' Y='575' T='278' />
<Point X='29' Y='566' T='285' />
<Point X='37' Y='550' T='298' />
<Point X='44' Y='533' T='306' />
<Point X='54' Y='514' T='318' />
<Point X='67' Y='493' T='332' />
</Stroke>
<Stroke index = '3' >
<Point X='415' Y='0' T='54' />
<Point X='415' Y='0' T='71' />
<Point X='415' Y='0' T='83' />
<Point X='415' Y='0' T='100' />
<Point X='414' Y='0' T='108' />
<Point X='414' Y='0' T='113' />
<Point X='413' Y='0' T='125' />
<Point X='412' Y='0' T='140' />
<Point X='411' Y='1' T='150' />
<Point X='409' Y='2' T='166' />
<Point X='407' Y='3' T='173' />
<Point X='405' Y='4' T='183' />
<Point X='402' Y='5' T='200' />
<Point X='399' Y='7' T='208' />
<Point X='397' Y='10' T='220' />
<Point X='394' Y='13' T='232' />
<Point X='391' Y='18' T='241' />
<Point X='388' Y='23' T='250' />
<Point X='383' Y='30' T='268' />
<Point X='377' Y='38' T='280' />
<Point X='371' Y='49' T='287' />
<Point X='365' Y='60' T='301' />
<Point X='357' Y='74' T='308' />
<Point X='348' Y='90' T='321' />
</Stroke>
<Stroke index = '2' >
<Point X='211' Y='57' T='84' />
<Point X='211' Y='58' T='101' />
<Point X='211' Y='58' T='109' />
<Point X='211' Y='59' T='114' />
<Point X='211' Y='59' T='125' />
<Point X='211' Y='60' T='141' />
<Point X='211' Y='60' T='150' />
<Point X='211' Y='61' T='167' />
<Point X='211' Y='62' T='173' />
<Point X='211' Y='63' T='184' />
<Point X='211' Y='64' T='200' />
<Point X='211' Y='65' T='208' />
<Point X='211' Y='68' T='222' />
<Point X='211' Y='71' T='232' />
<Point X='212' Y='75' T='242' />
<Point X='212' Y='79' T='251' />
<Point X='213' Y='82' T='269' />
<Point X='213' Y='86' T='282' />
<Point X='213' Y='92' T='287' />
<Point X='213' Y='98' T='302' />
<Point X='212' Y='104' T='309' />
<Point X='211' Y='113' T='321' />
<Point X='209' Y='121' T='335' />
</Stroke>
<Stroke index = '4' >
<Point X='494' Y='95' T='47' />
<Point X='494' Y='95' T='108' />
<Point X='494' Y='96' T='112' />
<Point X='494' Y='96' T='123' />
<Point X='494' Y='97' T='139' />
<Point X='493' Y='98' T='149' />
<Point X='493' Y='99' T='165' />
<Point X='492' Y='100' T='172' />
<Point X='490' Y='102' T='182' />
<Point X='488' Y='104' T='200' />
<Point X='485' Y='107' T='207' />
<Point X='481' Y='110' T='219' />
<Point X='478' Y='113' T='230' />
<Point X='474' Y='119' T='240' />
<Point X='470' Y='124' T='250' />
<Point X='462' Y='131' T='267' />
<Point X='455' Y='140' T='279' />
<Point X='445' Y='149' T='286' />
<Point X='435' Y='161' T='300' />
<Point X='420' Y='174' T='307' />
<Point X='404' Y='188' T='319' />
<Point X='385' Y='201' T='333' />
<Point X='367' Y='216' T='355' />
<Point X='329' Y='248' T='366' />
</Stroke>

</Gesture>
