<?xml version='1.0' encoding='utf-8' standalone='yes'?>
<Gesture Name ='7_1_8' Subject = 'test'  Speed = 'MEDIUM' NumPts = '96' InputType='finger' >

<Stroke index = '2' >
<Point X='250' Y='30' T='99' />
<Point X='250' Y='31' T='107' />
<Point X='250' Y='31' T='118' />
<Point X='249' Y='32' T='127' />
<Point X='248' Y='33' T='140' />
<Point X='246' Y='35' T='150' />
<Point X='245' Y='36' T='158' />
<Point X='243' Y='38' T='166' />
<Point X='241' Y='41' T='188' />
<Point X='239' Y='45' T='207' />
<Point X='237' Y='51' T='220' />
<Point X='236' Y='56' T='227' />
<Point X='234' Y='63' T='241' />
<Point X='227' Y='82' T='257' />
<Point X='222' Y='97' T='273' />
<Point X='217' Y='112' T='288' />
<Point X='213' Y='130' T='297' />
</Stroke>
<Stroke index = '5' >
<Point X='548' Y='332' T='81' />
<Point X='548' Y='332' T='96' />
<Point X='547' Y='332' T='107' />
<Point X='542' Y='331' T='116' />
<Point X='537' Y='330' T='126' />
<Point X='531' Y='329' T='140' />
<Point X='525' Y='329' T='150' />
<Point X='518' Y='328' T='158' />
<Point X='512' Y='327' T='166' />
<Point X='495' Y='326' T='188' />
<Point X='483' Y='326' T='206' />
<Point X='472' Y='327' T='219' />
<Point X='455' Y='328' T='226' />
<Point X='437' Y='330' T='240' />
<Point X='399' Y='332' T='256' />
<Point X='381' Y='334' T='272' />
<Point X='363' Y='337' T='287' />
<Point X='348' Y='340' T='295' />
</Stroke>
<Stroke index = '3' >
<Point X='458' Y='0' T='54' />
<Point X='458' Y='0' T='94' />
<Point X='458' Y='0' T='104' />
<Point X='456' Y='0' T='114' />
<Point X='454' Y='0' T='124' />
<Point X='452' Y='0' T='138' />
<Point X='450' Y='1' T='147' />
<Point X='448' Y='1' T='155' />
<Point X='446' Y='2' T='165' />
<Point X='440' Y='7' T='187' />
<Point X='435' Y='11' T='204' />
<Point X='430' Y='15' T='218' />
<Point X='425' Y='21' T='225' />
<Point X='416' Y='30' T='239' />
<Point X='393' Y='56' T='254' />
<Point X='382' Y='70' T='270' />
<Point X='365' Y='89' T='286' />
<Point X='349' Y='110' T='293' />
<Point X='331' Y='134' T='307' />
</Stroke>
<Stroke index = '4' >
<Point X='514' Y='105' T='56' />
<Point X='515' Y='105' T='71' />
<Point X='515' Y='105' T='78' />
<Point X='516' Y='106' T='95' />
<Point X='516' Y='106' T='105' />
<Point X='516' Y='107' T='115' />
<Point X='516' Y='107' T='125' />
<Point X='516' Y='108' T='139' />
<Point X='514' Y='110' T='148' />
<Point X='512' Y='111' T='157' />
<Point X='508' Y='114' T='166' />
<Point X='497' Y='121' T='188' />
<Point X='490' Y='126' T='205' />
<Point X='481' Y='132' T='219' />
<Point X='469' Y='139' T='225' />
<Point X='458' Y='147' T='240' />
<Point X='430' Y='167' T='255' />
<Point X='413' Y='178' T='271' />
<Point X='394' Y='191' T='286' />
<Point X='375' Y='205' T='295' />
<Point X='355' Y='221' T='308' />
<Point X='336' Y='239' T='321' />
</Stroke>
<Stroke index = '1' >
<Point X='5' Y='578' T='0' />
<Point X='3' Y='578' T='69' />
<Point X='2' Y='578' T='77' />
<Point X='1' Y='578' T='93' />
<Point X='1' Y='578' T='104' />
<Point X='0' Y='577' T='113' />
<Point X='0' Y='576' T='123' />
<Point X='1' Y='574' T='137' />
<Point X='3' Y='570' T='145' />
<Point X='5' Y='567' T='155' />
<Point X='8' Y='564' T='164' />
<Point X='15' Y='553' T='186' />
<Point X='20' Y='547' T='204' />
<Point X='25' Y='540' T='215' />
<Point X='31' Y='530' T='223' />
<Point X='37' Y='520' T='238' />
<Point X='54' Y='489' T='253' />
<Point X='65' Y='472' T='269' />
<Point X='80' Y='453' T='284' />
<Point X='99' Y='433' T='292' />
</Stroke>

</Gesture>
