<?xml version='1.0' encoding='utf-8' standalone='yes'?>
<Gesture Name ='7_1_5' Subject = 'test'  Speed = 'MEDIUM' NumPts = '105' InputType='finger' >

<Stroke index = '4' >
<Point X='526' Y='84' T='61' />
<Point X='526' Y='84' T='85' />
<Point X='525' Y='84' T='118' />
<Point X='523' Y='85' T='127' />
<Point X='519' Y='87' T='151' />
<Point X='518' Y='88' T='161' />
<Point X='514' Y='91' T='185' />
<Point X='510' Y='93' T='195' />
<Point X='501' Y='100' T='219' />
<Point X='496' Y='105' T='235' />
<Point X='488' Y='111' T='243' />
<Point X='480' Y='118' T='252' />
<Point X='469' Y='126' T='268' />
<Point X='443' Y='147' T='285' />
<Point X='434' Y='156' T='301' />
<Point X='417' Y='171' T='314' />
<Point X='408' Y='181' T='322' />
<Point X='393' Y='195' T='338' />
<Point X='371' Y='218' T='353' />
<Point X='362' Y='228' T='366' />
<Point X='351' Y='240' T='379' />
<Point X='343' Y='248' T='388' />
<Point X='334' Y='257' T='403' />
</Stroke>
<Stroke index = '2' >
<Point X='247' Y='60' T='88' />
<Point X='247' Y='60' T='93' />
<Point X='243' Y='63' T='118' />
<Point X='237' Y='65' T='127' />
<Point X='229' Y='68' T='151' />
<Point X='227' Y='70' T='161' />
<Point X='223' Y='73' T='185' />
<Point X='220' Y='76' T='197' />
<Point X='214' Y='84' T='222' />
<Point X='212' Y='88' T='237' />
<Point X='209' Y='92' T='243' />
<Point X='207' Y='98' T='253' />
<Point X='205' Y='105' T='269' />
<Point X='200' Y='120' T='285' />
<Point X='197' Y='127' T='302' />
<Point X='193' Y='136' T='315' />
<Point X='189' Y='146' T='323' />
<Point X='186' Y='154' T='338' />
<Point X='181' Y='173' T='354' />
<Point X='177' Y='184' T='368' />
<Point X='173' Y='194' T='379' />
</Stroke>
<Stroke index = '5' >
<Point X='614' Y='278' T='165' />
<Point X='614' Y='278' T='185' />
<Point X='614' Y='279' T='198' />
<Point X='589' Y='279' T='223' />
<Point X='579' Y='279' T='237' />
<Point X='563' Y='279' T='244' />
<Point X='550' Y='279' T='253' />
<Point X='532' Y='280' T='269' />
<Point X='498' Y='285' T='285' />
<Point X='479' Y='289' T='302' />
<Point X='459' Y='294' T='316' />
<Point X='439' Y='300' T='324' />
<Point X='420' Y='307' T='338' />
<Point X='392' Y='320' T='354' />
<Point X='382' Y='326' T='368' />
<Point X='370' Y='333' T='381' />
<Point X='362' Y='338' T='390' />
</Stroke>
<Stroke index = '1' >
<Point X='9' Y='572' T='0' />
<Point X='1' Y='572' T='83' />
<Point X='0' Y='572' T='92' />
<Point X='0' Y='572' T='115' />
<Point X='0' Y='572' T='125' />
<Point X='0' Y='572' T='149' />
<Point X='2' Y='571' T='159' />
<Point X='8' Y='564' T='182' />
<Point X='12' Y='560' T='193' />
<Point X='19' Y='552' T='216' />
<Point X='24' Y='546' T='232' />
<Point X='30' Y='540' T='242' />
<Point X='35' Y='534' T='251' />
<Point X='41' Y='526' T='266' />
<Point X='52' Y='510' T='283' />
<Point X='59' Y='501' T='298' />
<Point X='65' Y='492' T='312' />
<Point X='72' Y='481' T='320' />
<Point X='78' Y='473' T='335' />
<Point X='91' Y='455' T='350' />
<Point X='96' Y='448' T='364' />
<Point X='103' Y='440' T='376' />
</Stroke>
<Stroke index = '3' >
<Point X='452' Y='0' T='60' />
<Point X='452' Y='0' T='85' />
<Point X='452' Y='0' T='93' />
<Point X='445' Y='1' T='117' />
<Point X='441' Y='1' T='126' />
<Point X='434' Y='2' T='150' />
<Point X='431' Y='3' T='160' />
<Point X='422' Y='6' T='184' />
<Point X='417' Y='8' T='194' />
<Point X='409' Y='13' T='218' />
<Point X='403' Y='18' T='233' />
<Point X='398' Y='23' T='242' />
<Point X='392' Y='28' T='252' />
<Point X='384' Y='37' T='267' />
<Point X='366' Y='60' T='284' />
<Point X='357' Y='73' T='299' />
<Point X='347' Y='88' T='314' />
<Point X='335' Y='105' T='321' />
<Point X='326' Y='120' T='337' />
<Point X='306' Y='152' T='352' />
<Point X='296' Y='168' T='366' />
<Point X='288' Y='182' T='378' />
</Stroke>

</Gesture>
