<?xml version='1.0' encoding='utf-8' standalone='yes'?>
<Gesture Name ='7_1_7' Subject = 'test'  Speed = 'MEDIUM' NumPts = '135' InputType='finger' >

<Stroke index = '1' >
<Point X='4' Y='520' T='0' />
<Point X='2' Y='520' T='52' />
<Point X='1' Y='520' T='61' />
<Point X='1' Y='520' T='70' />
<Point X='0' Y='520' T='84' />
<Point X='0' Y='520' T='93' />
<Point X='0' Y='520' T='115' />
<Point X='0' Y='519' T='137' />
<Point X='0' Y='517' T='147' />
<Point X='2' Y='514' T='154' />
<Point X='4' Y='511' T='171' />
<Point X='6' Y='508' T='180' />
<Point X='9' Y='506' T='186' />
<Point X='12' Y='503' T='200' />
<Point X='16' Y='499' T='209' />
<Point X='20' Y='493' T='217' />
<Point X='25' Y='487' T='234' />
<Point X='30' Y='483' T='245' />
<Point X='36' Y='475' T='254' />
<Point X='42' Y='468' T='270' />
<Point X='53' Y='454' T='284' />
<Point X='58' Y='446' T='299' />
<Point X='63' Y='440' T='312' />
<Point X='67' Y='433' T='319' />
<Point X='73' Y='425' T='333' />
<Point X='77' Y='419' T='346' />
<Point X='82' Y='411' T='354' />
<Point X='87' Y='404' T='363' />
<Point X='92' Y='397' T='378' />
</Stroke>
<Stroke index = '5' >
<Point X='580' Y='275' T='26' />
<Point X='580' Y='275' T='52' />
<Point X='581' Y='275' T='86' />
<Point X='581' Y='275' T='95' />
<Point X='581' Y='275' T='116' />
<Point X='580' Y='275' T='139' />
<Point X='579' Y='275' T='149' />
<Point X='576' Y='274' T='155' />
<Point X='572' Y='274' T='172' />
<Point X='566' Y='273' T='181' />
<Point X='561' Y='273' T='188' />
<Point X='555' Y='273' T='200' />
<Point X='545' Y='273' T='211' />
<Point X='534' Y='273' T='218' />
<Point X='520' Y='273' T='235' />
<Point X='506' Y='274' T='249' />
<Point X='490' Y='275' T='256' />
<Point X='476' Y='277' T='272' />
<Point X='445' Y='284' T='285' />
<Point X='433' Y='287' T='301' />
<Point X='416' Y='291' T='313' />
<Point X='404' Y='294' T='321' />
<Point X='391' Y='300' T='335' />
<Point X='376' Y='305' T='348' />
<Point X='366' Y='311' T='356' />
<Point X='354' Y='317' T='364' />
</Stroke>
<Stroke index = '3' >
<Point X='397' Y='0' T='55' />
<Point X='397' Y='0' T='61' />
<Point X='397' Y='0' T='87' />
<Point X='396' Y='0' T='96' />
<Point X='394' Y='0' T='105' />
<Point X='393' Y='0' T='117' />
<Point X='391' Y='0' T='140' />
<Point X='390' Y='1' T='149' />
<Point X='388' Y='2' T='157' />
<Point X='386' Y='3' T='174' />
<Point X='384' Y='5' T='182' />
<Point X='381' Y='8' T='189' />
<Point X='378' Y='11' T='201' />
<Point X='375' Y='15' T='211' />
<Point X='372' Y='20' T='219' />
<Point X='367' Y='26' T='236' />
<Point X='362' Y='34' T='250' />
<Point X='356' Y='42' T='257' />
<Point X='350' Y='51' T='272' />
<Point X='336' Y='70' T='285' />
<Point X='330' Y='80' T='301' />
<Point X='322' Y='93' T='314' />
<Point X='314' Y='104' T='321' />
<Point X='305' Y='120' T='335' />
<Point X='296' Y='134' T='348' />
<Point X='286' Y='151' T='356' />
<Point X='277' Y='164' T='365' />
</Stroke>
<Stroke index = '4' >
<Point X='474' Y='81' T='57' />
<Point X='474' Y='81' T='62' />
<Point X='474' Y='81' T='97' />
<Point X='474' Y='81' T='106' />
<Point X='474' Y='82' T='119' />
<Point X='473' Y='82' T='140' />
<Point X='472' Y='83' T='150' />
<Point X='470' Y='84' T='157' />
<Point X='468' Y='86' T='174' />
<Point X='465' Y='88' T='182' />
<Point X='461' Y='91' T='191' />
<Point X='458' Y='95' T='202' />
<Point X='454' Y='99' T='212' />
<Point X='449' Y='104' T='220' />
<Point X='441' Y='112' T='237' />
<Point X='435' Y='119' T='251' />
<Point X='427' Y='127' T='259' />
<Point X='418' Y='137' T='272' />
<Point X='402' Y='154' T='286' />
<Point X='394' Y='163' T='303' />
<Point X='384' Y='172' T='315' />
<Point X='375' Y='182' T='323' />
<Point X='366' Y='193' T='336' />
<Point X='356' Y='204' T='350' />
<Point X='347' Y='215' T='358' />
<Point X='337' Y='226' T='365' />
<Point X='328' Y='235' T='380' />
<Point X='318' Y='246' T='388' />
</Stroke>
<Stroke index = '2' >
<Point X='198' Y='60' T='101' />
<Point X='198' Y='60' T='108' />
<Point X='198' Y='61' T='119' />
<Point X='197' Y='61' T='142' />
<Point X='197' Y='62' T='150' />
<Point X='196' Y='62' T='159' />
<Point X='195' Y='63' T='175' />
<Point X='194' Y='64' T='183' />
<Point X='192' Y='65' T='191' />
<Point X='191' Y='67' T='203' />
<Point X='189' Y='70' T='212' />
<Point X='187' Y='75' T='221' />
<Point X='186' Y='79' T='238' />
<Point X='185' Y='82' T='251' />
<Point X='184' Y='87' T='260' />
<Point X='183' Y='93' T='274' />
<Point X='180' Y='103' T='287' />
<Point X='179' Y='108' T='304' />
<Point X='177' Y='114' T='316' />
<Point X='174' Y='120' T='323' />
<Point X='171' Y='126' T='337' />
<Point X='167' Y='135' T='351' />
<Point X='165' Y='142' T='359' />
<Point X='162' Y='152' T='365' />
<Point X='160' Y='161' T='381' />
</Stroke>

</Gesture>
