<?xml version='1.0' encoding='utf-8' standalone='yes'?>
<Gesture Name ='7_1_18' Subject = 'test'  Speed = 'MEDIUM' NumPts = '80' InputType='finger' >

<Stroke index = '3' >
<Point X='355' Y='0' T='39' />
<Point X='355' Y='1' T='85' />
<Point X='355' Y='1' T='95' />
<Point X='354' Y='2' T='107' />
<Point X='352' Y='3' T='119' />
<Point X='350' Y='4' T='136' />
<Point X='348' Y='6' T='141' />
<Point X='344' Y='10' T='155' />
<Point X='339' Y='15' T='167' />
<Point X='328' Y='29' T='185' />
<Point X='321' Y='41' T='204' />
<Point X='313' Y='54' T='218' />
<Point X='293' Y='90' T='231' />
</Stroke>
<Stroke index = '2' >
<Point X='177' Y='73' T='62' />
<Point X='177' Y='74' T='77' />
<Point X='177' Y='74' T='87' />
<Point X='177' Y='75' T='98' />
<Point X='177' Y='76' T='110' />
<Point X='177' Y='78' T='122' />
<Point X='176' Y='80' T='137' />
<Point X='176' Y='83' T='143' />
<Point X='176' Y='86' T='158' />
<Point X='175' Y='89' T='169' />
<Point X='174' Y='101' T='188' />
<Point X='172' Y='108' T='207' />
<Point X='170' Y='117' T='221' />
<Point X='164' Y='138' T='233' />
<Point X='162' Y='148' T='248' />
<Point X='159' Y='162' T='255' />
</Stroke>
<Stroke index = '4' >
<Point X='433' Y='87' T='60' />
<Point X='433' Y='88' T='76' />
<Point X='433' Y='88' T='86' />
<Point X='433' Y='89' T='97' />
<Point X='433' Y='89' T='109' />
<Point X='432' Y='90' T='120' />
<Point X='431' Y='92' T='137' />
<Point X='428' Y='95' T='142' />
<Point X='423' Y='100' T='157' />
<Point X='418' Y='105' T='169' />
<Point X='404' Y='120' T='187' />
<Point X='395' Y='129' T='206' />
<Point X='382' Y='142' T='220' />
<Point X='354' Y='171' T='233' />
<Point X='338' Y='188' T='247' />
<Point X='323' Y='206' T='255' />
<Point X='294' Y='241' T='287' />
<Point X='284' Y='256' T='299' />
</Stroke>
<Stroke index = '5' >
<Point X='527' Y='292' T='43' />
<Point X='527' Y='292' T='56' />
<Point X='526' Y='292' T='96' />
<Point X='524' Y='292' T='109' />
<Point X='520' Y='293' T='120' />
<Point X='516' Y='294' T='137' />
<Point X='509' Y='294' T='142' />
<Point X='502' Y='295' T='157' />
<Point X='492' Y='295' T='168' />
<Point X='461' Y='296' T='185' />
<Point X='441' Y='298' T='205' />
<Point X='420' Y='301' T='219' />
<Point X='373' Y='312' T='231' />
<Point X='352' Y='320' T='246' />
<Point X='332' Y='328' T='254' />
</Stroke>
<Stroke index = '1' >
<Point X='5' Y='602' T='0' />
<Point X='3' Y='601' T='54' />
<Point X='2' Y='601' T='64' />
<Point X='1' Y='600' T='74' />
<Point X='1' Y='600' T='83' />
<Point X='0' Y='599' T='94' />
<Point X='0' Y='597' T='106' />
<Point X='1' Y='596' T='117' />
<Point X='2' Y='594' T='135' />
<Point X='4' Y='590' T='140' />
<Point X='8' Y='584' T='155' />
<Point X='11' Y='578' T='165' />
<Point X='19' Y='561' T='184' />
<Point X='24' Y='551' T='203' />
<Point X='32' Y='538' T='217' />
<Point X='48' Y='507' T='229' />
<Point X='60' Y='489' T='245' />
<Point X='71' Y='472' T='252' />
</Stroke>

</Gesture>
