<?xml version='1.0' encoding='utf-8' standalone='yes'?>
<Gesture Name ='7_1_6' Subject = 'test'  Speed = 'MEDIUM' NumPts = '114' InputType='finger' >

<Stroke index = '1' >
<Point X='6' Y='557' T='0' />
<Point X='4' Y='559' T='48' />
<Point X='2' Y='559' T='66' />
<Point X='1' Y='559' T='74' />
<Point X='0' Y='559' T='84' />
<Point X='0' Y='559' T='97' />
<Point X='0' Y='558' T='117' />
<Point X='0' Y='558' T='129' />
<Point X='3' Y='555' T='153' />
<Point X='4' Y='553' T='163' />
<Point X='6' Y='551' T='172' />
<Point X='7' Y='549' T='188' />
<Point X='15' Y='540' T='225' />
<Point X='24' Y='529' T='242' />
<Point X='30' Y='521' T='260' />
<Point X='45' Y='503' T='277' />
<Point X='55' Y='492' T='293' />
<Point X='74' Y='473' T='308' />
<Point X='83' Y='465' T='320' />
<Point X='92' Y='456' T='331' />
<Point X='103' Y='446' T='343' />
<Point X='110' Y='439' T='358' />
<Point X='135' Y='418' T='388' />
</Stroke>
<Stroke index = '5' >
<Point X='581' Y='269' T='39' />
<Point X='581' Y='269' T='50' />
<Point X='580' Y='269' T='85' />
<Point X='578' Y='270' T='98' />
<Point X='576' Y='270' T='107' />
<Point X='573' Y='271' T='119' />
<Point X='570' Y='271' T='130' />
<Point X='560' Y='273' T='155' />
<Point X='555' Y='275' T='164' />
<Point X='548' Y='277' T='173' />
<Point X='540' Y='279' T='191' />
<Point X='509' Y='287' T='227' />
<Point X='479' Y='294' T='244' />
<Point X='461' Y='298' T='262' />
<Point X='421' Y='311' T='278' />
<Point X='402' Y='318' T='294' />
<Point X='369' Y='335' T='309' />
<Point X='356' Y='341' T='321' />
<Point X='344' Y='347' T='331' />
<Point X='336' Y='351' T='344' />
<Point X='326' Y='356' T='360' />
<Point X='309' Y='365' T='389' />
</Stroke>
<Stroke index = '2' >
<Point X='162' Y='84' T='44' />
<Point X='162' Y='84' T='51' />
<Point X='162' Y='85' T='69' />
<Point X='162' Y='85' T='76' />
<Point X='162' Y='86' T='87' />
<Point X='162' Y='86' T='100' />
<Point X='161' Y='87' T='112' />
<Point X='161' Y='88' T='123' />
<Point X='160' Y='90' T='131' />
<Point X='159' Y='94' T='157' />
<Point X='158' Y='97' T='166' />
<Point X='157' Y='100' T='174' />
<Point X='157' Y='102' T='192' />
<Point X='153' Y='116' T='228' />
<Point X='151' Y='126' T='246' />
<Point X='150' Y='133' T='264' />
<Point X='149' Y='147' T='279' />
<Point X='148' Y='156' T='296' />
<Point X='147' Y='168' T='310' />
<Point X='147' Y='175' T='325' />
<Point X='146' Y='182' T='334' />
<Point X='146' Y='187' T='346' />
<Point X='145' Y='192' T='361' />
<Point X='144' Y='208' T='392' />
</Stroke>
<Stroke index = '3' >
<Point X='351' Y='0' T='42' />
<Point X='351' Y='0' T='68' />
<Point X='351' Y='0' T='75' />
<Point X='350' Y='1' T='86' />
<Point X='349' Y='2' T='99' />
<Point X='348' Y='3' T='110' />
<Point X='346' Y='4' T='121' />
<Point X='344' Y='5' T='131' />
<Point X='340' Y='9' T='156' />
<Point X='337' Y='12' T='165' />
<Point X='333' Y='15' T='174' />
<Point X='330' Y='18' T='191' />
<Point X='319' Y='31' T='228' />
<Point X='310' Y='46' T='245' />
<Point X='305' Y='55' T='262' />
<Point X='296' Y='79' T='279' />
<Point X='289' Y='94' T='295' />
<Point X='279' Y='122' T='310' />
<Point X='274' Y='136' T='324' />
<Point X='268' Y='150' T='332' />
<Point X='263' Y='165' T='345' />
<Point X='259' Y='179' T='361' />
</Stroke>
<Stroke index = '4' >
<Point X='436' Y='78' T='57' />
<Point X='436' Y='78' T='77' />
<Point X='436' Y='79' T='87' />
<Point X='435' Y='79' T='101' />
<Point X='433' Y='80' T='112' />
<Point X='431' Y='81' T='125' />
<Point X='430' Y='83' T='132' />
<Point X='427' Y='86' T='158' />
<Point X='424' Y='89' T='167' />
<Point X='420' Y='93' T='174' />
<Point X='416' Y='98' T='193' />
<Point X='402' Y='116' T='230' />
<Point X='389' Y='136' T='246' />
<Point X='383' Y='146' T='265' />
<Point X='366' Y='174' T='280' />
<Point X='356' Y='188' T='297' />
<Point X='339' Y='214' T='310' />
<Point X='332' Y='227' T='326' />
<Point X='325' Y='238' T='335' />
<Point X='318' Y='248' T='346' />
<Point X='312' Y='258' T='362' />
<Point X='295' Y='280' T='394' />
<Point X='290' Y='286' T='415' />
</Stroke>

</Gesture>
