<?xml version='1.0' encoding='utf-8' standalone='yes'?>
<Gesture Name ='7_1_19' Subject = 'test'  Speed = 'MEDIUM' NumPts = '76' InputType='finger' >

<Stroke index = '2' >
<Point X='202' Y='65' T='40' />
<Point X='202' Y='66' T='74' />
<Point X='202' Y='67' T='84' />
<Point X='202' Y='68' T='95' />
<Point X='202' Y='70' T='109' />
<Point X='202' Y='72' T='121' />
<Point X='202' Y='77' T='141' />
<Point X='203' Y='81' T='156' />
<Point X='202' Y='92' T='174' />
<Point X='201' Y='98' T='188' />
<Point X='197' Y='107' T='198' />
<Point X='194' Y='115' T='205' />
<Point X='189' Y='128' T='221' />
<Point X='186' Y='138' T='233' />
</Stroke>
<Stroke index = '4' >
<Point X='460' Y='93' T='32' />
<Point X='460' Y='93' T='73' />
<Point X='460' Y='94' T='82' />
<Point X='459' Y='94' T='94' />
<Point X='459' Y='95' T='107' />
<Point X='458' Y='97' T='121' />
<Point X='452' Y='105' T='140' />
<Point X='446' Y='110' T='156' />
<Point X='432' Y='123' T='173' />
<Point X='422' Y='132' T='186' />
<Point X='409' Y='144' T='198' />
<Point X='395' Y='157' T='205' />
<Point X='377' Y='173' T='220' />
<Point X='360' Y='189' T='232' />
<Point X='342' Y='206' T='240' />
<Point X='326' Y='223' T='255' />
</Stroke>
<Stroke index = '1' >
<Point X='0' Y='594' T='0' />
<Point X='2' Y='594' T='28' />
<Point X='3' Y='594' T='37' />
<Point X='3' Y='594' T='46' />
<Point X='4' Y='592' T='71' />
<Point X='5' Y='589' T='80' />
<Point X='7' Y='585' T='91' />
<Point X='8' Y='582' T='104' />
<Point X='11' Y='578' T='116' />
<Point X='17' Y='567' T='137' />
<Point X='19' Y='561' T='153' />
<Point X='27' Y='545' T='171' />
<Point X='31' Y='537' T='183' />
<Point X='39' Y='521' T='196' />
<Point X='47' Y='507' T='203' />
<Point X='57' Y='489' T='217' />
<Point X='71' Y='470' T='230' />
</Stroke>
<Stroke index = '5' >
<Point X='539' Y='297' T='16' />
<Point X='540' Y='297' T='29' />
<Point X='540' Y='296' T='72' />
<Point X='539' Y='296' T='80' />
<Point X='538' Y='295' T='93' />
<Point X='534' Y='294' T='105' />
<Point X='529' Y='293' T='117' />
<Point X='516' Y='292' T='138' />
<Point X='506' Y='291' T='155' />
<Point X='482' Y='290' T='172' />
<Point X='463' Y='290' T='185' />
<Point X='443' Y='291' T='196' />
<Point X='421' Y='294' T='203' />
<Point X='398' Y='298' T='218' />
<Point X='376' Y='303' T='231' />
</Stroke>
<Stroke index = '3' >
<Point X='385' Y='0' T='23' />
<Point X='385' Y='0' T='72' />
<Point X='384' Y='1' T='81' />
<Point X='382' Y='2' T='93' />
<Point X='380' Y='3' T='106' />
<Point X='378' Y='5' T='119' />
<Point X='373' Y='11' T='139' />
<Point X='370' Y='16' T='156' />
<Point X='359' Y='29' T='173' />
<Point X='351' Y='41' T='186' />
<Point X='343' Y='51' T='197' />
<Point X='331' Y='69' T='204' />
<Point X='320' Y='88' T='219' />
<Point X='309' Y='108' T='232' />
</Stroke>

</Gesture>
