<?xml version='1.0' encoding='utf-8' standalone='yes'?>
<Gesture Name ='7_1_15' Subject = 'test'  Speed = 'MEDIUM' NumPts = '123' InputType='finger' >

<Stroke index = '1' >
<Point X='0' Y='605' T='0' />
<Point X='0' Y='607' T='47' />
<Point X='0' Y='607' T='56' />
<Point X='0' Y='608' T='67' />
<Point X='0' Y='608' T='77' />
<Point X='0' Y='608' T='98' />
<Point X='0' Y='608' T='109' />
<Point X='0' Y='608' T='143' />
<Point X='0' Y='606' T='178' />
<Point X='0' Y='605' T='187' />
<Point X='0' Y='603' T='200' />
<Point X='1' Y='601' T='211' />
<Point X='2' Y='599' T='222' />
<Point X='6' Y='593' T='247' />
<Point X='8' Y='587' T='256' />
<Point X='12' Y='577' T='279' />
<Point X='16' Y='570' T='293' />
<Point X='20' Y='562' T='305' />
<Point X='23' Y='556' T='312' />
<Point X='28' Y='545' T='328' />
<Point X='31' Y='537' T='342' />
<Point X='36' Y='523' T='349' />
<Point X='41' Y='515' T='364' />
<Point X='54' Y='491' T='380' />
<Point X='64' Y='476' T='395' />
<Point X='84' Y='450' T='414' />
</Stroke>
<Stroke index = '5' >
<Point X='568' Y='293' T='37' />
<Point X='569' Y='293' T='49' />
<Point X='569' Y='293' T='60' />
<Point X='569' Y='293' T='69' />
<Point X='570' Y='293' T='78' />
<Point X='570' Y='293' T='87' />
<Point X='570' Y='292' T='99' />
<Point X='570' Y='292' T='110' />
<Point X='570' Y='291' T='125' />
<Point X='570' Y='291' T='133' />
<Point X='570' Y='291' T='144' />
<Point X='570' Y='291' T='154' />
<Point X='569' Y='290' T='179' />
<Point X='566' Y='290' T='188' />
<Point X='560' Y='290' T='201' />
<Point X='554' Y='291' T='211' />
<Point X='548' Y='292' T='222' />
<Point X='532' Y='295' T='248' />
<Point X='521' Y='297' T='257' />
<Point X='499' Y='299' T='280' />
<Point X='487' Y='300' T='294' />
<Point X='470' Y='301' T='306' />
<Point X='454' Y='302' T='316' />
<Point X='438' Y='305' T='328' />
<Point X='422' Y='310' T='343' />
<Point X='405' Y='316' T='351' />
<Point X='388' Y='323' T='366' />
<Point X='360' Y='336' T='381' />
<Point X='348' Y='341' T='397' />
<Point X='326' Y='350' T='415' />
</Stroke>
<Stroke index = '3' >
<Point X='413' Y='3' T='54' />
<Point X='413' Y='3' T='61' />
<Point X='413' Y='2' T='100' />
<Point X='413' Y='2' T='111' />
<Point X='413' Y='1' T='126' />
<Point X='413' Y='1' T='134' />
<Point X='413' Y='0' T='145' />
<Point X='412' Y='0' T='155' />
<Point X='411' Y='0' T='179' />
<Point X='409' Y='0' T='189' />
<Point X='407' Y='1' T='201' />
<Point X='405' Y='3' T='212' />
<Point X='403' Y='5' T='223' />
<Point X='397' Y='13' T='249' />
<Point X='392' Y='18' T='257' />
<Point X='383' Y='31' T='281' />
<Point X='378' Y='39' T='295' />
<Point X='372' Y='47' T='307' />
<Point X='365' Y='57' T='317' />
<Point X='359' Y='68' T='330' />
<Point X='351' Y='81' T='344' />
<Point X='344' Y='93' T='352' />
<Point X='336' Y='108' T='366' />
</Stroke>
<Stroke index = '4' >
<Point X='486' Y='89' T='102' />
<Point X='486' Y='89' T='112' />
<Point X='486' Y='90' T='146' />
<Point X='486' Y='90' T='156' />
<Point X='486' Y='91' T='180' />
<Point X='486' Y='92' T='189' />
<Point X='485' Y='93' T='203' />
<Point X='484' Y='95' T='213' />
<Point X='481' Y='98' T='224' />
<Point X='471' Y='108' T='250' />
<Point X='467' Y='113' T='257' />
<Point X='455' Y='126' T='283' />
<Point X='448' Y='133' T='296' />
<Point X='441' Y='141' T='308' />
<Point X='432' Y='150' T='318' />
<Point X='423' Y='160' T='330' />
<Point X='412' Y='171' T='345' />
<Point X='401' Y='182' T='353' />
<Point X='387' Y='195' T='367' />
<Point X='361' Y='217' T='382' />
<Point X='348' Y='228' T='398' />
<Point X='324' Y='250' T='416' />
<Point X='313' Y='262' T='430' />
<Point X='303' Y='272' T='443' />
<Point X='291' Y='289' T='457' />
</Stroke>
<Stroke index = '2' >
<Point X='218' Y='63' T='147' />
<Point X='218' Y='64' T='180' />
<Point X='218' Y='65' T='191' />
<Point X='218' Y='66' T='203' />
<Point X='218' Y='69' T='213' />
<Point X='218' Y='71' T='225' />
<Point X='218' Y='78' T='251' />
<Point X='217' Y='84' T='258' />
<Point X='216' Y='92' T='283' />
<Point X='216' Y='97' T='297' />
<Point X='215' Y='104' T='309' />
<Point X='214' Y='110' T='318' />
<Point X='214' Y='115' T='331' />
<Point X='213' Y='122' T='346' />
<Point X='211' Y='129' T='354' />
<Point X='209' Y='136' T='367' />
<Point X='202' Y='152' T='383' />
<Point X='198' Y='161' T='400' />
<Point X='190' Y='184' T='416' />
</Stroke>

</Gesture>
