<?xml version='1.0' encoding='utf-8' standalone='yes'?>
<Gesture Name ='7_1_11' Subject = 'test'  Speed = 'MEDIUM' NumPts = '131' InputType='finger' >

<Stroke index = '2' >
<Point X='153' Y='77' T='84' />
<Point X='153' Y='78' T='102' />
<Point X='153' Y='78' T='111' />
<Point X='153' Y='79' T='119' />
<Point X='154' Y='80' T='127' />
<Point X='154' Y='81' T='138' />
<Point X='155' Y='82' T='156' />
<Point X='155' Y='84' T='166' />
<Point X='156' Y='86' T='173' />
<Point X='156' Y='90' T='192' />
<Point X='157' Y='94' T='202' />
<Point X='157' Y='98' T='208' />
<Point X='158' Y='102' T='222' />
<Point X='159' Y='105' T='235' />
<Point X='160' Y='110' T='246' />
<Point X='161' Y='115' T='256' />
<Point X='161' Y='120' T='269' />
<Point X='161' Y='125' T='280' />
<Point X='161' Y='131' T='290' />
<Point X='161' Y='138' T='302' />
<Point X='160' Y='146' T='314' />
<Point X='158' Y='155' T='322' />
<Point X='156' Y='163' T='336' />
<Point X='153' Y='174' T='348' />
</Stroke>
<Stroke index = '1' >
<Point X='0' Y='618' T='28' />
<Point X='1' Y='619' T='38' />
<Point X='1' Y='620' T='46' />
<Point X='1' Y='620' T='67' />
<Point X='1' Y='621' T='74' />
<Point X='1' Y='620' T='118' />
<Point X='1' Y='619' T='126' />
<Point X='1' Y='617' T='138' />
<Point X='2' Y='615' T='155' />
<Point X='3' Y='612' T='164' />
<Point X='4' Y='610' T='172' />
<Point X='7' Y='606' T='191' />
<Point X='10' Y='600' T='202' />
<Point X='13' Y='595' T='208' />
<Point X='15' Y='590' T='221' />
<Point X='18' Y='582' T='234' />
<Point X='21' Y='574' T='245' />
<Point X='23' Y='568' T='254' />
<Point X='27' Y='559' T='268' />
<Point X='31' Y='551' T='279' />
<Point X='35' Y='542' T='289' />
<Point X='39' Y='531' T='302' />
<Point X='44' Y='520' T='313' />
<Point X='51' Y='508' T='322' />
<Point X='57' Y='496' T='336' />
<Point X='65' Y='483' T='347' />
</Stroke>
<Stroke index = '3' >
<Point X='361' Y='0' T='25' />
<Point X='361' Y='0' T='36' />
<Point X='361' Y='0' T='73' />
<Point X='360' Y='0' T='82' />
<Point X='359' Y='1' T='101' />
<Point X='358' Y='1' T='109' />
<Point X='357' Y='2' T='117' />
<Point X='356' Y='3' T='125' />
<Point X='355' Y='4' T='138' />
<Point X='354' Y='5' T='154' />
<Point X='353' Y='8' T='163' />
<Point X='351' Y='10' T='172' />
<Point X='349' Y='14' T='191' />
<Point X='347' Y='17' T='201' />
<Point X='345' Y='21' T='207' />
<Point X='341' Y='27' T='221' />
<Point X='338' Y='33' T='233' />
<Point X='335' Y='39' T='244' />
<Point X='332' Y='48' T='253' />
<Point X='328' Y='57' T='267' />
<Point X='324' Y='67' T='278' />
<Point X='318' Y='78' T='287' />
<Point X='312' Y='90' T='301' />
<Point X='306' Y='104' T='312' />
<Point X='297' Y='121' T='321' />
<Point X='289' Y='139' T='334' />
<Point X='280' Y='157' T='346' />
</Stroke>
<Stroke index = '4' >
<Point X='447' Y='95' T='10' />
<Point X='447' Y='95' T='22' />
<Point X='447' Y='95' T='100' />
<Point X='447' Y='96' T='109' />
<Point X='446' Y='97' T='116' />
<Point X='444' Y='98' T='124' />
<Point X='443' Y='100' T='137' />
<Point X='441' Y='102' T='153' />
<Point X='439' Y='104' T='162' />
<Point X='437' Y='106' T='171' />
<Point X='434' Y='109' T='190' />
<Point X='431' Y='114' T='200' />
<Point X='427' Y='119' T='206' />
<Point X='422' Y='124' T='219' />
<Point X='418' Y='130' T='232' />
<Point X='412' Y='138' T='243' />
<Point X='406' Y='144' T='253' />
<Point X='399' Y='153' T='266' />
<Point X='391' Y='162' T='277' />
<Point X='383' Y='172' T='285' />
<Point X='373' Y='183' T='300' />
<Point X='362' Y='195' T='311' />
<Point X='352' Y='206' T='320' />
<Point X='337' Y='219' T='334' />
<Point X='328' Y='229' T='344' />
<Point X='315' Y='242' T='353' />
</Stroke>
<Stroke index = '5' >
<Point X='529' Y='298' T='0' />
<Point X='529' Y='298' T='20' />
<Point X='530' Y='298' T='35' />
<Point X='531' Y='298' T='45' />
<Point X='531' Y='298' T='66' />
<Point X='532' Y='298' T='72' />
<Point X='531' Y='298' T='108' />
<Point X='530' Y='298' T='115' />
<Point X='528' Y='298' T='124' />
<Point X='525' Y='298' T='136' />
<Point X='522' Y='298' T='151' />
<Point X='518' Y='299' T='161' />
<Point X='513' Y='300' T='170' />
<Point X='506' Y='301' T='189' />
<Point X='500' Y='302' T='199' />
<Point X='491' Y='302' T='205' />
<Point X='483' Y='303' T='218' />
<Point X='472' Y='303' T='231' />
<Point X='462' Y='305' T='242' />
<Point X='448' Y='306' T='251' />
<Point X='438' Y='308' T='265' />
<Point X='422' Y='310' T='275' />
<Point X='412' Y='312' T='284' />
<Point X='394' Y='315' T='299' />
<Point X='379' Y='318' T='310' />
<Point X='367' Y='322' T='317' />
<Point X='353' Y='327' T='333' />
<Point X='341' Y='331' T='343' />
</Stroke>

</Gesture>
