<?xml version='1.0' encoding='utf-8' standalone='yes'?>
<Gesture Name ='7_1_3' Subject = 'test'  Speed = 'MEDIUM' NumPts = '120' InputType='finger' >

<Stroke index = '4' >
<Point X='481' Y='85' T='65' />
<Point X='481' Y='85' T='104' />
<Point X='481' Y='86' T='114' />
<Point X='479' Y='87' T='140' />
<Point X='478' Y='88' T='151' />
<Point X='477' Y='89' T='161' />
<Point X='475' Y='90' T='175' />
<Point X='473' Y='93' T='194' />
<Point X='471' Y='95' T='212' />
<Point X='468' Y='98' T='223' />
<Point X='463' Y='102' T='229' />
<Point X='458' Y='106' T='241' />
<Point X='453' Y='110' T='254' />
<Point X='447' Y='117' T='261' />
<Point X='438' Y='125' T='277' />
<Point X='431' Y='133' T='286' />
<Point X='421' Y='144' T='294' />
<Point X='411' Y='155' T='315' />
<Point X='400' Y='168' T='322' />
<Point X='389' Y='183' T='334' />
<Point X='379' Y='197' T='348' />
<Point X='353' Y='236' T='377' />
<Point X='340' Y='255' T='398' />
<Point X='335' Y='263' T='410' />
</Stroke>
<Stroke index = '2' >
<Point X='172' Y='75' T='67' />
<Point X='172' Y='76' T='95' />
<Point X='172' Y='77' T='107' />
<Point X='171' Y='79' T='115' />
<Point X='169' Y='82' T='141' />
<Point X='168' Y='83' T='151' />
<Point X='167' Y='84' T='161' />
<Point X='166' Y='86' T='176' />
<Point X='164' Y='90' T='196' />
<Point X='163' Y='93' T='213' />
<Point X='162' Y='96' T='223' />
<Point X='161' Y='99' T='229' />
<Point X='161' Y='102' T='242' />
<Point X='161' Y='106' T='255' />
<Point X='161' Y='110' T='262' />
<Point X='161' Y='116' T='278' />
<Point X='161' Y='122' T='286' />
<Point X='161' Y='130' T='294' />
<Point X='161' Y='139' T='317' />
<Point X='161' Y='149' T='323' />
<Point X='161' Y='161' T='334' />
<Point X='162' Y='172' T='350' />
<Point X='164' Y='204' T='378' />
</Stroke>
<Stroke index = '3' >
<Point X='393' Y='0' T='54' />
<Point X='393' Y='0' T='94' />
<Point X='392' Y='0' T='103' />
<Point X='391' Y='1' T='114' />
<Point X='387' Y='3' T='139' />
<Point X='385' Y='4' T='149' />
<Point X='382' Y='5' T='160' />
<Point X='379' Y='6' T='173' />
<Point X='373' Y='9' T='194' />
<Point X='371' Y='11' T='211' />
<Point X='369' Y='13' T='222' />
<Point X='367' Y='15' T='229' />
<Point X='364' Y='18' T='240' />
<Point X='361' Y='23' T='253' />
<Point X='356' Y='29' T='261' />
<Point X='352' Y='36' T='277' />
<Point X='347' Y='46' T='285' />
<Point X='341' Y='58' T='294' />
<Point X='334' Y='72' T='315' />
<Point X='327' Y='89' T='322' />
<Point X='319' Y='106' T='334' />
<Point X='311' Y='125' T='348' />
<Point X='293' Y='176' T='376' />
</Stroke>
<Stroke index = '5' >
<Point X='598' Y='287' T='49' />
<Point X='599' Y='287' T='60' />
<Point X='599' Y='287' T='94' />
<Point X='599' Y='287' T='101' />
<Point X='598' Y='287' T='113' />
<Point X='595' Y='287' T='137' />
<Point X='591' Y='287' T='149' />
<Point X='587' Y='287' T='159' />
<Point X='582' Y='286' T='172' />
<Point X='573' Y='286' T='193' />
<Point X='567' Y='286' T='210' />
<Point X='561' Y='286' T='221' />
<Point X='555' Y='286' T='227' />
<Point X='546' Y='286' T='238' />
<Point X='538' Y='286' T='252' />
<Point X='527' Y='286' T='260' />
<Point X='516' Y='286' T='277' />
<Point X='500' Y='288' T='285' />
<Point X='486' Y='291' T='293' />
<Point X='469' Y='295' T='314' />
<Point X='454' Y='301' T='321' />
<Point X='436' Y='309' T='333' />
<Point X='419' Y='318' T='347' />
<Point X='381' Y='339' T='373' />
<Point X='368' Y='346' T='396' />
</Stroke>
<Stroke index = '1' >
<Point X='5' Y='608' T='0' />
<Point X='2' Y='608' T='58' />
<Point X='1' Y='608' T='70' />
<Point X='0' Y='608' T='92' />
<Point X='0' Y='608' T='101' />
<Point X='1' Y='607' T='111' />
<Point X='7' Y='602' T='135' />
<Point X='11' Y='598' T='148' />
<Point X='14' Y='595' T='159' />
<Point X='18' Y='592' T='172' />
<Point X='28' Y='584' T='192' />
<Point X='33' Y='579' T='209' />
<Point X='38' Y='573' T='220' />
<Point X='42' Y='568' T='227' />
<Point X='48' Y='560' T='238' />
<Point X='52' Y='552' T='251' />
<Point X='57' Y='544' T='259' />
<Point X='63' Y='534' T='276' />
<Point X='69' Y='525' T='285' />
<Point X='76' Y='512' T='293' />
<Point X='85' Y='500' T='313' />
<Point X='93' Y='487' T='320' />
<Point X='105' Y='474' T='332' />
<Point X='117' Y='461' T='345' />
<Point X='149' Y='430' T='373' />
</Stroke>

</Gesture>
