<?xml version='1.0' encoding='utf-8' standalone='yes'?>
<Gesture Name ='7_1_9' Subject = 'test'  Speed = 'MEDIUM' NumPts = '103' InputType='finger' >

<Stroke index = '3' >
<Point X='443' Y='1' T='6' />
<Point X='441' Y='0' T='48' />
<Point X='439' Y='0' T='58' />
<Point X='437' Y='0' T='68' />
<Point X='435' Y='0' T='79' />
<Point X='433' Y='1' T='90' />
<Point X='431' Y='2' T='99' />
<Point X='430' Y='3' T='111' />
<Point X='428' Y='5' T='120' />
<Point X='426' Y='8' T='131' />
<Point X='423' Y='11' T='148' />
<Point X='419' Y='15' T='159' />
<Point X='415' Y='21' T='165' />
<Point X='410' Y='28' T='183' />
<Point X='405' Y='38' T='195' />
<Point X='398' Y='49' T='201' />
<Point X='389' Y='66' T='213' />
<Point X='380' Y='83' T='223' />
<Point X='369' Y='102' T='233' />
<Point X='354' Y='125' T='247' />
</Stroke>
<Stroke index = '2' >
<Point X='213' Y='47' T='16' />
<Point X='213' Y='48' T='50' />
<Point X='212' Y='48' T='59' />
<Point X='211' Y='49' T='69' />
<Point X='210' Y='50' T='80' />
<Point X='210' Y='51' T='91' />
<Point X='209' Y='52' T='99' />
<Point X='209' Y='54' T='113' />
<Point X='209' Y='56' T='120' />
<Point X='209' Y='60' T='132' />
<Point X='209' Y='64' T='149' />
<Point X='210' Y='68' T='159' />
<Point X='211' Y='71' T='165' />
<Point X='213' Y='76' T='183' />
<Point X='215' Y='82' T='196' />
<Point X='216' Y='89' T='202' />
<Point X='218' Y='97' T='215' />
<Point X='218' Y='109' T='224' />
<Point X='218' Y='122' T='233' />
<Point X='217' Y='137' T='247' />
</Stroke>
<Stroke index = '1' >
<Point X='0' Y='618' T='-46' />
<Point X='0' Y='618' T='54' />
<Point X='1' Y='617' T='64' />
<Point X='4' Y='614' T='75' />
<Point X='7' Y='609' T='87' />
<Point X='11' Y='604' T='96' />
<Point X='14' Y='600' T='108' />
<Point X='19' Y='595' T='117' />
<Point X='24' Y='589' T='128' />
<Point X='29' Y='583' T='146' />
<Point X='33' Y='577' T='155' />
<Point X='38' Y='570' T='163' />
<Point X='43' Y='562' T='180' />
<Point X='50' Y='553' T='191' />
<Point X='57' Y='541' T='199' />
<Point X='67' Y='525' T='211' />
<Point X='78' Y='508' T='221' />
<Point X='93' Y='488' T='230' />
</Stroke>
<Stroke index = '4' >
<Point X='516' Y='100' T='-3' />
<Point X='516' Y='100' T='24' />
<Point X='516' Y='100' T='45' />
<Point X='516' Y='100' T='56' />
<Point X='515' Y='101' T='65' />
<Point X='515' Y='101' T='77' />
<Point X='514' Y='102' T='88' />
<Point X='512' Y='104' T='96' />
<Point X='510' Y='106' T='109' />
<Point X='508' Y='109' T='118' />
<Point X='504' Y='112' T='130' />
<Point X='500' Y='117' T='147' />
<Point X='496' Y='122' T='156' />
<Point X='491' Y='129' T='164' />
<Point X='485' Y='137' T='181' />
<Point X='477' Y='145' T='193' />
<Point X='467' Y='156' T='200' />
<Point X='451' Y='171' T='213' />
<Point X='435' Y='184' T='222' />
<Point X='415' Y='200' T='231' />
<Point X='394' Y='216' T='245' />
<Point X='374' Y='234' T='259' />
<Point X='337' Y='271' T='275' />
<Point X='313' Y='297' T='300' />
</Stroke>
<Stroke index = '5' >
<Point X='582' Y='317' T='0' />
<Point X='582' Y='317' T='9' />
<Point X='582' Y='317' T='27' />
<Point X='581' Y='316' T='47' />
<Point X='579' Y='316' T='57' />
<Point X='576' Y='315' T='66' />
<Point X='572' Y='314' T='78' />
<Point X='567' Y='314' T='89' />
<Point X='562' Y='314' T='98' />
<Point X='556' Y='314' T='110' />
<Point X='550' Y='314' T='118' />
<Point X='542' Y='315' T='131' />
<Point X='536' Y='316' T='148' />
<Point X='525' Y='317' T='158' />
<Point X='515' Y='317' T='164' />
<Point X='501' Y='318' T='181' />
<Point X='486' Y='319' T='194' />
<Point X='468' Y='320' T='201' />
<Point X='449' Y='322' T='213' />
<Point X='429' Y='327' T='222' />
<Point X='407' Y='334' T='232' />
</Stroke>

</Gesture>
