<?xml version='1.0' encoding='utf-8' standalone='yes'?>
<Gesture Name ='7_1_10' Subject = 'test'  Speed = 'MEDIUM' NumPts = '57' InputType='finger' >

<Stroke index = '3' >
<Point X='428' Y='0' T='78' />
<Point X='427' Y='1' T='100' />
<Point X='425' Y='1' T='111' />
<Point X='423' Y='2' T='117' />
<Point X='421' Y='4' T='128' />
<Point X='419' Y='5' T='140' />
<Point X='416' Y='7' T='161' />
<Point X='413' Y='9' T='170' />
<Point X='409' Y='12' T='180' />
</Stroke>
<Stroke index = '4' >
<Point X='503' Y='98' T='56' />
<Point X='503' Y='98' T='74' />
<Point X='503' Y='99' T='86' />
<Point X='503' Y='99' T='99' />
<Point X='502' Y='100' T='110' />
<Point X='502' Y='101' T='116' />
<Point X='501' Y='103' T='128' />
<Point X='499' Y='105' T='139' />
<Point X='498' Y='108' T='161' />
<Point X='496' Y='110' T='169' />
<Point X='492' Y='114' T='179' />
<Point X='487' Y='118' T='192' />
<Point X='338' Y='272' T='321' />
</Stroke>
<Stroke index = '2' >
<Point X='212' Y='52' T='52' />
<Point X='212' Y='53' T='60' />
<Point X='212' Y='53' T='71' />
<Point X='212' Y='54' T='85' />
<Point X='211' Y='55' T='98' />
<Point X='211' Y='56' T='107' />
<Point X='210' Y='58' T='116' />
<Point X='209' Y='61' T='128' />
<Point X='208' Y='64' T='138' />
<Point X='207' Y='67' T='161' />
<Point X='206' Y='70' T='168' />
<Point X='205' Y='74' T='177' />
</Stroke>
<Stroke index = '5' >
<Point X='579' Y='317' T='37' />
<Point X='579' Y='318' T='59' />
<Point X='579' Y='318' T='71' />
<Point X='579' Y='318' T='84' />
<Point X='578' Y='318' T='97' />
<Point X='575' Y='319' T='106' />
<Point X='571' Y='319' T='115' />
<Point X='568' Y='320' T='127' />
<Point X='565' Y='320' T='137' />
<Point X='561' Y='321' T='160' />
<Point X='555' Y='322' T='168' />
<Point X='549' Y='322' T='177' />
</Stroke>
<Stroke index = '1' >
<Point X='1' Y='637' T='0' />
<Point X='1' Y='639' T='49' />
<Point X='1' Y='639' T='57' />
<Point X='0' Y='639' T='70' />
<Point X='0' Y='639' T='82' />
<Point X='0' Y='639' T='96' />
<Point X='0' Y='639' T='126' />
<Point X='0' Y='638' T='136' />
<Point X='1' Y='635' T='159' />
<Point X='3' Y='629' T='166' />
<Point X='5' Y='623' T='175' />
</Stroke>

</Gesture>
