<?xml version='1.0' encoding='utf-8' standalone='yes'?>
<Gesture Name ='7_1_1' Subject = 'test'  Speed = 'MEDIUM' NumPts = '104' InputType='finger' >

<Stroke index = '2' >
<Point X='163' Y='79' T='101' />
<Point X='163' Y='79' T='111' />
<Point X='163' Y='80' T='119' />
<Point X='163' Y='80' T='128' />
<Point X='162' Y='81' T='140' />
<Point X='160' Y='81' T='150' />
<Point X='159' Y='82' T='159' />
<Point X='158' Y='82' T='170' />
<Point X='157' Y='83' T='183' />
<Point X='156' Y='86' T='218' />
<Point X='155' Y='87' T='228' />
<Point X='154' Y='89' T='240' />
<Point X='154' Y='91' T='256' />
<Point X='154' Y='94' T='268' />
<Point X='157' Y='111' T='306' />
<Point X='159' Y='120' T='316' />
<Point X='164' Y='139' T='334' />
<Point X='165' Y='149' T='354' />
<Point X='166' Y='163' T='363' />
</Stroke>
<Stroke index = '4' >
<Point X='473' Y='70' T='43' />
<Point X='473' Y='70' T='49' />
<Point X='474' Y='70' T='71' />
<Point X='474' Y='70' T='111' />
<Point X='474' Y='70' T='119' />
<Point X='474' Y='70' T='127' />
<Point X='474' Y='70' T='150' />
<Point X='472' Y='70' T='218' />
<Point X='470' Y='71' T='228' />
<Point X='468' Y='72' T='240' />
<Point X='464' Y='74' T='256' />
<Point X='461' Y='78' T='267' />
<Point X='443' Y='101' T='305' />
<Point X='435' Y='110' T='315' />
<Point X='409' Y='140' T='332' />
<Point X='395' Y='157' T='354' />
<Point X='382' Y='172' T='362' />
<Point X='359' Y='201' T='380' />
<Point X='344' Y='236' T='405' />
</Stroke>
<Stroke index = '5' >
<Point X='595' Y='226' T='33' />
<Point X='596' Y='226' T='48' />
<Point X='596' Y='226' T='70' />
<Point X='596' Y='226' T='79' />
<Point X='596' Y='225' T='97' />
<Point X='596' Y='225' T='118' />
<Point X='596' Y='224' T='158' />
<Point X='596' Y='224' T='182' />
<Point X='592' Y='224' T='216' />
<Point X='590' Y='224' T='228' />
<Point X='588' Y='224' T='240' />
<Point X='584' Y='224' T='254' />
<Point X='579' Y='224' T='265' />
<Point X='547' Y='227' T='304' />
<Point X='529' Y='229' T='314' />
<Point X='489' Y='236' T='331' />
<Point X='466' Y='241' T='352' />
</Stroke>
<Stroke index = '3' >
<Point X='378' Y='6' T='16' />
<Point X='378' Y='6' T='28' />
<Point X='378' Y='6' T='47' />
<Point X='378' Y='4' T='70' />
<Point X='377' Y='3' T='79' />
<Point X='377' Y='3' T='96' />
<Point X='376' Y='2' T='109' />
<Point X='376' Y='2' T='118' />
<Point X='375' Y='1' T='126' />
<Point X='374' Y='1' T='139' />
<Point X='373' Y='0' T='148' />
<Point X='373' Y='0' T='157' />
<Point X='372' Y='0' T='170' />
<Point X='371' Y='0' T='181' />
<Point X='367' Y='2' T='216' />
<Point X='365' Y='3' T='227' />
<Point X='363' Y='5' T='239' />
<Point X='361' Y='7' T='253' />
<Point X='359' Y='9' T='264' />
<Point X='347' Y='32' T='303' />
<Point X='340' Y='44' T='312' />
<Point X='322' Y='77' T='330' />
<Point X='313' Y='95' T='351' />
<Point X='302' Y='115' T='360' />
</Stroke>
<Stroke index = '1' >
<Point X='4' Y='546' T='0' />
<Point X='4' Y='546' T='27' />
<Point X='3' Y='546' T='40' />
<Point X='3' Y='546' T='46' />
<Point X='1' Y='544' T='68' />
<Point X='1' Y='543' T='77' />
<Point X='0' Y='542' T='95' />
<Point X='0' Y='542' T='108' />
<Point X='0' Y='541' T='116' />
<Point X='0' Y='540' T='125' />
<Point X='0' Y='540' T='138' />
<Point X='1' Y='539' T='147' />
<Point X='1' Y='538' T='157' />
<Point X='2' Y='537' T='169' />
<Point X='3' Y='536' T='180' />
<Point X='9' Y='532' T='215' />
<Point X='12' Y='530' T='226' />
<Point X='15' Y='527' T='239' />
<Point X='19' Y='522' T='253' />
<Point X='22' Y='517' T='263' />
<Point X='36' Y='496' T='302' />
<Point X='44' Y='487' T='311' />
<Point X='63' Y='466' T='330' />
<Point X='75' Y='454' T='350' />
<Point X='88' Y='442' T='359' />
</Stroke>

</Gesture>
