<?xml version='1.0' encoding='utf-8' standalone='yes'?>
<Gesture Name ='8_1_1' Subject = 'test'  Speed = 'MEDIUM' NumPts = '105' InputType='finger' >

<Stroke index = '1' >
<Point X='0' Y='683' T='94' />
<Point X='1' Y='683' T='103' />
<Point X='1' Y='682' T='113' />
<Point X='8' Y='673' T='147' />
<Point X='11' Y='670' T='159' />
<Point X='13' Y='667' T='170' />
<Point X='21' Y='659' T='209' />
<Point X='23' Y='656' T='225' />
<Point X='26' Y='652' T='234' />
<Point X='28' Y='646' T='245' />
<Point X='31' Y='641' T='257' />
<Point X='35' Y='633' T='264' />
<Point X='40' Y='623' T='279' />
<Point X='44' Y='615' T='294' />
<Point X='49' Y='603' T='302' />
<Point X='55' Y='593' T='312' />
<Point X='63' Y='578' T='324' />
<Point X='71' Y='565' T='334' />
</Stroke>
<Stroke index = '3' >
<Point X='306' Y='0' T='20' />
<Point X='306' Y='0' T='63' />
<Point X='307' Y='1' T='75' />
<Point X='307' Y='1' T='88' />
<Point X='308' Y='2' T='101' />
<Point X='308' Y='3' T='112' />
<Point X='310' Y='11' T='146' />
<Point X='310' Y='16' T='158' />
<Point X='310' Y='21' T='168' />
<Point X='307' Y='38' T='207' />
<Point X='305' Y='45' T='223' />
<Point X='303' Y='51' T='232' />
<Point X='300' Y='61' T='243' />
<Point X='298' Y='68' T='255' />
<Point X='296' Y='80' T='263' />
<Point X='294' Y='89' T='278' />
<Point X='290' Y='103' T='292' />
<Point X='285' Y='114' T='301' />
<Point X='279' Y='130' T='311' />
<Point X='275' Y='147' T='322' />
<Point X='271' Y='166' T='332' />
</Stroke>
<Stroke index = '4' >
<Point X='522' Y='45' T='26' />
<Point X='522' Y='45' T='56' />
<Point X='522' Y='46' T='65' />
<Point X='522' Y='46' T='76' />
<Point X='522' Y='47' T='89' />
<Point X='521' Y='48' T='102' />
<Point X='521' Y='49' T='112' />
<Point X='514' Y='57' T='147' />
<Point X='511' Y='62' T='159' />
<Point X='508' Y='66' T='168' />
<Point X='499' Y='80' T='209' />
<Point X='494' Y='86' T='224' />
<Point X='490' Y='91' T='233' />
<Point X='484' Y='99' T='244' />
<Point X='479' Y='106' T='256' />
<Point X='473' Y='113' T='264' />
<Point X='465' Y='122' T='279' />
<Point X='458' Y='131' T='293' />
<Point X='447' Y='142' T='302' />
<Point X='436' Y='153' T='311' />
<Point X='424' Y='167' T='323' />
<Point X='410' Y='182' T='334' />
<Point X='395' Y='199' T='348' />
<Point X='380' Y='217' T='358' />
<Point X='335' Y='308' T='391' />
</Stroke>
<Stroke index = '2' >
<Point X='104' Y='102' T='6' />
<Point X='104' Y='102' T='18' />
<Point X='104' Y='103' T='73' />
<Point X='105' Y='103' T='86' />
<Point X='105' Y='104' T='99' />
<Point X='106' Y='106' T='111' />
<Point X='109' Y='111' T='145' />
<Point X='110' Y='114' T='155' />
<Point X='110' Y='118' T='167' />
<Point X='111' Y='132' T='206' />
<Point X='111' Y='138' T='222' />
<Point X='112' Y='146' T='231' />
<Point X='112' Y='152' T='241' />
<Point X='113' Y='160' T='253' />
<Point X='115' Y='169' T='262' />
<Point X='117' Y='177' T='276' />
<Point X='120' Y='188' T='292' />
<Point X='123' Y='197' T='300' />
<Point X='126' Y='211' T='310' />
<Point X='129' Y='225' T='320' />
<Point X='132' Y='242' T='331' />
</Stroke>
<Stroke index = '5' >
<Point X='664' Y='250' T='0' />
<Point X='664' Y='250' T='16' />
<Point X='664' Y='249' T='85' />
<Point X='664' Y='249' T='98' />
<Point X='664' Y='248' T='109' />
<Point X='664' Y='247' T='144' />
<Point X='655' Y='249' T='153' />
<Point X='649' Y='251' T='165' />
<Point X='628' Y='259' T='204' />
<Point X='619' Y='261' T='220' />
<Point X='612' Y='264' T='230' />
<Point X='602' Y='267' T='240' />
<Point X='591' Y='271' T='252' />
<Point X='577' Y='275' T='260' />
<Point X='566' Y='279' T='274' />
<Point X='550' Y='284' T='291' />
<Point X='534' Y='290' T='298' />
<Point X='516' Y='297' T='309' />
<Point X='497' Y='304' T='319' />
<Point X='477' Y='315' T='330' />
</Stroke>

</Gesture>
