<?xml version='1.0' encoding='utf-8' standalone='yes'?>
<Gesture Name ='8_1_12' Subject = 'test'  Speed = 'MEDIUM' NumPts = '86' InputType='finger' >

<Stroke index = '4' >
<Point X='552' Y='63' T='10' />
<Point X='552' Y='63' T='22' />
<Point X='552' Y='63' T='33' />
<Point X='551' Y='64' T='43' />
<Point X='548' Y='66' T='59' />
<Point X='545' Y='68' T='68' />
<Point X='543' Y='70' T='81' />
<Point X='539' Y='72' T='92' />
<Point X='534' Y='76' T='103' />
<Point X='528' Y='81' T='111' />
<Point X='523' Y='85' T='126' />
<Point X='516' Y='91' T='139' />
<Point X='507' Y='97' T='150' />
<Point X='499' Y='104' T='162' />
<Point X='486' Y='113' T='174' />
<Point X='474' Y='123' T='186' />
<Point X='459' Y='134' T='196' />
<Point X='441' Y='150' T='207' />
</Stroke>
<Stroke index = '5' >
<Point X='639' Y='244' T='-11' />
<Point X='639' Y='244' T='29' />
<Point X='637' Y='244' T='40' />
<Point X='632' Y='244' T='55' />
<Point X='628' Y='244' T='65' />
<Point X='623' Y='245' T='77' />
<Point X='616' Y='246' T='89' />
<Point X='608' Y='247' T='100' />
<Point X='601' Y='249' T='108' />
<Point X='589' Y='252' T='122' />
<Point X='581' Y='253' T='137' />
<Point X='566' Y='256' T='146' />
<Point X='552' Y='258' T='159' />
<Point X='534' Y='261' T='171' />
<Point X='515' Y='266' T='182' />
<Point X='495' Y='273' T='193' />
<Point X='472' Y='284' T='205' />
</Stroke>
<Stroke index = '3' >
<Point X='346' Y='0' T='25' />
<Point X='346' Y='1' T='33' />
<Point X='346' Y='1' T='44' />
<Point X='345' Y='3' T='60' />
<Point X='343' Y='5' T='69' />
<Point X='341' Y='9' T='82' />
<Point X='338' Y='14' T='93' />
<Point X='335' Y='20' T='105' />
<Point X='333' Y='26' T='111' />
<Point X='331' Y='32' T='129' />
<Point X='327' Y='41' T='141' />
<Point X='323' Y='49' T='151' />
<Point X='318' Y='59' T='164' />
<Point X='313' Y='71' T='174' />
<Point X='309' Y='86' T='187' />
<Point X='305' Y='101' T='197' />
<Point X='301' Y='119' T='208' />
</Stroke>
<Stroke index = '2' >
<Point X='123' Y='94' T='0' />
<Point X='122' Y='94' T='19' />
<Point X='122' Y='94' T='30' />
<Point X='121' Y='95' T='42' />
<Point X='121' Y='96' T='56' />
<Point X='119' Y='99' T='67' />
<Point X='119' Y='105' T='77' />
<Point X='119' Y='111' T='91' />
<Point X='119' Y='117' T='100' />
<Point X='120' Y='124' T='110' />
<Point X='122' Y='131' T='123' />
<Point X='124' Y='138' T='138' />
<Point X='127' Y='148' T='147' />
<Point X='130' Y='156' T='160' />
<Point X='136' Y='169' T='171' />
<Point X='143' Y='181' T='184' />
<Point X='152' Y='197' T='193' />
</Stroke>
<Stroke index = '1' >
<Point X='0' Y='590' T='5' />
<Point X='1' Y='590' T='20' />
<Point X='1' Y='590' T='32' />
<Point X='2' Y='590' T='43' />
<Point X='4' Y='587' T='58' />
<Point X='7' Y='583' T='68' />
<Point X='10' Y='579' T='78' />
<Point X='14' Y='574' T='91' />
<Point X='19' Y='567' T='102' />
<Point X='23' Y='561' T='110' />
<Point X='29' Y='553' T='124' />
<Point X='35' Y='543' T='138' />
<Point X='41' Y='535' T='149' />
<Point X='50' Y='519' T='162' />
<Point X='60' Y='506' T='172' />
<Point X='72' Y='487' T='185' />
<Point X='86' Y='468' T='195' />
</Stroke>

</Gesture>
