<?xml version='1.0' encoding='utf-8' standalone='yes'?>
<Gesture Name ='8_1_6' Subject = 'test'  Speed = 'MEDIUM' NumPts = '87' InputType='finger' >

<Stroke index = '1' >
<Point X='0' Y='651' T='0' />
<Point X='0' Y='651' T='18' />
<Point X='1' Y='651' T='51' />
<Point X='1' Y='650' T='62' />
<Point X='3' Y='649' T='75' />
<Point X='5' Y='647' T='87' />
<Point X='8' Y='644' T='99' />
<Point X='12' Y='639' T='108' />
<Point X='15' Y='635' T='126' />
<Point X='21' Y='625' T='146' />
<Point X='25' Y='618' T='158' />
<Point X='30' Y='611' T='172' />
<Point X='36' Y='600' T='180' />
<Point X='42' Y='590' T='192' />
<Point X='51' Y='574' T='207' />
<Point X='60' Y='558' T='215' />
<Point X='73' Y='540' T='229' />
<Point X='87' Y='520' T='242' />
</Stroke>
<Stroke index = '2' >
<Point X='123' Y='105' T='10' />
<Point X='123' Y='105' T='28' />
<Point X='122' Y='105' T='39' />
<Point X='122' Y='105' T='52' />
<Point X='121' Y='105' T='64' />
<Point X='121' Y='105' T='76' />
<Point X='121' Y='106' T='89' />
<Point X='121' Y='109' T='100' />
<Point X='121' Y='114' T='109' />
<Point X='122' Y='120' T='128' />
<Point X='123' Y='131' T='147' />
<Point X='124' Y='140' T='160' />
<Point X='124' Y='148' T='173' />
<Point X='125' Y='159' T='181' />
<Point X='126' Y='169' T='194' />
<Point X='129' Y='183' T='209' />
<Point X='133' Y='197' T='217' />
<Point X='139' Y='215' T='231' />
<Point X='145' Y='232' T='243' />
</Stroke>
<Stroke index = '5' >
<Point X='680' Y='238' T='24' />
<Point X='680' Y='238' T='28' />
<Point X='680' Y='237' T='76' />
<Point X='673' Y='235' T='90' />
<Point X='667' Y='235' T='101' />
<Point X='659' Y='235' T='109' />
<Point X='651' Y='237' T='129' />
<Point X='635' Y='241' T='148' />
<Point X='625' Y='243' T='162' />
<Point X='611' Y='247' T='174' />
<Point X='599' Y='249' T='181' />
<Point X='582' Y='252' T='196' />
<Point X='565' Y='255' T='209' />
<Point X='544' Y='259' T='218' />
<Point X='522' Y='266' T='232' />
<Point X='497' Y='275' T='243' />
</Stroke>
<Stroke index = '3' >
<Point X='345' Y='0' T='45' />
<Point X='345' Y='0' T='53' />
<Point X='345' Y='1' T='67' />
<Point X='345' Y='1' T='79' />
<Point X='344' Y='2' T='92' />
<Point X='343' Y='5' T='104' />
<Point X='340' Y='10' T='112' />
<Point X='338' Y='15' T='130' />
<Point X='334' Y='26' T='150' />
<Point X='332' Y='34' T='164' />
<Point X='329' Y='42' T='176' />
<Point X='324' Y='52' T='183' />
<Point X='318' Y='62' T='200' />
<Point X='312' Y='76' T='212' />
<Point X='306' Y='90' T='221' />
<Point X='298' Y='107' T='235' />
<Point X='291' Y='125' T='244' />
</Stroke>
<Stroke index = '4' >
<Point X='564' Y='55' T='41' />
<Point X='564' Y='55' T='66' />
<Point X='564' Y='56' T='77' />
<Point X='563' Y='57' T='92' />
<Point X='561' Y='59' T='102' />
<Point X='558' Y='62' T='111' />
<Point X='553' Y='66' T='130' />
<Point X='544' Y='74' T='149' />
<Point X='538' Y='80' T='162' />
<Point X='528' Y='86' T='175' />
<Point X='521' Y='92' T='182' />
<Point X='508' Y='102' T='197' />
<Point X='498' Y='110' T='211' />
<Point X='483' Y='121' T='219' />
<Point X='467' Y='132' T='235' />
<Point X='450' Y='145' T='244' />
<Point X='433' Y='161' T='248' />
</Stroke>

</Gesture>
