<?xml version='1.0' encoding='utf-8' standalone='yes'?>
<Gesture Name ='8_1_2' Subject = 'test'  Speed = 'MEDIUM' NumPts = '97' InputType='finger' >

<Stroke index = '3' >
<Point X='314' Y='0' T='50' />
<Point X='314' Y='0' T='86' />
<Point X='314' Y='1' T='100' />
<Point X='314' Y='1' T='111' />
<Point X='314' Y='2' T='126' />
<Point X='313' Y='4' T='143' />
<Point X='312' Y='7' T='153' />
<Point X='310' Y='13' T='166' />
<Point X='307' Y='19' T='178' />
<Point X='304' Y='27' T='193' />
<Point X='298' Y='38' T='200' />
<Point X='292' Y='51' T='213' />
<Point X='288' Y='64' T='225' />
<Point X='282' Y='82' T='232' />
<Point X='276' Y='100' T='245' />
<Point X='273' Y='120' T='249' />
<Point X='272' Y='145' T='261' />
<Point X='273' Y='171' T='277' />
</Stroke>
<Stroke index = '4' >
<Point X='523' Y='45' T='47' />
<Point X='523' Y='45' T='53' />
<Point X='523' Y='45' T='77' />
<Point X='523' Y='46' T='86' />
<Point X='522' Y='46' T='100' />
<Point X='521' Y='47' T='111' />
<Point X='519' Y='48' T='125' />
<Point X='516' Y='51' T='142' />
<Point X='512' Y='54' T='153' />
<Point X='508' Y='58' T='166' />
<Point X='503' Y='62' T='178' />
<Point X='497' Y='67' T='192' />
<Point X='489' Y='74' T='200' />
<Point X='481' Y='82' T='213' />
<Point X='466' Y='94' T='225' />
<Point X='454' Y='104' T='230' />
<Point X='439' Y='119' T='245' />
<Point X='421' Y='135' T='249' />
<Point X='404' Y='154' T='260' />
<Point X='388' Y='178' T='277' />
<Point X='363' Y='239' T='291' />
</Stroke>
<Stroke index = '5' >
<Point X='650' Y='226' T='7' />
<Point X='650' Y='226' T='18' />
<Point X='651' Y='226' T='33' />
<Point X='651' Y='226' T='43' />
<Point X='651' Y='226' T='65' />
<Point X='651' Y='225' T='76' />
<Point X='651' Y='225' T='85' />
<Point X='649' Y='224' T='98' />
<Point X='647' Y='223' T='109' />
<Point X='643' Y='222' T='123' />
<Point X='637' Y='222' T='139' />
<Point X='630' Y='222' T='150' />
<Point X='622' Y='223' T='163' />
<Point X='610' Y='224' T='177' />
<Point X='600' Y='226' T='187' />
<Point X='584' Y='228' T='198' />
<Point X='568' Y='231' T='210' />
<Point X='549' Y='235' T='222' />
<Point X='527' Y='241' T='229' />
<Point X='505' Y='249' T='244' />
<Point X='481' Y='262' T='248' />
</Stroke>
<Stroke index = '1' >
<Point X='0' Y='654' T='0' />
<Point X='0' Y='655' T='16' />
<Point X='1' Y='655' T='31' />
<Point X='1' Y='656' T='42' />
<Point X='2' Y='656' T='52' />
<Point X='2' Y='657' T='64' />
<Point X='3' Y='657' T='75' />
<Point X='6' Y='656' T='85' />
<Point X='9' Y='654' T='97' />
<Point X='14' Y='652' T='108' />
<Point X='17' Y='648' T='121' />
<Point X='22' Y='642' T='138' />
<Point X='25' Y='635' T='148' />
<Point X='29' Y='628' T='162' />
<Point X='35' Y='618' T='175' />
<Point X='39' Y='609' T='186' />
<Point X='46' Y='596' T='197' />
<Point X='53' Y='583' T='208' />
<Point X='64' Y='567' T='221' />
<Point X='75' Y='549' T='229' />
<Point X='90' Y='528' T='243' />
<Point X='108' Y='503' T='247' />
</Stroke>
<Stroke index = '2' >
<Point X='86' Y='111' T='36' />
<Point X='86' Y='112' T='99' />
<Point X='87' Y='112' T='110' />
<Point X='87' Y='114' T='124' />
<Point X='88' Y='117' T='140' />
<Point X='90' Y='121' T='151' />
<Point X='91' Y='125' T='164' />
<Point X='94' Y='130' T='178' />
<Point X='98' Y='138' T='191' />
<Point X='102' Y='147' T='198' />
<Point X='105' Y='159' T='212' />
<Point X='110' Y='171' T='223' />
<Point X='118' Y='188' T='230' />
<Point X='126' Y='205' T='244' />
<Point X='137' Y='223' T='249' />
</Stroke>

</Gesture>
