<?xml version='1.0' encoding='utf-8' standalone='yes'?>
<Gesture Name ='8_1_10' Subject = 'test'  Speed = 'MEDIUM' NumPts = '66' InputType='finger' >

<Stroke index = '3' >
<Point X='352' Y='0' T='39' />
<Point X='352' Y='0' T='62' />
<Point X='351' Y='1' T='70' />
<Point X='350' Y='3' T='82' />
<Point X='347' Y='8' T='92' />
<Point X='345' Y='14' T='107' />
<Point X='343' Y='19' T='121' />
<Point X='340' Y='25' T='136' />
<Point X='329' Y='43' T='156' />
<Point X='322' Y='57' T='163' />
<Point X='315' Y='72' T='173' />
</Stroke>
<Stroke index = '4' >
<Point X='568' Y='63' T='32' />
<Point X='568' Y='63' T='45' />
<Point X='568' Y='63' T='60' />
<Point X='566' Y='64' T='68' />
<Point X='562' Y='67' T='80' />
<Point X='557' Y='70' T='91' />
<Point X='552' Y='73' T='105' />
<Point X='547' Y='77' T='120' />
<Point X='539' Y='82' T='135' />
<Point X='520' Y='93' T='155' />
<Point X='508' Y='101' T='163' />
<Point X='492' Y='110' T='172' />
<Point X='473' Y='122' T='183' />
<Point X='452' Y='139' T='198' />
</Stroke>
<Stroke index = '5' >
<Point X='668' Y='256' T='22' />
<Point X='668' Y='256' T='29' />
<Point X='668' Y='256' T='44' />
<Point X='666' Y='254' T='59' />
<Point X='658' Y='253' T='68' />
<Point X='652' Y='252' T='79' />
<Point X='642' Y='251' T='91' />
<Point X='634' Y='251' T='104' />
<Point X='625' Y='251' T='119' />
<Point X='614' Y='252' T='133' />
<Point X='586' Y='253' T='154' />
<Point X='567' Y='254' T='163' />
<Point X='547' Y='257' T='171' />
</Stroke>
<Stroke index = '1' >
<Point X='0' Y='628' T='9' />
<Point X='0' Y='628' T='29' />
<Point X='1' Y='628' T='37' />
<Point X='1' Y='628' T='43' />
<Point X='2' Y='628' T='58' />
<Point X='3' Y='626' T='67' />
<Point X='5' Y='622' T='77' />
<Point X='8' Y='617' T='90' />
<Point X='10' Y='612' T='102' />
<Point X='14' Y='604' T='118' />
<Point X='20' Y='595' T='131' />
<Point X='32' Y='571' T='152' />
<Point X='43' Y='552' T='163' />
<Point X='54' Y='532' T='170' />
</Stroke>
<Stroke index = '2' >
<Point X='126' Y='93' T='0' />
<Point X='126' Y='94' T='27' />
<Point X='125' Y='94' T='35' />
<Point X='124' Y='94' T='41' />
<Point X='123' Y='95' T='56' />
<Point X='123' Y='97' T='66' />
<Point X='122' Y='100' T='77' />
<Point X='122' Y='104' T='89' />
<Point X='121' Y='109' T='101' />
<Point X='121' Y='116' T='116' />
<Point X='122' Y='123' T='130' />
<Point X='126' Y='141' T='151' />
<Point X='130' Y='155' T='162' />
<Point X='135' Y='168' T='168' />
</Stroke>

</Gesture>
