<?xml version='1.0' encoding='utf-8' standalone='yes'?>
<Gesture Name ='8_1_5' Subject = 'test'  Speed = 'MEDIUM' NumPts = '85' InputType='finger' >

<Stroke index = '1' >
<Point X='3' Y='634' T='0' />
<Point X='1' Y='634' T='51' />
<Point X='0' Y='633' T='68' />
<Point X='0' Y='633' T='86' />
<Point X='0' Y='633' T='95' />
<Point X='0' Y='633' T='107' />
<Point X='1' Y='633' T='117' />
<Point X='3' Y='631' T='130' />
<Point X='9' Y='626' T='151' />
<Point X='13' Y='622' T='160' />
<Point X='16' Y='617' T='172' />
<Point X='20' Y='612' T='185' />
<Point X='23' Y='609' T='203' />
<Point X='28' Y='604' T='213' />
<Point X='34' Y='597' T='220' />
<Point X='42' Y='588' T='232' />
<Point X='52' Y='573' T='246' />
<Point X='62' Y='557' T='253' />
<Point X='75' Y='538' T='267' />
<Point X='91' Y='517' T='280' />
</Stroke>
<Stroke index = '5' >
<Point X='653' Y='227' T='35' />
<Point X='653' Y='227' T='52' />
<Point X='654' Y='227' T='69' />
<Point X='655' Y='226' T='88' />
<Point X='655' Y='225' T='97' />
<Point X='656' Y='224' T='109' />
<Point X='656' Y='224' T='118' />
<Point X='655' Y='223' T='132' />
<Point X='649' Y='223' T='153' />
<Point X='644' Y='224' T='162' />
<Point X='640' Y='225' T='173' />
<Point X='635' Y='227' T='186' />
<Point X='627' Y='228' T='204' />
<Point X='620' Y='230' T='214' />
<Point X='608' Y='232' T='221' />
<Point X='596' Y='236' T='234' />
<Point X='578' Y='241' T='247' />
<Point X='560' Y='247' T='255' />
<Point X='540' Y='253' T='267' />
<Point X='516' Y='263' T='281' />
</Stroke>
<Stroke index = '2' >
<Point X='86' Y='117' T='73' />
<Point X='86' Y='117' T='110' />
<Point X='86' Y='118' T='133' />
<Point X='87' Y='119' T='154' />
<Point X='88' Y='121' T='163' />
<Point X='90' Y='123' T='174' />
<Point X='92' Y='129' T='186' />
<Point X='95' Y='135' T='205' />
<Point X='97' Y='142' T='216' />
<Point X='99' Y='152' T='224' />
<Point X='101' Y='161' T='236' />
<Point X='107' Y='174' T='248' />
<Point X='114' Y='187' T='255' />
<Point X='123' Y='204' T='269' />
<Point X='134' Y='221' T='281' />
</Stroke>
<Stroke index = '4' >
<Point X='519' Y='43' T='100' />
<Point X='519' Y='43' T='120' />
<Point X='519' Y='44' T='134' />
<Point X='518' Y='46' T='154' />
<Point X='516' Y='49' T='163' />
<Point X='514' Y='52' T='175' />
<Point X='512' Y='56' T='187' />
<Point X='509' Y='59' T='206' />
<Point X='503' Y='65' T='216' />
<Point X='496' Y='72' T='225' />
<Point X='489' Y='80' T='237' />
<Point X='479' Y='90' T='248' />
<Point X='469' Y='101' T='256' />
<Point X='455' Y='117' T='271' />
<Point X='442' Y='132' T='282' />
<Point X='425' Y='152' T='294' />
</Stroke>
<Stroke index = '3' >
<Point X='307' Y='0' T='102' />
<Point X='307' Y='0' T='135' />
<Point X='307' Y='2' T='155' />
<Point X='306' Y='5' T='164' />
<Point X='306' Y='9' T='176' />
<Point X='305' Y='14' T='187' />
<Point X='303' Y='19' T='206' />
<Point X='301' Y='26' T='217' />
<Point X='298' Y='35' T='226' />
<Point X='294' Y='46' T='237' />
<Point X='290' Y='58' T='249' />
<Point X='287' Y='75' T='257' />
<Point X='284' Y='91' T='271' />
<Point X='282' Y='110' T='284' />
</Stroke>

</Gesture>
