<?xml version='1.0' encoding='utf-8' standalone='yes'?>
<Gesture Name ='8_1_8' Subject = 'test'  Speed = 'MEDIUM' NumPts = '92' InputType='finger' >

<Stroke index = '1' >
<Point X='0' Y='653' T='0' />
<Point X='2' Y='653' T='15' />
<Point X='3' Y='653' T='35' />
<Point X='5' Y='653' T='44' />
<Point X='7' Y='652' T='58' />
<Point X='9' Y='650' T='77' />
<Point X='12' Y='645' T='87' />
<Point X='14' Y='640' T='96' />
<Point X='17' Y='636' T='107' />
<Point X='20' Y='631' T='119' />
<Point X='23' Y='624' T='134' />
<Point X='27' Y='617' T='144' />
<Point X='32' Y='609' T='155' />
<Point X='38' Y='598' T='166' />
<Point X='45' Y='587' T='176' />
<Point X='54' Y='573' T='189' />
<Point X='65' Y='555' T='202' />
<Point X='77' Y='536' T='210' />
<Point X='92' Y='516' T='230' />
</Stroke>
<Stroke index = '2' >
<Point X='124' Y='106' T='7' />
<Point X='124' Y='106' T='17' />
<Point X='123' Y='106' T='45' />
<Point X='123' Y='106' T='79' />
<Point X='123' Y='107' T='88' />
<Point X='124' Y='110' T='97' />
<Point X='124' Y='114' T='109' />
<Point X='126' Y='120' T='120' />
<Point X='127' Y='126' T='136' />
<Point X='128' Y='132' T='145' />
<Point X='130' Y='141' T='157' />
<Point X='132' Y='149' T='168' />
<Point X='135' Y='161' T='177' />
<Point X='137' Y='172' T='189' />
<Point X='142' Y='187' T='204' />
<Point X='147' Y='202' T='211' />
<Point X='155' Y='218' T='232' />
</Stroke>
<Stroke index = '5' >
<Point X='675' Y='241' T='10' />
<Point X='675' Y='241' T='18' />
<Point X='675' Y='241' T='36' />
<Point X='675' Y='240' T='46' />
<Point X='675' Y='239' T='60' />
<Point X='675' Y='239' T='89' />
<Point X='673' Y='240' T='99' />
<Point X='665' Y='241' T='111' />
<Point X='660' Y='243' T='120' />
<Point X='652' Y='246' T='137' />
<Point X='644' Y='248' T='146' />
<Point X='634' Y='251' T='157' />
<Point X='621' Y='254' T='169' />
<Point X='605' Y='255' T='179' />
<Point X='589' Y='257' T='190' />
<Point X='570' Y='260' T='205' />
<Point X='548' Y='265' T='211' />
<Point X='524' Y='272' T='234' />
<Point X='500' Y='281' T='244' />
</Stroke>
<Stroke index = '4' >
<Point X='574' Y='55' T='25' />
<Point X='574' Y='55' T='46' />
<Point X='574' Y='56' T='61' />
<Point X='573' Y='57' T='81' />
<Point X='571' Y='59' T='90' />
<Point X='568' Y='63' T='100' />
<Point X='565' Y='66' T='111' />
<Point X='562' Y='69' T='122' />
<Point X='558' Y='74' T='138' />
<Point X='553' Y='79' T='147' />
<Point X='545' Y='86' T='159' />
<Point X='538' Y='92' T='170' />
<Point X='527' Y='100' T='179' />
<Point X='517' Y='107' T='192' />
<Point X='500' Y='118' T='206' />
<Point X='487' Y='127' T='212' />
<Point X='469' Y='141' T='235' />
<Point X='452' Y='155' T='245' />
<Point X='414' Y='191' T='257' />
</Stroke>
<Stroke index = '3' >
<Point X='349' Y='0' T='38' />
<Point X='349' Y='0' T='48' />
<Point X='349' Y='1' T='61' />
<Point X='349' Y='2' T='82' />
<Point X='349' Y='4' T='92' />
<Point X='348' Y='7' T='101' />
<Point X='347' Y='12' T='112' />
<Point X='346' Y='17' T='123' />
<Point X='344' Y='22' T='139' />
<Point X='342' Y='29' T='148' />
<Point X='339' Y='37' T='160' />
<Point X='335' Y='45' T='171' />
<Point X='330' Y='57' T='180' />
<Point X='325' Y='67' T='195' />
<Point X='318' Y='83' T='207' />
<Point X='313' Y='97' T='214' />
<Point X='306' Y='115' T='237' />
<Point X='302' Y='133' T='246' />
</Stroke>

</Gesture>
