<?xml version='1.0' encoding='utf-8' standalone='yes'?>
<Gesture Name ='9_1_14' Subject = 'test'  Speed = 'MEDIUM' NumPts = '68' InputType='finger' >

<Stroke index = '5' >
<Point X='651' Y='217' T='0' />
<Point X='652' Y='217' T='26' />
<Point X='653' Y='218' T='38' />
<Point X='655' Y='221' T='47' />
<Point X='656' Y='224' T='60' />
<Point X='657' Y='228' T='69' />
<Point X='658' Y='235' T='83' />
<Point X='656' Y='244' T='95' />
<Point X='651' Y='253' T='104' />
<Point X='644' Y='265' T='116' />
<Point X='637' Y='274' T='127' />
<Point X='625' Y='289' T='145' />
<Point X='615' Y='300' T='152' />
<Point X='600' Y='318' T='165' />
</Stroke>
<Stroke index = '4' >
<Point X='551' Y='33' T='13' />
<Point X='551' Y='33' T='28' />
<Point X='551' Y='33' T='48' />
<Point X='552' Y='35' T='62' />
<Point X='553' Y='39' T='70' />
<Point X='554' Y='45' T='84' />
<Point X='554' Y='55' T='96' />
<Point X='553' Y='69' T='105' />
<Point X='550' Y='83' T='117' />
<Point X='546' Y='101' T='128' />
<Point X='542' Y='117' T='146' />
<Point X='539' Y='135' T='153' />
<Point X='536' Y='153' T='165' />
<Point X='534' Y='175' T='178' />
<Point X='512' Y='265' T='207' />
</Stroke>
<Stroke index = '3' >
<Point X='348' Y='0' T='34' />
<Point X='348' Y='0' T='49' />
<Point X='348' Y='0' T='63' />
<Point X='349' Y='2' T='72' />
<Point X='351' Y='7' T='86' />
<Point X='354' Y='13' T='97' />
<Point X='356' Y='22' T='106' />
<Point X='359' Y='33' T='118' />
<Point X='361' Y='44' T='129' />
<Point X='363' Y='57' T='148' />
<Point X='365' Y='71' T='154' />
<Point X='367' Y='87' T='166' />
<Point X='369' Y='105' T='179' />
<Point X='375' Y='181' T='211' />
</Stroke>
<Stroke index = '2' >
<Point X='161' Y='100' T='32' />
<Point X='161' Y='100' T='63' />
<Point X='162' Y='101' T='71' />
<Point X='164' Y='104' T='85' />
<Point X='168' Y='109' T='96' />
<Point X='173' Y='117' T='106' />
<Point X='177' Y='125' T='117' />
<Point X='183' Y='137' T='129' />
<Point X='189' Y='148' T='148' />
<Point X='197' Y='163' T='154' />
<Point X='205' Y='177' T='166' />
<Point X='215' Y='195' T='178' />
<Point X='243' Y='249' T='209' />
</Stroke>
<Stroke index = '1' >
<Point X='0' Y='566' T='36' />
<Point X='1' Y='566' T='72' />
<Point X='3' Y='567' T='86' />
<Point X='6' Y='569' T='97' />
<Point X='10' Y='571' T='108' />
<Point X='15' Y='573' T='119' />
<Point X='23' Y='575' T='129' />
<Point X='33' Y='575' T='149' />
<Point X='46' Y='574' T='156' />
<Point X='60' Y='571' T='167' />
<Point X='77' Y='567' T='179' />
<Point X='140' Y='552' T='212' />
</Stroke>

</Gesture>
