<?xml version='1.0' encoding='utf-8' standalone='yes'?>
<Gesture Name ='9_1_9' Subject = 'test'  Speed = 'MEDIUM' NumPts = '60' InputType='finger' >

<Stroke index = '2' >
<Point X='176' Y='102' T='0' />
<Point X='175' Y='101' T='14' />
<Point X='175' Y='101' T='24' />
<Point X='175' Y='100' T='33' />
<Point X='175' Y='101' T='48' />
<Point X='177' Y='103' T='62' />
<Point X='182' Y='111' T='73' />
<Point X='187' Y='123' T='86' />
<Point X='192' Y='136' T='103' />
<Point X='198' Y='153' T='114' />
<Point X='212' Y='189' T='128' />
<Point X='221' Y='211' T='143' />
<Point X='234' Y='235' T='157' />
</Stroke>
<Stroke index = '1' >
<Point X='0' Y='611' T='7' />
<Point X='0' Y='611' T='16' />
<Point X='2' Y='609' T='49' />
<Point X='10' Y='602' T='62' />
<Point X='22' Y='592' T='75' />
<Point X='37' Y='579' T='87' />
<Point X='59' Y='561' T='104' />
<Point X='86' Y='541' T='115' />
<Point X='169' Y='503' T='129' />
</Stroke>
<Stroke index = '3' >
<Point X='369' Y='1' T='12' />
<Point X='369' Y='1' T='16' />
<Point X='368' Y='0' T='25' />
<Point X='368' Y='1' T='49' />
<Point X='368' Y='7' T='63' />
<Point X='368' Y='19' T='77' />
<Point X='368' Y='32' T='89' />
<Point X='367' Y='49' T='105' />
<Point X='365' Y='66' T='116' />
<Point X='361' Y='107' T='130' />
<Point X='360' Y='133' T='147' />
<Point X='361' Y='165' T='159' />
<Point X='367' Y='251' T='174' />
<Point X='371' Y='355' T='198' />
</Stroke>
<Stroke index = '4' >
<Point X='575' Y='37' T='21' />
<Point X='575' Y='36' T='26' />
<Point X='575' Y='36' T='34' />
<Point X='573' Y='40' T='51' />
<Point X='570' Y='48' T='65' />
<Point X='565' Y='62' T='79' />
<Point X='559' Y='80' T='91' />
<Point X='552' Y='97' T='107' />
<Point X='543' Y='113' T='117' />
<Point X='525' Y='149' T='132' />
<Point X='516' Y='170' T='148' />
<Point X='507' Y='194' T='161' />
<Point X='490' Y='253' T='176' />
<Point X='478' Y='334' T='198' />
</Stroke>
<Stroke index = '5' >
<Point X='700' Y='217' T='19' />
<Point X='700' Y='217' T='34' />
<Point X='695' Y='219' T='50' />
<Point X='688' Y='224' T='64' />
<Point X='679' Y='230' T='77' />
<Point X='665' Y='238' T='90' />
<Point X='647' Y='250' T='106' />
<Point X='628' Y='260' T='116' />
<Point X='586' Y='288' T='131' />
<Point X='566' Y='309' T='147' />
</Stroke>

</Gesture>
