<?xml version='1.0' encoding='utf-8' standalone='yes'?>
<Gesture Name ='9_1_10' Subject = 'test'  Speed = 'MEDIUM' NumPts = '69' InputType='finger' >

<Stroke index = '2' >
<Point X='166' Y='101' T='22' />
<Point X='166' Y='101' T='54' />
<Point X='167' Y='103' T='67' />
<Point X='169' Y='110' T='77' />
<Point X='172' Y='119' T='90' />
<Point X='177' Y='134' T='98' />
<Point X='189' Y='166' T='121' />
<Point X='194' Y='185' T='131' />
<Point X='204' Y='207' T='148' />
<Point X='223' Y='262' T='160' />
<Point X='232' Y='294' T='178' />
</Stroke>
<Stroke index = '5' >
<Point X='653' Y='201' T='23' />
<Point X='653' Y='201' T='30' />
<Point X='652' Y='201' T='39' />
<Point X='650' Y='203' T='55' />
<Point X='646' Y='208' T='69' />
<Point X='638' Y='218' T='78' />
<Point X='630' Y='227' T='90' />
<Point X='616' Y='240' T='99' />
<Point X='583' Y='265' T='122' />
<Point X='566' Y='279' T='132' />
<Point X='548' Y='295' T='148' />
<Point X='523' Y='332' T='161' />
<Point X='515' Y='354' T='179' />
</Stroke>
<Stroke index = '3' >
<Point X='355' Y='1' T='12' />
<Point X='355' Y='1' T='19' />
<Point X='355' Y='0' T='28' />
<Point X='355' Y='0' T='39' />
<Point X='354' Y='1' T='53' />
<Point X='353' Y='9' T='65' />
<Point X='352' Y='21' T='75' />
<Point X='350' Y='37' T='88' />
<Point X='348' Y='55' T='98' />
<Point X='344' Y='99' T='120' />
<Point X='344' Y='124' T='130' />
<Point X='345' Y='151' T='147' />
<Point X='348' Y='211' T='160' />
<Point X='350' Y='246' T='177' />
<Point X='350' Y='283' T='184' />
</Stroke>
<Stroke index = '4' >
<Point X='554' Y='37' T='-11' />
<Point X='553' Y='37' T='17' />
<Point X='553' Y='37' T='26' />
<Point X='552' Y='38' T='36' />
<Point X='549' Y='41' T='51' />
<Point X='544' Y='53' T='62' />
<Point X='540' Y='67' T='73' />
<Point X='534' Y='83' T='86' />
<Point X='527' Y='101' T='95' />
<Point X='512' Y='142' T='118' />
<Point X='503' Y='163' T='128' />
<Point X='494' Y='186' T='145' />
<Point X='475' Y='234' T='158' />
<Point X='465' Y='263' T='174' />
<Point X='457' Y='294' T='182' />
</Stroke>
<Stroke index = '1' >
<Point X='2' Y='575' T='0' />
<Point X='1' Y='574' T='9' />
<Point X='1' Y='574' T='19' />
<Point X='0' Y='573' T='27' />
<Point X='0' Y='570' T='37' />
<Point X='0' Y='568' T='52' />
<Point X='3' Y='562' T='64' />
<Point X='15' Y='550' T='75' />
<Point X='37' Y='534' T='87' />
<Point X='63' Y='517' T='96' />
<Point X='135' Y='484' T='120' />
<Point X='176' Y='472' T='130' />
<Point X='211' Y='463' T='147' />
<Point X='267' Y='454' T='158' />
<Point X='290' Y='452' T='175' />
</Stroke>

</Gesture>
